entity_type,entity_id,episode_num,episode_title,supporter_id,user_id,npub,name,username,ids,firstseen,lastseen,updated,btc_d7_total,btc_d7_boosts,btc_d7_streams,btc_d7_zaps,btc_d7_purchases,btc_d7_subscriptions,btc_d30_total,btc_d30_boosts,btc_d30_streams,btc_d30_zaps,btc_d30_purchases,btc_d30_subscriptions,btc_m3_total,btc_m3_boosts,btc_m3_streams,btc_m3_zaps,btc_m3_purchases,btc_m3_subscriptions,btc_alltime_total,btc_alltime_boosts,btc_alltime_streams,btc_alltime_zaps,btc_alltime_purchases,btc_alltime_subscriptions,usd_d7_total,usd_d7_boosts,usd_d7_streams,usd_d7_zaps,usd_d7_purchases,usd_d7_subscriptions,usd_d30_total,usd_d30_boosts,usd_d30_streams,usd_d30_zaps,usd_d30_purchases,usd_d30_subscriptions,usd_m3_total,usd_m3_boosts,usd_m3_streams,usd_m3_zaps,usd_m3_purchases,usd_m3_subscriptions,usd_alltime_total,usd_alltime_boosts,usd_alltime_streams,usd_alltime_zaps,usd_alltime_purchases,usd_alltime_subscriptions
EPISODE,9bujoMt5jRPVOwtIZmop,006,Grassroots Recap: Philly Suburbs & Bitcoin Park Nashville | Ep. 006,1QV35qKH6RCccCZR9Ua2,8Zso0hGJY6bYEzVz7HZXppOqphY2,npub1z3h8afkwknffxyspvjde77sj6euy66rtyul7qlkl7f2ygktxdqasnn760f,Matthew D,,fountain:1vfyk3yjU8M0Eq9oxl72;npub:npub1z3h8afkwknffxyspvjde77sj6euy66rtyul7qlkl7f2ygktxdqasnn760f,2026-04-09T11:08:23.954Z,2026-04-09T11:08:25.807Z,2026-04-30T00:02:44.681Z,0,0,0,0,0,0,10000,10000,0,0,0,0,10000,10000,0,0,0,0,10000,10000,0,0,0,0,0,0,0,0,0,0,7.13145,7.13145,0,0,0,0,7.131457000000001,7.131457000000001,0,0,0,0,7.131453070000001,7.131453070000001,0,0,0,0
EPISODE,9bujoMt5jRPVOwtIZmop,006,Grassroots Recap: Philly Suburbs & Bitcoin Park Nashville | Ep. 006,d4Kx9igs1y3OdNx39Web,DVH3MFa1b1PWL8ywR43fbemKVn73,npub1marc26z8nh3xkj5rcx7ufkatvx6ueqhp5vfw9v5teq26z254renshtf3g0,,,fountain:8TZE1p1GQzUHncVifvJR;npub:npub1marc26z8nh3xkj5rcx7ufkatvx6ueqhp5vfw9v5teq26z254renshtf3g0,2026-04-12T13:05:13.926Z,2026-04-12T13:05:15.952Z,2026-04-30T00:03:14.783Z,0,0,0,0,0,0,0,0,0,0,0,0,5000,5000,0,0,0,0,5000,5000,0,0,0,0,0,0,0,0,0,0,0,0,0,0,0,0,3.549245,3.549245,0,0,0,0,3.549245,3.549245,0,0,0,0
EPISODE,9bujoMt5jRPVOwtIZmop,006,Grassroots Recap: Philly Suburbs & Bitcoin Park Nashville | Ep. 006,XrBCzIDjwbybxZRSmqXk,HbEZH8TzhNRJatbrCZTf8ABGzNa2,npub15604np6ccsk7ugph4nrg7kyq7kpme9lmcn4l0q2xk4yd5d6puu2s00dr0u,godsdeth (dr4kdr0u),,fountain:9gPYvkzzyRCfpJv4YXFG;npub:npub15604np6ccsk7ugph4nrg7kyq7kpme9lmcn4l0q2xk4yd5d6puu2s00dr0u,2026-04-08T19:08:04.165Z,2026-04-08T19:08:14.404Z,2026-04-30T00:02:41.481Z,0,0,0,0,0,0,1237,1237,0,0,0,0,1237,1237,0,0,0,0,1237,1237,0,0,0,0,0,0,0,0,0,0,0.87915,0.87915,0,0,0,0,0.8791532179999999,0.8791532179999999,0,0,0,0,0.879150534,0.879150534,0,0,0,0
EPISODE,9bujoMt5jRPVOwtIZmop,006,Grassroots Recap: Philly Suburbs & Bitcoin Park Nashville | Ep. 006,fi4ucR2JyFZ9BBmI7fMK,k6dGIt9k2hRnm73z7BCUVVBQwtz1,npub15ymzglvv4alrp06q85eqqmawegxf688v0gtqwhjpgtp0a4k2mesqshkwwx,shadrach@fountain.fm,shadrach,fountain:QHTmd73FmJgg0Id3Qd5S;npub:npub15ymzglvv4alrp06q85eqqmawegxf688v0gtqwhjpgtp0a4k2mesqshkwwx,2026-05-07T00:17:44.014Z,2026-05-07T00:18:54.517Z,2026-05-14T00:00:25.084Z,0,0,0,0,0,0,648,648,0,0,0,0,648,648,0,0,0,0,648,648,0,0,0,0,0,0,0,0,0,0,0.52748,0.52748,0,0,0,0,0.5274733608,0.5274733608,0,0,0,0,0.5274751361,0.5274751361,0,0,0,0
EPISODE,9bujoMt5jRPVOwtIZmop,006,Grassroots Recap: Philly Suburbs & Bitcoin Park Nashville | Ep. 006,Se0xkFNLrNnx7G6TYNox,pfv8tjTV8ZPmtISX0QulmsyVXRK2,npub1yanyn2d7862md22tl9qrufgt2l8thn0ejdxklec5mpasjveagpxs7qsnkl,pookspalace@fountain.fm,pookspalace,fountain:MY1UmVac0xtKDRwKoikm;npub:npub1yanyn2d7862md22tl9qrufgt2l8thn0ejdxklec5mpasjveagpxs7qsnkl,2026-04-27T12:49:43.779Z,2026-04-27T12:49:49.334Z,2026-04-30T00:01:09.880Z,500,500,0,0,0,0,500,500,0,0,0,0,500,500,0,0,0,0,500,500,0,0,0,0,0.38867,0.38867,0,0,0,0,0.38867,0.38867,0,0,0,0,0.38865745,0.38865745,0,0,0,0,0.3886604915,0.3886604915,0,0,0,0
EPISODE,9bujoMt5jRPVOwtIZmop,006,Grassroots Recap: Philly Suburbs & Bitcoin Park Nashville | Ep. 006,Zy0IIcmisudvsWqK2Oit,mPCQb8yenNZ4nSlGGrdB0xrcWXI2,npub1f5pre6wl6ad87vr4hr5wppqq30sh58m4p33mthnjreh03qadcajs7gwt3z,rev.hodl,,fountain:6VdBYcJpq6oeu326P7IS;npub:npub1f5pre6wl6ad87vr4hr5wppqq30sh58m4p33mthnjreh03qadcajs7gwt3z,2026-04-19T18:02:48.868Z,2026-04-19T18:02:54.498Z,2026-04-30T00:04:23.480Z,0,0,0,0,0,0,220,220,0,0,0,0,220,220,0,0,0,0,220,220,0,0,0,0,0,0,0,0,0,0,0.16459,0.16459,0,0,0,0,0.164589854,0.164589854,0,0,0,0,0.16458731120000003,0.16458731120000003,0,0,0,0
EPISODE,9bujoMt5jRPVOwtIZmop,006,Grassroots Recap: Philly Suburbs & Bitcoin Park Nashville | Ep. 006,vke3A5MMtN17F6qmhDIR,tQyTbxhnzWSjLzuh7OTOS3pQ3bM2,npub15rp8pt5u4r8m5yavdceuzsr8zcah0jtwwpfu2nmp22ss3yjawn3qhtdruw,Pyrohawk,,fountain:fCuRlcuK2Z6tfc8y7ueW;npub:npub15rp8pt5u4r8m5yavdceuzsr8zcah0jtwwpfu2nmp22ss3yjawn3qhtdruw,2026-04-11T03:00:28.944Z,2026-05-12T21:52:48.742Z,2026-05-19T00:00:48.282Z,0,0,0,0,0,0,0,0,0,0,0,0,100,100,0,0,0,0,100,100,0,0,0,0,0,0,0,0,0,0,0,0,0,0,0,0,0.07298695000000001,0.07298695000000001,0,0,0,0,0.07298721100000001,0.07298721100000001,0,0,0,0
EPISODE,9bujoMt5jRPVOwtIZmop,006,Grassroots Recap: Philly Suburbs & Bitcoin Park Nashville | Ep. 006,HIPPqG3nAhgu9kJSbLxm,6BwQmhaZzOhFzQIb4NT1v96qPbA3,npub1jxh2kga4ve8d4ftahcqtqswvk5z5f7ya0k2kx3dm679hmw4ysesqvt62rj,,,fountain:7yFU6TDVQCUATGqYb4xT;npub:npub1jxh2kga4ve8d4ftahcqtqswvk5z5f7ya0k2kx3dm679hmw4ysesqvt62rj,2026-04-09T14:06:38.986Z,2026-04-09T14:06:40.775Z,2026-04-30T00:02:45.481Z,0,0,0,0,0,0,100,100,0,0,0,0,100,100,0,0,0,0,100,100,0,0,0,0,0,0,0,0,0,0,0.0708,0.0708,0,0,0,0,0.07080405000000001,0.07080405000000001,0,0,0,0,0.07080006550000001,0.07080006550000001,0,0,0,0
EPISODE,ALmlcUO8Jz2GtvYSbqBZ,005,"Local Bitcoiners • The Meetup Is the Farmer's Market: Kansas City, MO | Ep. 005",lBWzUoFf2i8yWGMUH2hh,,npub1ljswqt5rr5hpd3ee86n4qp9uvqafk233wlsvndxu7sxg8q889fxse79q6n,"BITCOIN is for EVERYONE (May 22-23, 2026)",,npub:npub1ljswqt5rr5hpd3ee86n4qp9uvqafk233wlsvndxu7sxg8q889fxse79q6n,2026-04-07T17:35:44.090Z,2026-04-07T17:45:50.236Z,2026-04-30T00:02:37.610Z,0,0,0,0,0,0,23030,23030,0,0,0,0,23030,23030,0,0,0,0,23030,23030,0,0,0,0,0,0,0,0,0,0,15.79605,15.79605,0,0,0,0,15.796057999999999,15.796057999999999,0,0,0,0,15.796057,15.796057,0,0,0,0
EPISODE,ALmlcUO8Jz2GtvYSbqBZ,005,"Local Bitcoiners • The Meetup Is the Farmer's Market: Kansas City, MO | Ep. 005",6NuDyd6TI11m16TKKPc9,apaVhvQDPMOSW9IvmhBnti03xns2,npub1x57njsdpz92cudukgmx9s5r0asfjas7g2w5tdvear25hm6uy970qjddxuw,WeAllEat,,fountain:yEHTC2V60uEuUrQPQqbq;npub:npub1x57njsdpz92cudukgmx9s5r0asfjas7g2w5tdvear25hm6uy970qjddxuw,2026-04-06T14:41:49.016Z,2026-04-06T17:21:59.992Z,2026-04-30T00:02:32.883Z,0,0,0,0,0,0,15732,10020,5712,0,0,0,15732,10020,5712,0,0,0,15732,10020,5712,0,0,0,0,0,0,0,0,0,10.95033,6.96506,3.98527,0,0,0,10.950040140900017,6.965056307999999,3.9849838329000002,0,0,0,10.950044565900017,6.965056307999999,3.9849882579000004,0,0,0
EPISODE,ALmlcUO8Jz2GtvYSbqBZ,005,"Local Bitcoiners • The Meetup Is the Farmer's Market: Kansas City, MO | Ep. 005",2IHiWMApru64adQDyXOY,LpT5bOLeFocnUcK46y0v6SOTJca2,npub1a6hvdlk99q83hsw8cgzdjww8m7xnxx9yg77mfmm60n45fed6kdgsaprzvp,KT,,fountain:OSAxX4OlbIfagpT84oB9;npub:npub1a6hvdlk99q83hsw8cgzdjww8m7xnxx9yg77mfmm60n45fed6kdgsaprzvp,2026-04-08T21:02:33.976Z,2026-04-08T21:02:35.851Z,2026-04-30T00:02:41.893Z,0,0,0,0,0,0,7000,7000,0,0,0,0,7000,7000,0,0,0,0,7000,7000,0,0,0,0,0,0,0,0,0,0,4.99618,4.99618,0,0,0,0,4.9961918999999995,4.9961918999999995,0,0,0,0,4.996187869,4.996187869,0,0,0,0
EPISODE,ALmlcUO8Jz2GtvYSbqBZ,005,"Local Bitcoiners • The Meetup Is the Farmer's Market: Kansas City, MO | Ep. 005",TPpaaD0G3uoQeOhtKcjE,8Zso0hGJY6bYEzVz7HZXppOqphY2,npub1z3h8afkwknffxyspvjde77sj6euy66rtyul7qlkl7f2ygktxdqasnn760f,Matthew D,,fountain:1vfyk3yjU8M0Eq9oxl72;npub:npub1z3h8afkwknffxyspvjde77sj6euy66rtyul7qlkl7f2ygktxdqasnn760f,2026-03-26T09:20:48.841Z,2026-03-26T09:20:53.760Z,2026-04-25T00:01:35.688Z,0,0,0,0,0,0,0,0,0,0,0,0,5000,5000,0,0,0,0,5000,5000,0,0,0,0,0,0,0,0,0,0,0,0,0,0,0,0,3.4932885,3.4932885,0,0,0,0,3.49329273,3.49329273,0,0,0,0
EPISODE,ALmlcUO8Jz2GtvYSbqBZ,005,"Local Bitcoiners • The Meetup Is the Farmer's Market: Kansas City, MO | Ep. 005",3JY7kefhIZXEZeBntedU,PAd9W5NIMjOa1jOgT8oKzs8NWT23,npub1vpx9596duxdsmx4kwksycm2u4qy0gr6mzg289m52q96gdy97s9zsnkjspj,Otis Bitmeyer,,fountain:2AhPgdSfDXdIOrzayv7v;npub:npub1vpx9596duxdsmx4kwksycm2u4qy0gr6mzg289m52q96gdy97s9zsnkjspj,2026-04-06T14:12:14.055Z,2026-04-06T14:12:18.883Z,2026-04-30T00:02:32.288Z,0,0,0,0,0,0,4269,4269,0,0,0,0,4269,4269,0,0,0,0,4269,4269,0,0,0,0,0,0,0,0,0,0,2.95526,2.95526,0,0,0,0,2.9552553786,2.9552553786,0,0,0,0,2.9552533296,2.9552533296,0,0,0,0
EPISODE,ALmlcUO8Jz2GtvYSbqBZ,005,"Local Bitcoiners • The Meetup Is the Farmer's Market: Kansas City, MO | Ep. 005",IlwQo4O9zyV0Rbzuebig,mqZL3VhQ7eNt1ocETIPJSehIZxL2,npub1tan2cwtf8s7zxvck79qllzaa7smy03y9ftd50gk6jnag2htnslssyfhjmr,,,fountain:Geb32d76J4nqhSzw4D88;npub:npub1tan2cwtf8s7zxvck79qllzaa7smy03y9ftd50gk6jnag2htnslssyfhjmr,2026-03-26T23:07:54.191Z,2026-04-07T02:18:30.106Z,2026-04-30T00:02:34.285Z,0,0,0,0,0,0,2000,2000,0,0,0,0,3000,3000,0,0,0,0,3000,3000,0,0,0,0,0,0,0,0,0,0,1.36853,1.36853,0,0,0,0,2.0574809,2.0574809,0,0,0,0,2.0574818539999997,2.0574818539999997,0,0,0,0
EPISODE,ALmlcUO8Jz2GtvYSbqBZ,005,"Local Bitcoiners • The Meetup Is the Farmer's Market: Kansas City, MO | Ep. 005",8eJMBMjq9mD0MqUNpNTS,2Q6XnfNMBlg3t9ZzpwZOiYgCP1r2,npub1a3um269aaf3u5cy37kuykrrrnsg2pyv7za06pxjduv25lq5sdujs2qmdj6,chiefmonkey@fountain.fm,chiefmonkey,fountain:sAkTuYV7FaIGLjuSVykK;npub:npub1a3um269aaf3u5cy37kuykrrrnsg2pyv7za06pxjduv25lq5sdujs2qmdj6,2026-05-06T16:57:23.862Z,2026-05-20T14:55:05.726Z,2026-06-19T00:01:02.992Z,0,0,0,0,0,0,0,0,0,0,0,0,1277,0,1277,0,0,0,1277,0,1277,0,0,0,0,0,0,0,0,0,0,0,0,0,0,0,0.9984374924000005,0,0.9984374924000005,0,0,0,0.9984394172000004,0,0.9984394172000004,0,0,0
EPISODE,ALmlcUO8Jz2GtvYSbqBZ,005,"Local Bitcoiners • The Meetup Is the Farmer's Market: Kansas City, MO | Ep. 005",8SK6A3dF5npbJYJfZpKY,,npub138lktp328xjqvs45zysswzjxu4gxj58uypmlt486nxhek3dry8vsf3zeru,Jordi Llonch Esteve,,npub:npub138lktp328xjqvs45zysswzjxu4gxj58uypmlt486nxhek3dry8vsf3zeru,2026-04-06T14:15:04.697Z,2026-04-06T19:50:44.677Z,2026-04-30T00:02:33.581Z,0,0,0,0,0,0,1210,1210,0,0,0,0,1210,1210,0,0,0,0,1210,1210,0,0,0,0,0,0,0,0,0,0,0.84261,0.84261,0,0,0,0,0.8425989999999999,0.8425989999999999,0,0,0,0,0.8426019999999999,0.8426019999999999,0,0,0,0
EPISODE,ALmlcUO8Jz2GtvYSbqBZ,005,"Local Bitcoiners • The Meetup Is the Farmer's Market: Kansas City, MO | Ep. 005",YIiHsdNjGcAm26jRPaCY,0m89TaAemjVpT8MmRkS0wamV4t43,npub1zcl7nn05sj6whseudcp84pc5mne7qs3vjvpml0ed46a6ztwyyx9qgpyt2h,jimsiefert,,fountain:bIm5cIpZZIvakU7l94QS;npub:npub1zcl7nn05sj6whseudcp84pc5mne7qs3vjvpml0ed46a6ztwyyx9qgpyt2h,2026-04-06T14:22:18.885Z,2026-04-06T14:22:20.681Z,2026-04-30T00:02:32.486Z,0,0,0,0,0,0,1033,1033,0,0,0,0,1033,1033,0,0,0,0,1033,1033,0,0,0,0,0,0,0,0,0,0,0.71787,0.71787,0,0,0,0,0.7178703342000001,0.7178703342000001,0,0,0,0,0.7178720098,0.7178720098,0,0,0,0
EPISODE,ALmlcUO8Jz2GtvYSbqBZ,005,"Local Bitcoiners • The Meetup Is the Farmer's Market: Kansas City, MO | Ep. 005",Uac5xLwPbrncEfB5NGc1,cOMbBgsOjphvkw0MqUlIaSksCHv1,npub1phvflpwfkevj50jlvaw5lerl7avynpwt5tl9kpmt07kwmnsw04vqe9n97v,Boomer,,fountain:7tv5mf8CjBxZ7HNaaWYZ;npub:npub1phvflpwfkevj50jlvaw5lerl7avynpwt5tl9kpmt07kwmnsw04vqe9n97v,2026-03-26T11:46:38.927Z,2026-03-26T11:46:40.047Z,2026-04-25T00:01:36.078Z,0,0,0,0,0,0,0,0,0,0,0,0,1000,1000,0,0,0,0,1000,1000,0,0,0,0,0,0,0,0,0,0,0,0,0,0,0,0,0.6936677,0.6936677,0,0,0,0,0.693664346,0.693664346,0,0,0,0
EPISODE,ALmlcUO8Jz2GtvYSbqBZ,005,"Local Bitcoiners • The Meetup Is the Farmer's Market: Kansas City, MO | Ep. 005",IqFtSpziVb7IVNXvLQCE,mPCQb8yenNZ4nSlGGrdB0xrcWXI2,npub1f5pre6wl6ad87vr4hr5wppqq30sh58m4p33mthnjreh03qadcajs7gwt3z,rev.hodl,,fountain:6VdBYcJpq6oeu326P7IS;npub:npub1f5pre6wl6ad87vr4hr5wppqq30sh58m4p33mthnjreh03qadcajs7gwt3z,2026-04-07T14:22:29.069Z,2026-04-07T14:22:30.991Z,2026-04-30T00:02:36.486Z,0,0,0,0,0,0,0,0,0,0,0,0,720,720,0,0,0,0,720,720,0,0,0,0,0,0,0,0,0,0,0,0,0,0,0,0,0.48894899999999997,0.48894899999999997,0,0,0,0,0.48894799999999994,0.48894799999999994,0,0,0,0
EPISODE,ALmlcUO8Jz2GtvYSbqBZ,005,"Local Bitcoiners • The Meetup Is the Farmer's Market: Kansas City, MO | Ep. 005",uOIkgghEUTbp2C9boRzC,RUoGkVgmPtTT5hDt1yuHS9UjOU82,npub10gudflxfrvk6dzm3gwr8vwllnatsw2anlkuzjl6mw77a4hgj9aaqjagxvq,william_the_french,,fountain:t8MSXS85BqukhsDelCrD;npub:npub10gudflxfrvk6dzm3gwr8vwllnatsw2anlkuzjl6mw77a4hgj9aaqjagxvq;npub:npub15rnr0y725evntjc8whryzfgqptts5tezthq28arpea6q20tdm5gq62z5dt,2026-04-21T15:27:53.873Z,2026-04-21T15:27:56.282Z,2026-04-30T00:04:40.782Z,0,0,0,0,0,0,500,500,0,0,0,0,500,500,0,0,0,0,500,500,0,0,0,0,0,0,0,0,0,0,0.37834,0.37834,0,0,0,0,0.37833345,0.37833345,0,0,0,0,0.3783334115,0.3783334115,0,0,0,0
EPISODE,ALmlcUO8Jz2GtvYSbqBZ,005,"Local Bitcoiners • The Meetup Is the Farmer's Market: Kansas City, MO | Ep. 005",h21xD2ko6EyHBYSt9KhV,k6dGIt9k2hRnm73z7BCUVVBQwtz1,npub15ymzglvv4alrp06q85eqqmawegxf688v0gtqwhjpgtp0a4k2mesqshkwwx,,,fountain:QHTmd73FmJgg0Id3Qd5S;npub:npub15ymzglvv4alrp06q85eqqmawegxf688v0gtqwhjpgtp0a4k2mesqshkwwx,2026-04-06T14:10:26.482Z,2026-04-06T14:10:29.009Z,2026-04-30T00:02:32.489Z,0,0,0,0,0,0,322,322,0,0,0,0,322,322,0,0,0,0,322,322,0,0,0,0,0,0,0,0,0,0,0.22289,0.22289,0,0,0,0,0.22288656459999998,0.22288656459999998,0,0,0,0,0.22288986519999998,0.22288986519999998,0,0,0,0
EPISODE,ALmlcUO8Jz2GtvYSbqBZ,005,"Local Bitcoiners • The Meetup Is the Farmer's Market: Kansas City, MO | Ep. 005",z134BDWJDXL3weTk0Cu6,Lj0EjzOLnZOf7nNR9OxSwjcAGgO2,npub1cmwm5hhrm3jp4fd3hz9lakz7eejxz5aan4vcsekyzgk7lwwppfesksfaad,Cody,,fountain:dPSrC4Xdb5MuJCwsz4oU;npub:npub1cmwm5hhrm3jp4fd3hz9lakz7eejxz5aan4vcsekyzgk7lwwppfesksfaad,2026-03-31T13:56:13.942Z,2026-03-31T15:20:39.463Z,2026-04-30T00:01:55.379Z,0,0,0,0,0,0,0,0,0,0,0,0,242,0,242,0,0,0,242,0,242,0,0,0,0,0,0,0,0,0,0,0,0,0,0,0,0.16320625749999995,0,0.16320625749999995,0,0,0,0.16321106149999995,0,0.16321106149999995,0,0,0
EPISODE,ALmlcUO8Jz2GtvYSbqBZ,005,"Local Bitcoiners • The Meetup Is the Farmer's Market: Kansas City, MO | Ep. 005",lmm1buabpIk1ChvXDCwK,HbEZH8TzhNRJatbrCZTf8ABGzNa2,npub15604np6ccsk7ugph4nrg7kyq7kpme9lmcn4l0q2xk4yd5d6puu2s00dr0u,godsdeth (dr4kdr0u),,fountain:9gPYvkzzyRCfpJv4YXFG;npub:npub15604np6ccsk7ugph4nrg7kyq7kpme9lmcn4l0q2xk4yd5d6puu2s00dr0u,2026-03-27T16:14:19.205Z,2026-03-27T16:14:20.398Z,2026-04-25T00:01:40.283Z,0,0,0,0,0,0,237,237,0,0,0,0,237,237,0,0,0,0,237,237,0,0,0,0,0,0,0,0,0,0,0.15618,0.15618,0,0,0,0,0.15618245490000002,0.15618245490000002,0,0,0,0,0.1561774664,0.1561774664,0,0,0,0
EPISODE,ALmlcUO8Jz2GtvYSbqBZ,005,"Local Bitcoiners • The Meetup Is the Farmer's Market: Kansas City, MO | Ep. 005",qHZIXH9muXM0Nnx0p7oT,6BwQmhaZzOhFzQIb4NT1v96qPbA3,npub1jxh2kga4ve8d4ftahcqtqswvk5z5f7ya0k2kx3dm679hmw4ysesqvt62rj,NostrGang@fountain.fm,NostrGang,fountain:7yFU6TDVQCUATGqYb4xT;npub:npub1jxh2kga4ve8d4ftahcqtqswvk5z5f7ya0k2kx3dm679hmw4ysesqvt62rj,2026-07-13T12:25:33.990Z,2026-07-13T12:25:38.910Z,2026-07-14T00:00:57.394Z,100,100,0,0,0,0,100,100,0,0,0,0,100,100,0,0,0,0,100,100,0,0,0,0,0.06272,0.06272,0,0,0,0,0.06272,0.06272,0,0,0,0,0.06271359,0.06271359,0,0,0,0,0.0627181053,0.0627181053,0,0,0,0
EPISODE,ALmlcUO8Jz2GtvYSbqBZ,005,"Local Bitcoiners • The Meetup Is the Farmer's Market: Kansas City, MO | Ep. 005",Nc04mwfJqwEDWqFNLApQ,YZRMChO9WbYBkMzwkTJzNSXLj0y1,npub1uu05m8nl7hcns53g7tpzqalnncnpzx9vf70435s46ykfjtlrwmmqk47qum,PoWplease,,fountain:0FhKx1GuleuK6kng9qgM;npub:npub1uu05m8nl7hcns53g7tpzqalnncnpzx9vf70435s46ykfjtlrwmmqk47qum,2026-04-08T20:30:28.840Z,2026-04-08T20:30:30.760Z,2026-04-30T00:02:41.884Z,0,0,0,0,0,0,0,0,0,0,0,0,100,100,0,0,0,0,100,100,0,0,0,0,0,0,0,0,0,0,0,0,0,0,0,0,0.071449,0.071449,0,0,0,0,0.071449,0.071449,0,0,0,0
EPISODE,D1Z2oJExWQIqEmrg95TL,007,"How Meetups can Benefit from V4V, Nostr and Valuechains | Ep. 007",Qmm6C8scOmoAoN3AOjfq,ZDYvUjV8TWeRF0DxnSSYxQ4If5g2,npub15glanrx7rprvc8w2uyl3rr0wqcpy82ry94g4fhkhwlg5gy8t9j4s57pasy,LateStageHODL,,fountain:5G263ZgtMmD9UE9OIPEy;npub:npub15glanrx7rprvc8w2uyl3rr0wqcpy82ry94g4fhkhwlg5gy8t9j4s57pasy,2026-04-16T21:58:13.861Z,2026-05-12T21:59:14.483Z,2026-05-19T00:00:48.184Z,0,0,0,0,0,0,0,0,0,0,0,0,6006,6006,0,0,0,0,6006,6006,0,0,0,0,0,0,0,0,0,0,0,0,0,0,0,0,4.5037024032,4.5037024032,0,0,0,0,4.5036983392,4.5036983392,0,0,0,0
EPISODE,D1Z2oJExWQIqEmrg95TL,007,"How Meetups can Benefit from V4V, Nostr and Valuechains | Ep. 007",VW0sCqKYcrFGc2AikekR,VG78QtXuevPiJdIj5ZCyVqRX6c53,npub1mc909r6rtu2kfmzfy9u5vzy60jlhgqgzty0jqlz0qhkdraxcypcqduvk2m,Logues,,fountain:rncGzbsVVjleYJ3aIgd8;npub:npub1mc909r6rtu2kfmzfy9u5vzy60jlhgqgzty0jqlz0qhkdraxcypcqduvk2m,2026-04-16T17:56:18.843Z,2026-05-12T22:02:02.786Z,2026-05-19T00:00:47.977Z,0,0,0,0,0,0,0,0,0,0,0,0,6000,6000,0,0,0,0,6000,6000,0,0,0,0,0,0,0,0,0,0,0,0,0,0,0,0,4.458031,4.458031,0,0,0,0,4.458029,4.458029,0,0,0,0
EPISODE,D1Z2oJExWQIqEmrg95TL,007,"How Meetups can Benefit from V4V, Nostr and Valuechains | Ep. 007",RZrSdFKFkZe1fQW11bwx,8Zso0hGJY6bYEzVz7HZXppOqphY2,npub1z3h8afkwknffxyspvjde77sj6euy66rtyul7qlkl7f2ygktxdqasnn760f,Matthew D,,fountain:1vfyk3yjU8M0Eq9oxl72;npub:npub1z3h8afkwknffxyspvjde77sj6euy66rtyul7qlkl7f2ygktxdqasnn760f,2026-04-18T07:48:48.873Z,2026-04-18T07:48:50.668Z,2026-04-30T00:04:17.087Z,0,0,0,0,0,0,5000,5000,0,0,0,0,5000,5000,0,0,0,0,5000,5000,0,0,0,0,0,0,0,0,0,0,3.85139,3.85139,0,0,0,0,3.8513800000000002,3.8513800000000002,0,0,0,0,3.8513824000000003,3.8513824000000003,0,0,0,0
EPISODE,D1Z2oJExWQIqEmrg95TL,007,"How Meetups can Benefit from V4V, Nostr and Valuechains | Ep. 007",Ao6jNeUz6a0kz7R7lRBZ,,,Anonymous,,uuid:03564c31-d019-4dc3-98e9-a2a3740013e3,2026-04-15T20:33:35.140Z,2026-04-15T20:33:35.211Z,2026-04-30T00:03:48.680Z,0,0,0,0,0,0,4900,4900,0,0,0,0,4900,4900,0,0,0,0,4900,4900,0,0,0,0,0,0,0,0,0,0,3.67056,3.67056,0,0,0,0,3.670558,3.670558,0,0,0,0,3.67056,3.67056,0,0,0,0
EPISODE,D1Z2oJExWQIqEmrg95TL,007,"How Meetups can Benefit from V4V, Nostr and Valuechains | Ep. 007",8UrGCRMWZYWHgBzmm7NS,,,Anonymous,,uuid:740e8896-a5af-499c-9597-26f1abb2f207,2026-04-15T20:33:28.868Z,2026-04-15T20:33:28.931Z,2026-04-30T00:03:49.081Z,0,0,0,0,0,0,4900,4900,0,0,0,0,4900,4900,0,0,0,0,4900,4900,0,0,0,0,0,0,0,0,0,0,3.67056,3.67056,0,0,0,0,3.670558,3.670558,0,0,0,0,3.67056,3.67056,0,0,0,0
EPISODE,D1Z2oJExWQIqEmrg95TL,007,"How Meetups can Benefit from V4V, Nostr and Valuechains | Ep. 007",bqrgYmhZWPlsey7Tuqbq,iNOsu5YCLobboP0b7h9R6TgXfU12,npub1xgyjasdztryl9sg6nfdm2wcj0j3qjs03sq7a0an32pg0lr5l6yaqxhgu7s,Reed,,fountain:BpA9eMhqose45sa3mtJ8;npub:npub1xgyjasdztryl9sg6nfdm2wcj0j3qjs03sq7a0an32pg0lr5l6yaqxhgu7s,2026-04-15T23:50:19.018Z,2026-04-20T20:46:04.540Z,2026-04-30T00:04:29.183Z,0,0,0,0,0,0,0,0,0,0,0,0,4200,4200,0,0,0,0,4200,4200,0,0,0,0,0,0,0,0,0,0,0,0,0,0,0,0,3.171658,3.171658,0,0,0,0,3.171662,3.171662,0,0,0,0
EPISODE,D1Z2oJExWQIqEmrg95TL,007,"How Meetups can Benefit from V4V, Nostr and Valuechains | Ep. 007",sql4O5RYCYgQojqRiT2F,LpT5bOLeFocnUcK46y0v6SOTJca2,npub1a6hvdlk99q83hsw8cgzdjww8m7xnxx9yg77mfmm60n45fed6kdgsaprzvp,KT,,fountain:OSAxX4OlbIfagpT84oB9;npub:npub1a6hvdlk99q83hsw8cgzdjww8m7xnxx9yg77mfmm60n45fed6kdgsaprzvp,2026-04-22T15:58:04.026Z,2026-04-22T15:58:06.484Z,2026-04-30T00:04:46.691Z,0,0,0,0,0,0,3000,3000,0,0,0,0,3000,3000,0,0,0,0,3000,3000,0,0,0,0,0,0,0,0,0,0,2.38264,2.38264,0,0,0,0,2.3826435,2.3826435,0,0,0,0,2.382641145,2.382641145,0,0,0,0
EPISODE,D1Z2oJExWQIqEmrg95TL,007,"How Meetups can Benefit from V4V, Nostr and Valuechains | Ep. 007",3SypqI9uES8J3r3uiFUJ,Nmi074pMyMPwK6m2Ip7HOlmt0jj1,npub1gdl92pgwnxjts7sa4q00kplegugav5a2an5s5pju7hkupmkqce4q0wfzsx,,,fountain:SDsQ1gMR0omZYEziVJnZ;npub:npub1gdl92pgwnxjts7sa4q00kplegugav5a2an5s5pju7hkupmkqce4q0wfzsx,2026-04-25T14:37:13.987Z,2026-04-26T00:50:23.769Z,2026-04-30T00:01:02.582Z,1428,0,1428,0,0,0,1428,0,1428,0,0,0,1428,0,1428,0,0,0,1428,0,1428,0,0,0,1.11008,0,1.11008,0,0,0,1.11008,0,1.11008,0,0,0,1.1099254644000007,0,1.1099254644000007,0,0,0,1.1099299058000007,0,1.1099299058000007,0,0,0
EPISODE,D1Z2oJExWQIqEmrg95TL,007,"How Meetups can Benefit from V4V, Nostr and Valuechains | Ep. 007",HmKAh2EWz5NC3YX6tmEq,RUoGkVgmPtTT5hDt1yuHS9UjOU82,npub10gudflxfrvk6dzm3gwr8vwllnatsw2anlkuzjl6mw77a4hgj9aaqjagxvq,william_the_french,,fountain:t8MSXS85BqukhsDelCrD;npub:npub10gudflxfrvk6dzm3gwr8vwllnatsw2anlkuzjl6mw77a4hgj9aaqjagxvq;npub:npub15rnr0y725evntjc8whryzfgqptts5tezthq28arpea6q20tdm5gq62z5dt,2026-04-15T20:39:03.946Z,2026-05-12T21:34:54.894Z,2026-05-19T00:00:46.379Z,0,0,0,0,0,0,0,0,0,0,0,0,1255,1255,0,0,0,0,1255,1255,0,0,0,0,0,0,0,0,0,0,0,0,0,0,0,0,0.939147664,0.939147664,0,0,0,0,0.939151791,0.939151791,0,0,0,0
EPISODE,D1Z2oJExWQIqEmrg95TL,007,"How Meetups can Benefit from V4V, Nostr and Valuechains | Ep. 007",6aNShY2E4H1WqtC99iGb,351oDRNW4sPJ7HT9KgbUcxNIdjo2,npub1zqdpzty2mshxncqqxy2078qax6mlehsxmpx5095wtxw4tpepkr0s2ce6fj,Permanerd 🌱 💻,,fountain:9CtlNkiXZnDOAj5UT8Px;npub:npub1zqdpzty2mshxncqqxy2078qax6mlehsxmpx5095wtxw4tpepkr0s2ce6fj,2026-04-22T17:00:48.914Z,2026-04-22T17:00:54.456Z,2026-04-30T00:04:46.185Z,0,0,0,0,0,0,1000,1000,0,0,0,0,1000,1000,0,0,0,0,1000,1000,0,0,0,0,0,0,0,0,0,0,0.78734,0.78734,0,0,0,0,0.7873346999999999,0.7873346999999999,0,0,0,0,0.7873342489999999,0.7873342489999999,0,0,0,0
EPISODE,D1Z2oJExWQIqEmrg95TL,007,"How Meetups can Benefit from V4V, Nostr and Valuechains | Ep. 007",Aq0sFj6Wl7Cp1OwW4XmX,mPCQb8yenNZ4nSlGGrdB0xrcWXI2,npub1f5pre6wl6ad87vr4hr5wppqq30sh58m4p33mthnjreh03qadcajs7gwt3z,rev.hodl,,fountain:6VdBYcJpq6oeu326P7IS;npub:npub1f5pre6wl6ad87vr4hr5wppqq30sh58m4p33mthnjreh03qadcajs7gwt3z,2026-04-20T18:50:38.916Z,2026-04-21T18:40:50.008Z,2026-04-30T00:04:41.189Z,0,0,0,0,0,0,620,620,0,0,0,0,620,620,0,0,0,0,620,620,0,0,0,0,0,0,0,0,0,0,0.46935,0.46935,0,0,0,0,0.469354924,0.469354924,0,0,0,0,0.4693539924,0.4693539924,0,0,0,0
EPISODE,D1Z2oJExWQIqEmrg95TL,007,"How Meetups can Benefit from V4V, Nostr and Valuechains | Ep. 007",ABUKr2zkmxhMhne7CzxF,k6dGIt9k2hRnm73z7BCUVVBQwtz1,npub15ymzglvv4alrp06q85eqqmawegxf688v0gtqwhjpgtp0a4k2mesqshkwwx,shadrach@fountain.fm,shadrach,fountain:QHTmd73FmJgg0Id3Qd5S;npub:npub15ymzglvv4alrp06q85eqqmawegxf688v0gtqwhjpgtp0a4k2mesqshkwwx,2026-05-07T00:20:03.828Z,2026-05-07T00:20:15.056Z,2026-05-14T00:00:25.287Z,0,0,0,0,0,0,323,323,0,0,0,0,323,323,0,0,0,0,323,323,0,0,0,0,0,0,0,0,0,0,0.2628,0.2628,0,0,0,0,0.2628047187,0.2628047187,0,0,0,0,0.2628055704,0.2628055704,0,0,0,0
EPISODE,D1Z2oJExWQIqEmrg95TL,007,"How Meetups can Benefit from V4V, Nostr and Valuechains | Ep. 007",5ZmbJxX4taCIBpyW3j1a,YZpbHCrMRCNz4JiTzmSneMHPjbO2,npub1y3s99smcstupmj0txq3j26s7ue5qynuyjng5xle6jw5jy8jt85tq6kajjt,AliceA,,fountain:vm2GvyEXbSczpOSDHs9w;npub:npub1y3s99smcstupmj0txq3j26s7ue5qynuyjng5xle6jw5jy8jt85tq6kajjt,2026-04-21T16:55:43.846Z,2026-04-21T16:55:49.331Z,2026-04-30T00:04:41.688Z,0,0,0,0,0,0,200,200,0,0,0,0,200,200,0,0,0,0,200,200,0,0,0,0,0,0,0,0,0,0,0.15189,0.15189,0,0,0,0,0.1518935,0.1518935,0,0,0,0,0.151888645,0.151888645,0,0,0,0
EPISODE,D1Z2oJExWQIqEmrg95TL,007,"How Meetups can Benefit from V4V, Nostr and Valuechains | Ep. 007",5KLtdHgCf6azlOTHhiiG,,,Anonymous,,uuid:e495e3a1-43e0-414e-ab6b-2d9d944dce07,2026-04-15T20:33:33.885Z,2026-04-15T20:33:33.955Z,2026-04-30T00:03:48.780Z,0,0,0,0,0,0,200,200,0,0,0,0,200,200,0,0,0,0,200,200,0,0,0,0,0,0,0,0,0,0,0.14982,0.14982,0,0,0,0,0.149819,0.149819,0,0,0,0,0.14982,0.14982,0,0,0,0
EPISODE,D1Z2oJExWQIqEmrg95TL,007,"How Meetups can Benefit from V4V, Nostr and Valuechains | Ep. 007",zPIZw0kMW7NLzr8ZiPSI,YZRMChO9WbYBkMzwkTJzNSXLj0y1,npub1uu05m8nl7hcns53g7tpzqalnncnpzx9vf70435s46ykfjtlrwmmqk47qum,PoWplease,,fountain:0FhKx1GuleuK6kng9qgM;npub:npub1uu05m8nl7hcns53g7tpzqalnncnpzx9vf70435s46ykfjtlrwmmqk47qum,2026-04-17T14:08:28.893Z,2026-04-17T14:08:34.456Z,2026-04-30T00:03:55.390Z,0,0,0,0,0,0,0,0,0,0,0,0,100,100,0,0,0,0,100,100,0,0,0,0,0,0,0,0,0,0,0,0,0,0,0,0,0.07727300000000001,0.07727300000000001,0,0,0,0,0.077269,0.077269,0,0,0,0
EPISODE,D1Z2oJExWQIqEmrg95TL,007,"How Meetups can Benefit from V4V, Nostr and Valuechains | Ep. 007",IdJMmuNrMvivPdJjCWed,Qs9sjkFT2UT7zDrz9alFG3dszGf1,,behybr@fountain.fm,,fountain:5yiQ6dmJpCUGbgOeryJB,2026-04-24T17:55:14.400Z,2026-04-24T17:57:24.341Z,2026-04-30T00:00:34.876Z,35,0,35,0,0,0,35,0,35,0,0,0,35,0,35,0,0,0,35,0,35,0,0,0,0.0272,0,0.0272,0,0,0,0.0272,0,0.0272,0,0,0,0.027221499200000002,0,0.027221499200000002,0,0,0,0.027218346100000002,0,0.027218346100000002,0,0,0
EPISODE,Mb8UVvZvDOoSxUobeHzq,014,"Local Bitcoiners • Permaculture for Bitcoin Culture w/Sourcenode: Greenville, SC | Ep. 014",e1dykockAHyyBrLVpkzk,VG78QtXuevPiJdIj5ZCyVqRX6c53,npub1mc909r6rtu2kfmzfy9u5vzy60jlhgqgzty0jqlz0qhkdraxcypcqduvk2m,logues@fountain.fm,logues,fountain:rncGzbsVVjleYJ3aIgd8;npub:npub1mc909r6rtu2kfmzfy9u5vzy60jlhgqgzty0jqlz0qhkdraxcypcqduvk2m,2026-06-10T15:34:18.955Z,2026-06-10T19:43:46.064Z,2026-07-10T00:00:59.713Z,0,0,0,0,0,0,0,0,0,0,0,0,2812,0,2812,0,0,0,2812,0,2812,0,0,0,0,0,0,0,0,0,0,0,0,0,0,0,1.7481669999999976,0,1.7481669999999976,0,0,0,1.7481699999999976,0,1.7481699999999976,0,0,0
EPISODE,Mb8UVvZvDOoSxUobeHzq,014,"Local Bitcoiners • Permaculture for Bitcoin Culture w/Sourcenode: Greenville, SC | Ep. 014",dvnUPhWppyA42L6nk2S5,IalGvWfaCeUDfU38Llvpsalg6T32,npub1t49ker2fyy2xc5y7qrsfxrp6g8evsxluqmaq09xt7uuhhzsurm3srw4jj5,undisciplined@fountain.fm,undisciplined,fountain:mYmb0INB75fJKxiklgyT;npub:npub1t49ker2fyy2xc5y7qrsfxrp6g8evsxluqmaq09xt7uuhhzsurm3srw4jj5,2026-06-14T19:32:33.890Z,2026-07-08T23:55:40.627Z,2026-07-14T00:00:32.099Z,840,840,0,0,0,0,840,840,0,0,0,0,1260,1260,0,0,0,0,1260,1260,0,0,0,0,0.52257,0.52257,0,0,0,0,0.52257,0.52257,0,0,0,0,0.7903892920000002,0.7903892920000002,0,0,0,0,0.7903897968000001,0.7903897968000001,0,0,0,0
EPISODE,Mb8UVvZvDOoSxUobeHzq,014,"Local Bitcoiners • Permaculture for Bitcoin Culture w/Sourcenode: Greenville, SC | Ep. 014",TrHF0pcdwiX4yqNAnpdp,O0t9roBWWUYZNulUFYJ3qJAX2LQ2,npub13h3hhzv20uqjsyrmj95mstdvsqae3th5a2vr7ctjal2rvpw34xvsdwa57n,pleb2polymath@fountain.fm,pleb2polymath,fountain:j5sIB6SPNw3y4nB6V3RY;npub:npub13h3hhzv20uqjsyrmj95mstdvsqae3th5a2vr7ctjal2rvpw34xvsdwa57n,2026-06-06T14:40:58.958Z,2026-06-06T21:12:16.021Z,2026-07-06T00:01:01.113Z,0,0,0,0,0,0,0,0,0,0,0,0,1150,0,1150,0,0,0,1150,0,1150,0,0,0,0,0,0,0,0,0,0,0,0,0,0,0,0.6978874799999993,0,0.6978874799999993,0,0,0,0.6978899369999993,0,0.6978899369999993,0,0,0
EPISODE,Mb8UVvZvDOoSxUobeHzq,014,"Local Bitcoiners • Permaculture for Bitcoin Culture w/Sourcenode: Greenville, SC | Ep. 014",2fEbprX04H2MNJ4thjUZ,351oDRNW4sPJ7HT9KgbUcxNIdjo2,npub1zqdpzty2mshxncqqxy2078qax6mlehsxmpx5095wtxw4tpepkr0s2ce6fj,permanerd@fountain.fm,permanerd,fountain:9CtlNkiXZnDOAj5UT8Px;npub:npub1zqdpzty2mshxncqqxy2078qax6mlehsxmpx5095wtxw4tpepkr0s2ce6fj,2026-06-06T17:56:03.914Z,2026-06-06T17:56:06.299Z,2026-07-06T00:01:01.040Z,0,0,0,0,0,0,0,0,0,0,0,0,1000,1000,0,0,0,0,1000,1000,0,0,0,0,0,0,0,0,0,0,0,0,0,0,0,0,0.6058497,0.6058497,0,0,0,0,0.6058492990000001,0.6058492990000001,0,0,0,0
EPISODE,Mb8UVvZvDOoSxUobeHzq,014,"Local Bitcoiners • Permaculture for Bitcoin Culture w/Sourcenode: Greenville, SC | Ep. 014",qZJHnsv3TT0EhiF1CCre,BdakMeC2F8NRD9jEw6Jn2yHtUIf2,npub1srqgvupkre8hggp5new59qdnpgr9lhnz23yf78p9tdrqraq04pwq9hpxxh,code27@fountain.fm,code27,fountain:Rtucj25kWVXAmvk8kDXD;npub:npub1srqgvupkre8hggp5new59qdnpgr9lhnz23yf78p9tdrqraq04pwq9hpxxh,2026-06-04T18:30:58.884Z,2026-06-04T18:31:04.375Z,2026-07-04T00:01:06.901Z,0,0,0,0,0,0,0,0,0,0,0,0,500,500,0,0,0,0,500,500,0,0,0,0,0,0,0,0,0,0,0,0,0,0,0,0,0.3176082,0.3176082,0,0,0,0,0.317607494,0.317607494,0,0,0,0
EPISODE,Mb8UVvZvDOoSxUobeHzq,014,"Local Bitcoiners • Permaculture for Bitcoin Culture w/Sourcenode: Greenville, SC | Ep. 014",JXXF7vrKwKBY5rS5bDoC,MOEznH85cINjrSAwP4n1TCdtCxJ3,npub1zgy6k5c8qdw3zjvhwf6gjyqcpsdq7jgd8lndsjzpfvtfqykkj65smuswzn,user81746689@fountain.fm,user81746689,fountain:6Anb8v4DtKfCBLxQsuCD;npub:npub1zgy6k5c8qdw3zjvhwf6gjyqcpsdq7jgd8lndsjzpfvtfqykkj65smuswzn,2026-06-06T12:57:33.821Z,2026-06-06T12:57:38.736Z,2026-07-06T00:01:00.405Z,0,0,0,0,0,0,0,0,0,0,0,0,500,500,0,0,0,0,500,500,0,0,0,0,0,0,0,0,0,0,0,0,0,0,0,0,0.305272,0.305272,0,0,0,0,0.30527656000000003,0.30527656000000003,0,0,0,0
EPISODE,Mb8UVvZvDOoSxUobeHzq,014,"Local Bitcoiners • Permaculture for Bitcoin Culture w/Sourcenode: Greenville, SC | Ep. 014",825CE4el8aBnOhKZy5Eb,26OOjHAbUMQlSkcD0SaP1N78SH62,npub1vvcxpktswmuaqr5a27u3926m036mu43wgev4rsktcntduygdn4estgp5fy,bullishclips@fountain.fm,bullishclips,fountain:y2NBwBJsfQPbmJjtVjeY;npub:npub1vvcxpktswmuaqr5a27u3926m036mu43wgev4rsktcntduygdn4estgp5fy,2026-06-09T15:47:39.222Z,2026-06-09T15:47:41.733Z,2026-07-09T00:01:41.602Z,0,0,0,0,0,0,0,0,0,0,0,0,221,221,0,0,0,0,221,221,0,0,0,0,0,0,0,0,0,0,0,0,0,0,0,0,0.13524729270000002,0.13524729270000002,0,0,0,0,0.13524680500000003,0.13524680500000003,0,0,0,0
EPISODE,Mb8UVvZvDOoSxUobeHzq,014,"Local Bitcoiners • Permaculture for Bitcoin Culture w/Sourcenode: Greenville, SC | Ep. 014",ry6uSrnIe3Q1Ypw7bHe5,6BwQmhaZzOhFzQIb4NT1v96qPbA3,npub1jxh2kga4ve8d4ftahcqtqswvk5z5f7ya0k2kx3dm679hmw4ysesqvt62rj,NostrGang@fountain.fm,NostrGang,fountain:7yFU6TDVQCUATGqYb4xT;npub:npub1jxh2kga4ve8d4ftahcqtqswvk5z5f7ya0k2kx3dm679hmw4ysesqvt62rj,2026-06-05T00:48:19.010Z,2026-06-05T00:48:21.519Z,2026-07-05T00:01:09.895Z,0,0,0,0,0,0,0,0,0,0,0,0,121,121,0,0,0,0,121,121,0,0,0,0,0,0,0,0,0,0,0,0,0,0,0,0,0.0770522918,0.0770522918,0,0,0,0,0.0770504598,0.0770504598,0,0,0,0
EPISODE,Mb8UVvZvDOoSxUobeHzq,014,"Local Bitcoiners • Permaculture for Bitcoin Culture w/Sourcenode: Greenville, SC | Ep. 014",NokW795ga41U8oxhKCMd,R07KkRyXYGObn7pgD0aydt78km83,npub1hsgepx397hx2fujq5dvzgwynpt4hnnjfhlq4vqjdntlxku67vt6s85gyeh,user68699982@fountain.fm,user68699982,fountain:xleyutBphSsHkZ5Mzjir;npub:npub1hsgepx397hx2fujq5dvzgwynpt4hnnjfhlq4vqjdntlxku67vt6s85gyeh,2026-06-14T00:43:39.042Z,2026-06-14T00:43:39.211Z,2026-07-14T00:01:21.001Z,0,0,0,0,0,0,0,0,0,0,0,0,10,10,0,0,0,0,10,10,0,0,0,0,0,0,0,0,0,0,0,0,0,0,0,0,0.006452237,0.006452237,0,0,0,0,0.00645,0.00645,0,0,0,0
EPISODE,Mb8UVvZvDOoSxUobeHzq,014,"Local Bitcoiners • Permaculture for Bitcoin Culture w/Sourcenode: Greenville, SC | Ep. 014",wRsZdP7zBRutNgu2L25g,,,ChadF and 33 others,,uuid:f7922a0adb3fa4dda5eecaa62f6f7ee6159f7f55e08036686c68e08382c34788,2026-06-07T15:51:23.773Z,2026-06-07T15:51:23.846Z,2026-07-07T00:01:23.698Z,0,0,0,0,0,0,0,0,0,0,0,0,1,1,0,0,0,0,1,1,0,0,0,0,0,0,0,0,0,0,0,0,0,0,0,0,0.0006203639,0.0006203639,0,0,0,0,0.00062,0.00062,0,0,0,0
EPISODE,My7odT0MuyDuyh3Y3fw8,011,"Local Bitcoiners • Attendee to Organizer to Conference Host: Portland, OR | Ep. 011",PA6DcSSFXsq10hU0qb8T,8Zso0hGJY6bYEzVz7HZXppOqphY2,npub1z3h8afkwknffxyspvjde77sj6euy66rtyul7qlkl7f2ygktxdqasnn760f,user82925646@fountain.fm,user82925646,fountain:1vfyk3yjU8M0Eq9oxl72;npub:npub1z3h8afkwknffxyspvjde77sj6euy66rtyul7qlkl7f2ygktxdqasnn760f,2026-05-15T11:40:51.926Z,2026-05-15T11:40:55.627Z,2026-05-19T00:01:32.177Z,5000,5000,0,0,0,0,5000,5000,0,0,0,0,5000,5000,0,0,0,0,5000,5000,0,0,0,0,4.03055,4.03055,0,0,0,0,4.03055,4.03055,0,0,0,0,4.0305475,4.0305475,0,0,0,0,4.030546825,4.030546825,0,0,0,0
EPISODE,My7odT0MuyDuyh3Y3fw8,011,"Local Bitcoiners • Attendee to Organizer to Conference Host: Portland, OR | Ep. 011",PO6NGLmext3w5QKUevY0,VG78QtXuevPiJdIj5ZCyVqRX6c53,npub1mc909r6rtu2kfmzfy9u5vzy60jlhgqgzty0jqlz0qhkdraxcypcqduvk2m,logues@fountain.fm,logues,fountain:rncGzbsVVjleYJ3aIgd8;npub:npub1mc909r6rtu2kfmzfy9u5vzy60jlhgqgzty0jqlz0qhkdraxcypcqduvk2m,2026-05-19T14:41:33.984Z,2026-05-19T15:32:32.268Z,2026-05-19T15:32:32.268Z,1201,0,1201,0,0,0,1201,0,1201,0,0,0,1201,0,1201,0,0,0,1201,0,1201,0,0,0,0.9173090000000004,0,0.9173090000000004,0,0,0,0.9173090000000004,0,0.9173090000000004,0,0,0,0.9173090000000004,0,0.9173090000000004,0,0,0,0.9173070000000003,0,0.9173070000000003,0,0,0
EPISODE,My7odT0MuyDuyh3Y3fw8,011,"Local Bitcoiners • Attendee to Organizer to Conference Host: Portland, OR | Ep. 011",3GpZuPkuBsYSBWVn8E6I,351oDRNW4sPJ7HT9KgbUcxNIdjo2,npub1zqdpzty2mshxncqqxy2078qax6mlehsxmpx5095wtxw4tpepkr0s2ce6fj,permanerd@fountain.fm,permanerd,fountain:9CtlNkiXZnDOAj5UT8Px;npub:npub1zqdpzty2mshxncqqxy2078qax6mlehsxmpx5095wtxw4tpepkr0s2ce6fj,2026-05-13T23:21:13.933Z,2026-05-13T23:21:18.806Z,2026-05-19T00:01:21.279Z,1000,1000,0,0,0,0,1000,1000,0,0,0,0,1000,1000,0,0,0,0,1000,1000,0,0,0,0,0.79334,0.79334,0,0,0,0,0.79334,0.79334,0,0,0,0,0.7933283999999999,0.7933283999999999,0,0,0,0,0.7933300279999999,0.7933300279999999,0,0,0,0
EPISODE,My7odT0MuyDuyh3Y3fw8,011,"Local Bitcoiners • Attendee to Organizer to Conference Host: Portland, OR | Ep. 011",rhfyP2u7d1bsxNohnz2H,MOEznH85cINjrSAwP4n1TCdtCxJ3,npub1zgy6k5c8qdw3zjvhwf6gjyqcpsdq7jgd8lndsjzpfvtfqykkj65smuswzn,user81746689@fountain.fm,user81746689,fountain:6Anb8v4DtKfCBLxQsuCD;npub:npub1zgy6k5c8qdw3zjvhwf6gjyqcpsdq7jgd8lndsjzpfvtfqykkj65smuswzn,2026-05-16T12:11:43.857Z,2026-05-16T12:11:46.331Z,2026-05-19T00:01:39.681Z,500,500,0,0,0,0,500,500,0,0,0,0,500,500,0,0,0,0,500,500,0,0,0,0,0.39021,0.39021,0,0,0,0,0.39021,0.39021,0,0,0,0,0.39022515,0.39022515,0,0,0,0,0.39022085050000005,0.39022085050000005,0,0,0,0
EPISODE,My7odT0MuyDuyh3Y3fw8,011,"Local Bitcoiners • Attendee to Organizer to Conference Host: Portland, OR | Ep. 011",7FcUMgvtaZEw24jcvnWX,k6dGIt9k2hRnm73z7BCUVVBQwtz1,npub15ymzglvv4alrp06q85eqqmawegxf688v0gtqwhjpgtp0a4k2mesqshkwwx,shadrach@fountain.fm,shadrach,fountain:QHTmd73FmJgg0Id3Qd5S;npub:npub15ymzglvv4alrp06q85eqqmawegxf688v0gtqwhjpgtp0a4k2mesqshkwwx,2026-06-08T10:45:13.936Z,2026-06-08T10:45:16.360Z,2026-07-08T00:01:18.197Z,0,0,0,0,0,0,0,0,0,0,0,0,323,323,0,0,0,0,323,323,0,0,0,0,0,0,0,0,0,0,0,0,0,0,0,0,0.2040547009,0.2040547009,0,0,0,0,0.20405763279999997,0.20405763279999997,0,0,0,0
EPISODE,My7odT0MuyDuyh3Y3fw8,011,"Local Bitcoiners • Attendee to Organizer to Conference Host: Portland, OR | Ep. 011",LTNLBTkbJhxmSm3qRIrH,,npub10hapemlpfhemcx5wrmdld07xswr8q4p42vexp0xqtfh94vhg5n0qt6k0u6,Nostr Value Pack,,npub:npub10hapemlpfhemcx5wrmdld07xswr8q4p42vexp0xqtfh94vhg5n0qt6k0u6,2026-05-17T17:37:39.430Z,2026-05-17T17:37:49.907Z,2026-05-19T00:01:54.681Z,221,221,0,0,0,0,221,221,0,0,0,0,221,221,0,0,0,0,221,221,0,0,0,0,0.17226,0.17226,0,0,0,0,0.17226,0.17226,0,0,0,0,0.172256,0.172256,0,0,0,0,0.172257,0.172257,0,0,0,0
EPISODE,My7odT0MuyDuyh3Y3fw8,011,"Local Bitcoiners • Attendee to Organizer to Conference Host: Portland, OR | Ep. 011",4BHoId4kAY7Vs8AHeorX,6BwQmhaZzOhFzQIb4NT1v96qPbA3,npub1jxh2kga4ve8d4ftahcqtqswvk5z5f7ya0k2kx3dm679hmw4ysesqvt62rj,NostrGang@fountain.fm,NostrGang,fountain:7yFU6TDVQCUATGqYb4xT;npub:npub1jxh2kga4ve8d4ftahcqtqswvk5z5f7ya0k2kx3dm679hmw4ysesqvt62rj,2026-05-17T14:31:18.837Z,2026-05-17T14:31:21.284Z,2026-05-19T00:01:44.379Z,100,100,0,0,0,0,100,100,0,0,0,0,100,100,0,0,0,0,100,100,0,0,0,0,0.07803,0.07803,0,0,0,0,0.07803,0.07803,0,0,0,0,0.07803499,0.07803499,0,0,0,0,0.0780334433,0.0780334433,0,0,0,0
EPISODE,NFBJRwFDW34wNHkujo3e,003,"Local Bitcoiners • Meetups & Podcasts are the Signal: Ottawa, CA | Ep. 003",ibe93DK5PyyJNdnHYrqe,wBHeoBISpFargiwQptg0FaaIwt23,npub15wzuy60l6p2kg8pr2juvw4jw0ctaexyyar8qzamcvwx4kk6pdcvq07skp8,Wartime,,fountain:9ZMfG0jX1BNx3NR6qMFp;npub:npub15wzuy60l6p2kg8pr2juvw4jw0ctaexyyar8qzamcvwx4kk6pdcvq07skp8,2026-03-03T17:32:28.975Z,2026-03-03T18:22:59.552Z,2026-04-02T00:02:29.682Z,0,0,0,0,0,0,0,0,0,0,0,0,6666,6666,0,0,0,0,6666,6666,0,0,0,0,0,0,0,0,0,0,0,0,0,0,0,0,4.5541232088,4.5541232088,0,0,0,0,4.554127338000001,4.554127338000001,0,0,0,0
EPISODE,NFBJRwFDW34wNHkujo3e,003,"Local Bitcoiners • Meetups & Podcasts are the Signal: Ottawa, CA | Ep. 003",yxE5mxybgiy2jpgv1dB1,PAd9W5NIMjOa1jOgT8oKzs8NWT23,npub1vpx9596duxdsmx4kwksycm2u4qy0gr6mzg289m52q96gdy97s9zsnkjspj,Otis Bitmeyer,,fountain:2AhPgdSfDXdIOrzayv7v;npub:npub1vpx9596duxdsmx4kwksycm2u4qy0gr6mzg289m52q96gdy97s9zsnkjspj,2026-02-27T14:19:28.885Z,2026-02-27T14:19:30.633Z,2026-03-29T00:01:48.480Z,0,0,0,0,0,0,0,0,0,0,0,0,5420,5420,0,0,0,0,5420,5420,0,0,0,0,0,0,0,0,0,0,0,0,0,0,0,0,3.5862145440000006,3.5862145440000006,0,0,0,0,3.5862149184000005,3.5862149184000005,0,0,0,0
EPISODE,NFBJRwFDW34wNHkujo3e,003,"Local Bitcoiners • Meetups & Podcasts are the Signal: Ottawa, CA | Ep. 003",uTuUwNvo7xYObGZBdIJX,jvuoylxHrzXSgRCCSVdcZBIsqfp2,npub1pn38rzamuksfa2v0rv43uvlk4jgk4js3dwp2gr5v02ygwflntcnsylcvfz,lonelypumpkins,,fountain:lBx1nyHJ9PODvJ9P3soR;npub:npub1pn38rzamuksfa2v0rv43uvlk4jgk4js3dwp2gr5v02ygwflntcnsylcvfz,2026-02-28T14:23:59.644Z,2026-02-28T14:24:00.799Z,2026-03-30T00:02:00.177Z,0,0,0,0,0,0,0,0,0,0,0,0,5000,5000,0,0,0,0,5000,5000,0,0,0,0,0,0,0,0,0,0,0,0,0,0,0,0,3.2347335,3.2347335,0,0,0,0,3.23472883,3.23472883,0,0,0,0
EPISODE,NFBJRwFDW34wNHkujo3e,003,"Local Bitcoiners • Meetups & Podcasts are the Signal: Ottawa, CA | Ep. 003",nYK9q67lBySo0ouA7rJi,8Zso0hGJY6bYEzVz7HZXppOqphY2,npub1z3h8afkwknffxyspvjde77sj6euy66rtyul7qlkl7f2ygktxdqasnn760f,user82925646@fountain.fm,user82925646,fountain:1vfyk3yjU8M0Eq9oxl72;npub:npub1z3h8afkwknffxyspvjde77sj6euy66rtyul7qlkl7f2ygktxdqasnn760f,2026-05-15T11:43:44.576Z,2026-05-15T11:43:47.283Z,2026-05-19T00:01:33.384Z,5000,5000,0,0,0,0,5000,5000,0,0,0,0,5000,5000,0,0,0,0,5000,5000,0,0,0,0,4.03058,4.03058,0,0,0,0,4.03058,4.03058,0,0,0,0,4.030578500000001,4.030578500000001,0,0,0,0,4.0305775950000005,4.0305775950000005,0,0,0,0
EPISODE,NFBJRwFDW34wNHkujo3e,003,"Local Bitcoiners • Meetups & Podcasts are the Signal: Ottawa, CA | Ep. 003",qDCnGqwb7lm1wkLySYgm,UMxrkHYk1mRqmpw531Uh4KFxYtD2,npub1z9hy7a0n8zxnhgrcew2nnkr4sx6sum07exve99pqq30leujye3usgd858n,Business Cat,,fountain:kGxWOyZjGPrYkQGbzIjC;npub:npub1z9hy7a0n8zxnhgrcew2nnkr4sx6sum07exve99pqq30leujye3usgd858n,2026-02-27T13:12:33.795Z,2026-02-27T13:12:37.759Z,2026-03-29T00:01:48.680Z,0,0,0,0,0,0,0,0,0,0,0,0,4444,4444,0,0,0,0,4444,4444,0,0,0,0,0,0,0,0,0,0,0,0,0,0,0,0,2.9340687859999997,2.9340687859999997,0,0,0,0,2.9340681824999995,2.9340681824999995,0,0,0,0
EPISODE,NFBJRwFDW34wNHkujo3e,003,"Local Bitcoiners • Meetups & Podcasts are the Signal: Ottawa, CA | Ep. 003",tHmuzSW2Kzp97aWZbyMb,cOMbBgsOjphvkw0MqUlIaSksCHv1,npub1phvflpwfkevj50jlvaw5lerl7avynpwt5tl9kpmt07kwmnsw04vqe9n97v,Boomer,,fountain:7tv5mf8CjBxZ7HNaaWYZ;npub:npub1phvflpwfkevj50jlvaw5lerl7avynpwt5tl9kpmt07kwmnsw04vqe9n97v,2026-02-26T23:16:38.886Z,2026-02-26T23:16:40.050Z,2026-03-28T00:02:02.179Z,0,0,0,0,0,0,0,0,0,0,0,0,1000,1000,0,0,0,0,1000,1000,0,0,0,0,0,0,0,0,0,0,0,0,0,0,0,0,0.6752742999999999,0.6752742999999999,0,0,0,0,0.6752788139999999,0.6752788139999999,0,0,0,0
EPISODE,NFBJRwFDW34wNHkujo3e,003,"Local Bitcoiners • Meetups & Podcasts are the Signal: Ottawa, CA | Ep. 003",PZ2p0JG4a8n10BzpN9pp,k6dGIt9k2hRnm73z7BCUVVBQwtz1,npub15ymzglvv4alrp06q85eqqmawegxf688v0gtqwhjpgtp0a4k2mesqshkwwx,,,fountain:QHTmd73FmJgg0Id3Qd5S;npub:npub15ymzglvv4alrp06q85eqqmawegxf688v0gtqwhjpgtp0a4k2mesqshkwwx,2026-02-27T23:56:24.520Z,2026-02-27T23:56:25.703Z,2026-03-29T00:01:51.983Z,0,0,0,0,0,0,0,0,0,0,0,0,939,939,0,0,0,0,939,939,0,0,0,0,0,0,0,0,0,0,0,0,0,0,0,0,0.6185867201999998,0.6185867201999998,0,0,0,0,0.6185900559999998,0.6185900559999998,0,0,0,0
EPISODE,NFBJRwFDW34wNHkujo3e,003,"Local Bitcoiners • Meetups & Podcasts are the Signal: Ottawa, CA | Ep. 003",LGrigSwqLToO2piccwK9,HbEZH8TzhNRJatbrCZTf8ABGzNa2,npub15604np6ccsk7ugph4nrg7kyq7kpme9lmcn4l0q2xk4yd5d6puu2s00dr0u,godsdeth (dr4kdr0u),,fountain:9gPYvkzzyRCfpJv4YXFG;npub:npub15604np6ccsk7ugph4nrg7kyq7kpme9lmcn4l0q2xk4yd5d6puu2s00dr0u,2026-02-27T20:27:59.093Z,2026-02-27T20:28:00.318Z,2026-03-29T00:01:51.179Z,0,0,0,0,0,0,0,0,0,0,0,0,237,237,0,0,0,0,237,237,0,0,0,0,0,0,0,0,0,0,0,0,0,0,0,0,0.1554614535,0.1554614535,0,0,0,0,0.15546167600000002,0.15546167600000002,0,0,0,0
EPISODE,NFBJRwFDW34wNHkujo3e,003,"Local Bitcoiners • Meetups & Podcasts are the Signal: Ottawa, CA | Ep. 003",vik15fKNYwkLv44Ea5Yj,edCO2U2axVRBcrYoLYylq4GalP23,npub1h6dm833nvxz8ykmp3me6uf46agyjwgc535jfn6ew5gzl8rmmtxdq4ysge0,,,fountain:VWlo1yNhiSiFutCEgqQm;npub:npub1h6dm833nvxz8ykmp3me6uf46agyjwgc535jfn6ew5gzl8rmmtxdq4ysge0,2026-02-27T23:55:53.869Z,2026-02-27T23:55:55.047Z,2026-03-29T00:01:52.778Z,0,0,0,0,0,0,0,0,0,0,0,0,100,100,0,0,0,0,100,100,0,0,0,0,0,0,0,0,0,0,0,0,0,0,0,0,0.06587718,0.06587718,0,0,0,0,0.0658796364,0.0658796364,0,0,0,0
EPISODE,NFBJRwFDW34wNHkujo3e,003,"Local Bitcoiners • Meetups & Podcasts are the Signal: Ottawa, CA | Ep. 003",iQYkSu8wDKzadJH12pEs,6BwQmhaZzOhFzQIb4NT1v96qPbA3,npub1jxh2kga4ve8d4ftahcqtqswvk5z5f7ya0k2kx3dm679hmw4ysesqvt62rj,NostrGang@fountain.fm,NostrGang,fountain:7yFU6TDVQCUATGqYb4xT;npub:npub1jxh2kga4ve8d4ftahcqtqswvk5z5f7ya0k2kx3dm679hmw4ysesqvt62rj,2026-07-07T16:45:33.871Z,2026-07-07T16:45:36.618Z,2026-07-14T00:00:25.300Z,0,0,0,0,0,0,100,100,0,0,0,0,100,100,0,0,0,0,100,100,0,0,0,0,0,0,0,0,0,0,0.064,0.064,0,0,0,0,0.06398848166666667,0.06398848166666667,0,0,0,0,0.06399228271666667,0.06399228271666667,0,0,0,0
EPISODE,NFBJRwFDW34wNHkujo3e,003,"Local Bitcoiners • Meetups & Podcasts are the Signal: Ottawa, CA | Ep. 003",WvPW1nGwEa9lKqdaR7ir,8HhXtzA1kKgbFioyPLn4ZDmUopo2,npub1dgpt04w4c88wc0g262xaw8zvlm4mvwtmjhl0tn2sxtyjywsn6q4qt8ka3a,Dan Wedge,,fountain:1Qt6PJ8GWL6lHUAwAkEN;npub:npub1dgpt04w4c88wc0g262xaw8zvlm4mvwtmjhl0tn2sxtyjywsn6q4qt8ka3a,2026-03-29T13:25:33.990Z,2026-03-29T13:25:35.772Z,2026-04-28T00:02:23.580Z,0,0,0,0,0,0,0,0,0,0,0,0,100,100,0,0,0,0,100,100,0,0,0,0,0,0,0,0,0,0,0,0,0,0,0,0,0.06656625999999999,0.06656625999999999,0,0,0,0,0.0665687926,0.0665687926,0,0,0,0
EPISODE,NFBJRwFDW34wNHkujo3e,003,"Local Bitcoiners • Meetups & Podcasts are the Signal: Ottawa, CA | Ep. 003",3fULJHj0xSXFo2bLT5b9,BdakMeC2F8NRD9jEw6Jn2yHtUIf2,npub1srqgvupkre8hggp5new59qdnpgr9lhnz23yf78p9tdrqraq04pwq9hpxxh,Code,,fountain:Rtucj25kWVXAmvk8kDXD;npub:npub1srqgvupkre8hggp5new59qdnpgr9lhnz23yf78p9tdrqraq04pwq9hpxxh,2026-03-04T05:14:43.977Z,2026-03-04T06:07:13.704Z,2026-04-03T00:01:10.795Z,0,0,0,0,0,0,0,0,0,0,0,0,53,0,53,0,0,0,53,0,53,0,0,0,0,0,0,0,0,0,0,0,0,0,0,0,0.03604208860000001,0,0.03604208860000001,0,0,0,0.036043562700000004,0,0.036043562700000004,0,0,0
EPISODE,PfxSpLSelb60eIHqjiSC,002,"Local Bitcoiners • Meetups are the Ultimate Web of Trust: Jersey City, NJ | Ep. 002",d40okD2a59mnmaUzVQC3,,,Anonymous,,uuid:e88ba64e-c0e6-470b-a1ec-27d7f017cdf5,2026-02-16T23:10:20.175Z,2026-02-16T23:10:20.237Z,2026-02-21T00:00:47.781Z,9800,9800,0,0,0,0,9800,9800,0,0,0,0,9800,9800,0,0,0,0,9800,9800,0,0,0,0,6.73273,6.73273,0,0,0,0,6.73273,6.73273,0,0,0,0,6.732732,6.732732,0,0,0,0,6.73273,6.73273,0,0,0,0
EPISODE,PfxSpLSelb60eIHqjiSC,002,"Local Bitcoiners • Meetups are the Ultimate Web of Trust: Jersey City, NJ | Ep. 002",EIDteQMi1xvAw3YQitlL,,,Anonymous,,uuid:21d749fa-247f-4131-a510-40ca331be776,2026-02-24T01:25:00.073Z,2026-02-24T01:25:00.154Z,2026-03-26T00:02:08.279Z,0,0,0,0,0,0,0,0,0,0,0,0,9800,9800,0,0,0,0,9800,9800,0,0,0,0,0,0,0,0,0,0,0,0,0,0,0,0,6.295259,6.295259,0,0,0,0,6.29526,6.29526,0,0,0,0
EPISODE,PfxSpLSelb60eIHqjiSC,002,"Local Bitcoiners • Meetups are the Ultimate Web of Trust: Jersey City, NJ | Ep. 002",UaSl2fygVDcT2zczuhB2,8Zso0hGJY6bYEzVz7HZXppOqphY2,npub1z3h8afkwknffxyspvjde77sj6euy66rtyul7qlkl7f2ygktxdqasnn760f,Matthew D,,fountain:1vfyk3yjU8M0Eq9oxl72;npub:npub1z3h8afkwknffxyspvjde77sj6euy66rtyul7qlkl7f2ygktxdqasnn760f,2026-02-16T23:56:03.940Z,2026-02-16T23:56:05.122Z,2026-02-21T00:00:48.486Z,5000,5000,0,0,0,0,5000,5000,0,0,0,0,5000,5000,0,0,0,0,5000,5000,0,0,0,0,3.44651,3.44651,0,0,0,0,3.44651,3.44651,0,0,0,0,3.4465055,3.4465055,0,0,0,0,3.44650539,3.44650539,0,0,0,0
EPISODE,PfxSpLSelb60eIHqjiSC,002,"Local Bitcoiners • Meetups are the Ultimate Web of Trust: Jersey City, NJ | Ep. 002",BGPwxTG4CxK7MbzlSNhT,jvuoylxHrzXSgRCCSVdcZBIsqfp2,npub1pn38rzamuksfa2v0rv43uvlk4jgk4js3dwp2gr5v02ygwflntcnsylcvfz,lonelypumpkins,,fountain:lBx1nyHJ9PODvJ9P3soR;npub:npub1pn38rzamuksfa2v0rv43uvlk4jgk4js3dwp2gr5v02ygwflntcnsylcvfz,2026-02-17T12:25:23.860Z,2026-02-17T12:25:25.102Z,2026-02-21T00:00:50.481Z,5000,5000,0,0,0,0,5000,5000,0,0,0,0,5000,5000,0,0,0,0,5000,5000,0,0,0,0,3.40289,3.40289,0,0,0,0,3.40289,3.40289,0,0,0,0,3.402887,3.402887,0,0,0,0,3.4028892600000002,3.4028892600000002,0,0,0,0
EPISODE,PfxSpLSelb60eIHqjiSC,002,"Local Bitcoiners • Meetups are the Ultimate Web of Trust: Jersey City, NJ | Ep. 002",Eu0UTIqIcCrPBuz5ieux,UMxrkHYk1mRqmpw531Uh4KFxYtD2,npub1z9hy7a0n8zxnhgrcew2nnkr4sx6sum07exve99pqq30leujye3usgd858n,Business Cat,,fountain:kGxWOyZjGPrYkQGbzIjC;npub:npub1z9hy7a0n8zxnhgrcew2nnkr4sx6sum07exve99pqq30leujye3usgd858n,2026-02-22T13:41:00.340Z,2026-02-22T13:41:01.473Z,2026-03-24T00:02:44.983Z,0,0,0,0,0,0,0,0,0,0,0,0,4444,4444,0,0,0,0,4444,4444,0,0,0,0,0,0,0,0,0,0,0,0,0,0,0,0,3.00523278,3.00523278,0,0,0,0,3.005236975,3.005236975,0,0,0,0
EPISODE,PfxSpLSelb60eIHqjiSC,002,"Local Bitcoiners • Meetups are the Ultimate Web of Trust: Jersey City, NJ | Ep. 002",2nBDyOqCQ4H3MxOfhuc5,R07KkRyXYGObn7pgD0aydt78km83,npub1hsgepx397hx2fujq5dvzgwynpt4hnnjfhlq4vqjdntlxku67vt6s85gyeh,user68699982@fountain.fm,user68699982,fountain:xleyutBphSsHkZ5Mzjir;npub:npub1hsgepx397hx2fujq5dvzgwynpt4hnnjfhlq4vqjdntlxku67vt6s85gyeh,2026-06-14T00:24:33.900Z,2026-06-14T00:25:33.688Z,2026-07-14T00:01:21.194Z,0,0,0,0,0,0,0,0,0,0,0,0,4260,4260,0,0,0,0,4260,4260,0,0,0,0,0,0,0,0,0,0,0,0,0,0,0,0,2.7440125440000003,2.7440125440000003,0,0,0,0,2.744014928,2.744014928,0,0,0,0
EPISODE,PfxSpLSelb60eIHqjiSC,002,"Local Bitcoiners • Meetups are the Ultimate Web of Trust: Jersey City, NJ | Ep. 002",r3DpBv3nX4LRDGzg3GNP,wBHeoBISpFargiwQptg0FaaIwt23,npub15wzuy60l6p2kg8pr2juvw4jw0ctaexyyar8qzamcvwx4kk6pdcvq07skp8,Wartime,,fountain:9ZMfG0jX1BNx3NR6qMFp;npub:npub15wzuy60l6p2kg8pr2juvw4jw0ctaexyyar8qzamcvwx4kk6pdcvq07skp8,2026-02-16T23:35:44.037Z,2026-02-17T17:43:15.072Z,2026-02-21T00:00:51.693Z,3554,3554,0,0,0,0,3554,3554,0,0,0,0,3554,3554,0,0,0,0,3554,3554,0,0,0,0,2.41064,2.41064,0,0,0,0,2.41064,2.41064,0,0,0,0,2.4106332419,2.4106332419,0,0,0,0,2.4106380438999997,2.4106380438999997,0,0,0,0
EPISODE,PfxSpLSelb60eIHqjiSC,002,"Local Bitcoiners • Meetups are the Ultimate Web of Trust: Jersey City, NJ | Ep. 002",81BruRAtbjFJm66ybHWq,k6dGIt9k2hRnm73z7BCUVVBQwtz1,npub15ymzglvv4alrp06q85eqqmawegxf688v0gtqwhjpgtp0a4k2mesqshkwwx,,,fountain:QHTmd73FmJgg0Id3Qd5S;npub:npub15ymzglvv4alrp06q85eqqmawegxf688v0gtqwhjpgtp0a4k2mesqshkwwx,2026-02-21T14:23:53.842Z,2026-02-21T14:23:54.928Z,2026-02-21T14:23:54.928Z,3393,3393,0,0,0,0,3393,3393,0,0,0,0,3393,3393,0,0,0,0,3393,3393,0,0,0,0,2.3243400414,2.3243400414,0,0,0,0,2.3243400414,2.3243400414,0,0,0,0,2.3243400414,2.3243400414,0,0,0,0,2.324337335,2.324337335,0,0,0,0
EPISODE,PfxSpLSelb60eIHqjiSC,002,"Local Bitcoiners • Meetups are the Ultimate Web of Trust: Jersey City, NJ | Ep. 002",hJMpIHffj0xhorJX7AB5,HTZYaNAOf4hxml1P45W42MaFb4r2,npub1csgvgt28x9m47v0w03hmzucdpr85xrjq76wwumekayuhh7792hds5phm27,shaunsomers,,fountain:DiEZ4nL8qVAl4WDuZZvQ;npub:npub1csgvgt28x9m47v0w03hmzucdpr85xrjq76wwumekayuhh7792hds5phm27,2026-02-17T13:09:28.910Z,2026-02-17T13:09:30.089Z,2026-02-21T00:00:50.778Z,2100,2100,0,0,0,0,2100,2100,0,0,0,0,2100,2100,0,0,0,0,2100,2100,0,0,0,0,1.42555,1.42555,0,0,0,0,1.42555,1.42555,0,0,0,0,1.42554993,1.42554993,0,0,0,0,1.4255489314,1.4255489314,0,0,0,0
EPISODE,PfxSpLSelb60eIHqjiSC,002,"Local Bitcoiners • Meetups are the Ultimate Web of Trust: Jersey City, NJ | Ep. 002",DHji8cV71u8E9JeTNYLw,,npub1q7why7lw8kq9ufr43ps75ngz3vhx5duqt7xmgklcq3dljqqfjegq2km2vr,tigs,,npub:npub1q7why7lw8kq9ufr43ps75ngz3vhx5duqt7xmgklcq3dljqqfjegq2km2vr,2026-04-03T05:37:59.154Z,2026-04-03T05:38:01.021Z,2026-04-30T00:02:04.087Z,0,0,0,0,0,0,1110,1110,0,0,0,0,1110,1110,0,0,0,0,1110,1110,0,0,0,0,0,0,0,0,0,0,0.74095,0.74095,0,0,0,0,0.7409349999999999,0.7409349999999999,0,0,0,0,0.7409399999999999,0.7409399999999999,0,0,0,0
EPISODE,PfxSpLSelb60eIHqjiSC,002,"Local Bitcoiners • Meetups are the Ultimate Web of Trust: Jersey City, NJ | Ep. 002",ZyG8Vj2uU6kftJRFN9TD,cOMbBgsOjphvkw0MqUlIaSksCHv1,npub1phvflpwfkevj50jlvaw5lerl7avynpwt5tl9kpmt07kwmnsw04vqe9n97v,Boomer,,fountain:7tv5mf8CjBxZ7HNaaWYZ;npub:npub1phvflpwfkevj50jlvaw5lerl7avynpwt5tl9kpmt07kwmnsw04vqe9n97v,2026-02-16T13:58:59.067Z,2026-02-16T13:59:00.240Z,2026-02-21T00:00:44.789Z,1000,1000,0,0,0,0,1000,1000,0,0,0,0,1000,1000,0,0,0,0,1000,1000,0,0,0,0,0.6829,0.6829,0,0,0,0,0.6829,0.6829,0,0,0,0,0.6829017,0.6829017,0,0,0,0,0.682903666,0.682903666,0,0,0,0
EPISODE,PfxSpLSelb60eIHqjiSC,002,"Local Bitcoiners • Meetups are the Ultimate Web of Trust: Jersey City, NJ | Ep. 002",JaXCAMXp7cRhbYsztMLg,uNpPKoDyCmYrELaxq0pVL4cMOS53,npub1pgp72xqqlg75xwnct7ktu9a99fsxvsyje9rwy6a4dyhxsq4usx6svcv3tz,UsedToReadALot,,fountain:2PxPjnIfDtHKRb95lMuH;npub:npub1pgp72xqqlg75xwnct7ktu9a99fsxvsyje9rwy6a4dyhxsq4usx6svcv3tz,2026-03-24T03:23:28.927Z,2026-03-24T05:09:39.442Z,2026-04-23T00:02:04.478Z,0,0,0,0,0,0,0,0,0,0,0,0,891,0,891,0,0,0,891,0,891,0,0,0,0,0,0,0,0,0,0,0,0,0,0,0,0.6278348163999997,0,0.6278348163999997,0,0,0,0.6278397135999998,0,0.6278397135999998,0,0,0
EPISODE,PfxSpLSelb60eIHqjiSC,002,"Local Bitcoiners • Meetups are the Ultimate Web of Trust: Jersey City, NJ | Ep. 002",mST8jyqxsQlRtACgaLKO,wuS6785infRgiNz9wXKGPifTLag2,npub1qjhr8se64q78dvvpftv6lazgfukgg22wj0kjtjfr6x2gwfeg6j2ssju7c0,Lakesurfer,,fountain:4x0eKPcdd1oM4IPJ7qSC;npub:npub1qjhr8se64q78dvvpftv6lazgfukgg22wj0kjtjfr6x2gwfeg6j2ssju7c0,2026-02-26T19:10:10.343Z,2026-02-26T19:10:11.502Z,2026-03-28T00:02:01.378Z,0,0,0,0,0,0,0,0,0,0,0,0,500,500,0,0,0,0,500,500,0,0,0,0,0,0,0,0,0,0,0,0,0,0,0,0,0.33778175,0.33778175,0,0,0,0,0.337786115,0.337786115,0,0,0,0
EPISODE,PfxSpLSelb60eIHqjiSC,002,"Local Bitcoiners • Meetups are the Ultimate Web of Trust: Jersey City, NJ | Ep. 002",Itv6LQ94KSVEOcX05j1L,,,Anonymous,,uuid:4050b01f-2143-4596-973f-ec73c36985d7,2026-02-24T01:24:58.810Z,2026-02-24T01:24:58.902Z,2026-03-26T00:02:08.975Z,0,0,0,0,0,0,0,0,0,0,0,0,200,200,0,0,0,0,200,200,0,0,0,0,0,0,0,0,0,0,0,0,0,0,0,0,0.128475,0.128475,0,0,0,0,0.12848,0.12848,0,0,0,0
EPISODE,PfxSpLSelb60eIHqjiSC,002,"Local Bitcoiners • Meetups are the Ultimate Web of Trust: Jersey City, NJ | Ep. 002",8nmqWcVvkr6kaogpPPcT,,,Anonymous,,uuid:5e1b331b-025f-4c4a-ab9a-6bd0f6fa7202,2026-02-16T23:10:18.851Z,2026-02-16T23:10:18.943Z,2026-02-21T00:00:47.980Z,200,200,0,0,0,0,200,200,0,0,0,0,200,200,0,0,0,0,200,200,0,0,0,0,0.1374,0.1374,0,0,0,0,0.1374,0.1374,0,0,0,0,0.137403,0.137403,0,0,0,0,0.1374,0.1374,0,0,0,0
EPISODE,PfxSpLSelb60eIHqjiSC,002,"Local Bitcoiners • Meetups are the Ultimate Web of Trust: Jersey City, NJ | Ep. 002",QCz5nNBdfKW7p8fIXPgb,Mf2yRoWaW2ZS4n7pdI5y3oaRlZC3,npub1jr525zmjjg5y99y2kx3r4cwzfcq98ke4kqeh5zpkveyt3gnnfk6sjvxjzt,Piez,,fountain:xqXqo83Km5FCYBQBQoN4;npub:npub1jr525zmjjg5y99y2kx3r4cwzfcq98ke4kqeh5zpkveyt3gnnfk6sjvxjzt,2026-03-05T15:05:56.399Z,2026-03-05T15:05:57.593Z,2026-04-04T00:01:34.782Z,0,0,0,0,0,0,0,0,0,0,0,0,121,121,0,0,0,0,121,121,0,0,0,0,0,0,0,0,0,0,0,0,0,0,0,0,0.08748542,0.08748542,0,0,0,0,0.08748938,0.08748938,0,0,0,0
EPISODE,PfxSpLSelb60eIHqjiSC,002,"Local Bitcoiners • Meetups are the Ultimate Web of Trust: Jersey City, NJ | Ep. 002",Q9uT8XSfzycOO3lMUJaA,6BwQmhaZzOhFzQIb4NT1v96qPbA3,npub1jxh2kga4ve8d4ftahcqtqswvk5z5f7ya0k2kx3dm679hmw4ysesqvt62rj,NostrGang@fountain.fm,NostrGang,fountain:7yFU6TDVQCUATGqYb4xT;npub:npub1jxh2kga4ve8d4ftahcqtqswvk5z5f7ya0k2kx3dm679hmw4ysesqvt62rj,2026-07-07T19:23:33.759Z,2026-07-07T19:23:36.711Z,2026-07-14T00:00:25.505Z,0,0,0,0,0,0,100,100,0,0,0,0,100,100,0,0,0,0,100,100,0,0,0,0,0,0,0,0,0,0,0.06351,0.06351,0,0,0,0,0.06352192,0.06352192,0,0,0,0,0.0635196864,0.0635196864,0,0,0,0
EPISODE,PfxSpLSelb60eIHqjiSC,002,"Local Bitcoiners • Meetups are the Ultimate Web of Trust: Jersey City, NJ | Ep. 002",66VITk87EC1DEG5vNhDi,Qs9sjkFT2UT7zDrz9alFG3dszGf1,,behybr@fountain.fm,,fountain:5yiQ6dmJpCUGbgOeryJB,2026-02-16T23:52:18.825Z,2026-04-24T17:51:15.661Z,2026-04-30T00:00:34.684Z,8,0,8,0,0,0,8,0,8,0,0,0,41,0,41,0,0,0,41,0,41,0,0,0,0.00621,0,0.00621,0,0,0,0.00621,0,0.00621,0,0,0,0.028937881,0,0.028937881,0,0,0,0.0289394237,0,0.0289394237,0,0,0
EPISODE,PyYiZvwjQw13umitWd3D,001,"Local Bitcoiners • 001. Starting and Growing Meetups | Western MA and South Bend, IN",B46nWtGBvHv1P3MDTfxl,PAd9W5NIMjOa1jOgT8oKzs8NWT23,npub1vpx9596duxdsmx4kwksycm2u4qy0gr6mzg289m52q96gdy97s9zsnkjspj,Otis Bitmeyer,,fountain:2AhPgdSfDXdIOrzayv7v;npub:npub1vpx9596duxdsmx4kwksycm2u4qy0gr6mzg289m52q96gdy97s9zsnkjspj,2026-02-09T13:41:50.795Z,2026-02-09T13:41:51.947Z,2026-02-21T00:05:05.479Z,0,0,0,0,0,0,10420,10420,0,0,0,0,10420,10420,0,0,0,0,10420,10420,0,0,0,0,0,0,0,0,0,0,7.19785,7.19785,0,0,0,0,7.19785466,7.19785466,0,0,0,0,7.197853876,7.197853876,0,0,0,0
EPISODE,PyYiZvwjQw13umitWd3D,001,"Local Bitcoiners • 001. Starting and Growing Meetups | Western MA and South Bend, IN",mUyZ8al2iWC3btqXCBH3,,,Anonymous,,uuid:d4960d89-0fd6-40dc-9d4c-8cb56b1e9509,2026-02-09T17:09:29.972Z,2026-02-09T17:09:30.040Z,2026-02-21T00:05:07.076Z,0,0,0,0,0,0,9800,9800,0,0,0,0,9800,9800,0,0,0,0,9800,9800,0,0,0,0,0,0,0,0,0,0,6.85868,6.85868,0,0,0,0,6.858675,6.858675,0,0,0,0,6.85868,6.85868,0,0,0,0
EPISODE,PyYiZvwjQw13umitWd3D,001,"Local Bitcoiners • 001. Starting and Growing Meetups | Western MA and South Bend, IN",BVqXYdq2BLyaXePhQS0d,,,Anonymous,,uuid:2790c88f-d72e-4dff-9df2-e5bbc2f25074,2026-02-10T16:55:20.072Z,2026-02-10T16:55:20.147Z,2026-02-21T00:05:13.084Z,0,0,0,0,0,0,9800,9800,0,0,0,0,9800,9800,0,0,0,0,9800,9800,0,0,0,0,0,0,0,0,0,0,6.79754,6.79754,0,0,0,0,6.797535,6.797535,0,0,0,0,6.79754,6.79754,0,0,0,0
EPISODE,PyYiZvwjQw13umitWd3D,001,"Local Bitcoiners • 001. Starting and Growing Meetups | Western MA and South Bend, IN",5UpoWA5MFm9WXX6OBqIc,wBHeoBISpFargiwQptg0FaaIwt23,npub15wzuy60l6p2kg8pr2juvw4jw0ctaexyyar8qzamcvwx4kk6pdcvq07skp8,Wartime,,fountain:9ZMfG0jX1BNx3NR6qMFp;npub:npub15wzuy60l6p2kg8pr2juvw4jw0ctaexyyar8qzamcvwx4kk6pdcvq07skp8,2026-02-09T16:04:13.945Z,2026-02-09T16:04:15.085Z,2026-02-21T00:05:06.482Z,0,0,0,0,0,0,7777,7777,0,0,0,0,7777,7777,0,0,0,0,7777,7777,0,0,0,0,0,0,0,0,0,0,5.40423,5.40423,0,0,0,0,5.4042341892,5.4042341892,0,0,0,0,5.4042298516,5.4042298516,0,0,0,0
EPISODE,PyYiZvwjQw13umitWd3D,001,"Local Bitcoiners • 001. Starting and Growing Meetups | Western MA and South Bend, IN",9cYRlMBJAsbMNn4iKsE8,8Zso0hGJY6bYEzVz7HZXppOqphY2,npub1z3h8afkwknffxyspvjde77sj6euy66rtyul7qlkl7f2ygktxdqasnn760f,Matthew D,,fountain:1vfyk3yjU8M0Eq9oxl72;npub:npub1z3h8afkwknffxyspvjde77sj6euy66rtyul7qlkl7f2ygktxdqasnn760f,2026-02-10T12:00:36.783Z,2026-02-10T12:00:37.968Z,2026-02-21T00:05:11.181Z,0,0,0,0,0,0,5000,5000,0,0,0,0,5000,5000,0,0,0,0,5000,5000,0,0,0,0,0,0,0,0,0,0,3.42321,3.42321,0,0,0,0,3.4232115,3.4232115,0,0,0,0,3.42320727,3.42320727,0,0,0,0
EPISODE,PyYiZvwjQw13umitWd3D,001,"Local Bitcoiners • 001. Starting and Growing Meetups | Western MA and South Bend, IN",fNKpKOn1mhwn2l73rerb,6St5Pbyf0yN0WOq0LhZ8vJMd6Y73,npub1lldaex9dr9u2wy5cnezu0krhughxjdy5mw8rudvn5xxcsystkvrs56meh9,randomjunque@fountain.fm,randomjunque,fountain:0x5e6AhgllpJEewEwgCL;npub:npub1lldaex9dr9u2wy5cnezu0krhughxjdy5mw8rudvn5xxcsystkvrs56meh9,2026-06-19T00:33:26.662Z,2026-06-20T00:11:05.756Z,2026-07-14T00:02:01.398Z,0,0,0,0,0,0,4315,1000,3315,0,0,0,4315,1000,3315,0,0,0,4315,1000,3315,0,0,0,0,0,0,0,0,0,2.721,0.62952,2.09148,0,0,0,2.721023318483336,0.6295284833333333,2.0914948351500016,0,0,0,2.721019408166669,0.6295284833333333,2.091490924833335,0,0,0
EPISODE,PyYiZvwjQw13umitWd3D,001,"Local Bitcoiners • 001. Starting and Growing Meetups | Western MA and South Bend, IN",DGyKNpYDDb5Vv2Ryb87d,XAwLrEk0VkWwi4mauZBT0G5jOmg1,npub1er2vkexlh7kd56j929crc4stw83hqzvl0xpewsrv3ceyda9ld3xszwjwex,Hot Wax Social Club,,fountain:ClWFeU3t2zWi1SQ1aSWL;npub:npub1er2vkexlh7kd56j929crc4stw83hqzvl0xpewsrv3ceyda9ld3xszwjwex,2026-04-23T21:13:18.976Z,2026-04-23T21:51:14.375Z,2026-04-30T00:00:28.580Z,0,0,0,0,0,0,3751,0,3751,0,0,0,3751,0,3751,0,0,0,3751,0,3751,0,0,0,0,0,0,0,0,0,2.92461,0,2.92461,0,0,0,2.924426774900002,0,2.924426774900002,0,0,0,2.9244242866000016,0,2.9244242866000016,0,0,0
EPISODE,PyYiZvwjQw13umitWd3D,001,"Local Bitcoiners • 001. Starting and Growing Meetups | Western MA and South Bend, IN",tNE0ae95ZcMljjsYahVI,rRgY0RLJfXgtWtp1TOpRcpMyjNk2,npub10jzgn0sfgm83pnha2hsjlgq03hj0u6pmwqhjh70wuar7mmermaesgxar98,SenditMike,,fountain:jvDb9FpG97mXuWD4jJNN;npub:npub10jzgn0sfgm83pnha2hsjlgq03hj0u6pmwqhjh70wuar7mmermaesgxar98,2026-02-22T16:10:40.882Z,2026-02-22T16:12:24.401Z,2026-03-24T00:02:45.086Z,0,0,0,0,0,0,0,0,0,0,0,0,3207,3207,0,0,0,0,3207,3207,0,0,0,0,0,0,0,0,0,0,0,0,0,0,0,0,2.1673630782,2.1673630782,0,0,0,0,2.1673630842,2.1673630842,0,0,0,0
EPISODE,PyYiZvwjQw13umitWd3D,001,"Local Bitcoiners • 001. Starting and Growing Meetups | Western MA and South Bend, IN",b6l3KDbPtGRWJgWRcAOB,e7GELOUTmIOmsLRhsnbAAmvSpH13,npub1hqaz3dlyuhfqhktqchawke39l92jj9nt30dsgh2zvd9z7dv3j3gqpkt56s,Avi Burra,,fountain:cEvJAcDEcPBhjcBSRYVG;npub:npub1hqaz3dlyuhfqhktqchawke39l92jj9nt30dsgh2zvd9z7dv3j3gqpkt56s,2026-02-04T12:47:43.970Z,2026-02-04T12:47:45.126Z,2026-02-21T00:04:01.074Z,0,0,0,0,0,0,2424,2424,0,0,0,0,2424,2424,0,0,0,0,2424,2424,0,0,0,0,0,0,0,0,0,0,1.84346,1.84346,0,0,0,0,1.8434636352,1.8434636352,0,0,0,0,1.8434594048,1.8434594048,0,0,0,0
EPISODE,PyYiZvwjQw13umitWd3D,001,"Local Bitcoiners • 001. Starting and Growing Meetups | Western MA and South Bend, IN",nQnRABLhbBKBV40bg029,tt6HXj4q9hMw1oXP8qLDaFfwAVg1,npub1juxh95vxasvfr959hkug7rwzje60sw3k7cegrerhktnd97s7yvms0yd0je,Digital Nomad,,fountain:zJZ7ZzNzlRHfYam6sIpE;npub:npub1juxh95vxasvfr959hkug7rwzje60sw3k7cegrerhktnd97s7yvms0yd0je,2026-02-15T17:45:36.150Z,2026-02-15T17:45:42.746Z,2026-02-21T00:00:40.483Z,1000,1000,0,0,0,0,1000,1000,0,0,0,0,1000,1000,0,0,0,0,1000,1000,0,0,0,0,0.68842,0.68842,0,0,0,0,0.68842,0.68842,0,0,0,0,0.6884171,0.6884171,0,0,0,0,0.688418758,0.688418758,0,0,0,0
EPISODE,PyYiZvwjQw13umitWd3D,001,"Local Bitcoiners • 001. Starting and Growing Meetups | Western MA and South Bend, IN",aSHlMpuLEnjvmrzNJeVi,4jdfdPwntZf9GOpHKbYzTdMGsK32,npub1h2hy9wpjtq9czvl6eghnudxutz03dtrvj758tje4dyhzupuyajesacyjp0,BitcoinJim,,fountain:z8CeutUabC392WrjXENr;npub:npub1h2hy9wpjtq9czvl6eghnudxutz03dtrvj758tje4dyhzupuyajesacyjp0,2026-03-30T00:26:13.961Z,2026-03-30T00:26:15.183Z,2026-04-29T00:02:00.184Z,0,0,0,0,0,0,0,0,0,0,0,0,999,999,0,0,0,0,999,999,0,0,0,0,0,0,0,0,0,0,0,0,0,0,0,0,0.6650164179,0.6650164179,0,0,0,0,0.6650127759000001,0.6650127759000001,0,0,0,0
EPISODE,PyYiZvwjQw13umitWd3D,001,"Local Bitcoiners • 001. Starting and Growing Meetups | Western MA and South Bend, IN",UI18Dg1Qctmz4PvGen9q,,,Anonymous,,uuid:046395c4-dd3a-4b32-8b34-f6eac316fb92,2026-02-09T14:44:00.079Z,2026-02-09T14:44:00.143Z,2026-02-21T00:05:06.478Z,0,0,0,0,0,0,980,980,0,0,0,0,980,980,0,0,0,0,980,980,0,0,0,0,0,0,0,0,0,0,0.67982,0.67982,0,0,0,0,0.679823,0.679823,0,0,0,0,0.67982,0.67982,0,0,0,0
EPISODE,PyYiZvwjQw13umitWd3D,001,"Local Bitcoiners • 001. Starting and Growing Meetups | Western MA and South Bend, IN",ITXYbM0JshtTUCXNuc4J,,,Anonymous,,uuid:1c278098-2382-4667-ae7b-fffc3a053e3e,2026-02-07T23:11:49.969Z,2026-02-07T23:11:50.045Z,2026-02-21T00:04:40.980Z,0,0,0,0,0,0,980,980,0,0,0,0,980,980,0,0,0,0,980,980,0,0,0,0,0,0,0,0,0,0,0.67548,0.67548,0,0,0,0,0.675477,0.675477,0,0,0,0,0.67548,0.67548,0,0,0,0
EPISODE,PyYiZvwjQw13umitWd3D,001,"Local Bitcoiners • 001. Starting and Growing Meetups | Western MA and South Bend, IN",4nqZJHZkeNzS7qpZbsvE,,,Anonymous,,uuid:99af1c4a-a513-4396-b8ad-ec6b8eafa25c,2026-02-10T16:50:40.100Z,2026-02-10T16:50:40.173Z,2026-02-21T00:05:13.275Z,0,0,0,0,0,0,980,980,0,0,0,0,980,980,0,0,0,0,980,980,0,0,0,0,0,0,0,0,0,0,0.67999,0.67999,0,0,0,0,0.679989,0.679989,0,0,0,0,0.67999,0.67999,0,0,0,0
EPISODE,PyYiZvwjQw13umitWd3D,001,"Local Bitcoiners • 001. Starting and Growing Meetups | Western MA and South Bend, IN",LRDTUKHSDxcKXjirH646,uNpPKoDyCmYrELaxq0pVL4cMOS53,npub1pgp72xqqlg75xwnct7ktu9a99fsxvsyje9rwy6a4dyhxsq4usx6svcv3tz,UsedToReadALot,,fountain:2PxPjnIfDtHKRb95lMuH;npub:npub1pgp72xqqlg75xwnct7ktu9a99fsxvsyje9rwy6a4dyhxsq4usx6svcv3tz,2026-03-24T02:10:55.767Z,2026-03-24T03:19:34.316Z,2026-04-23T00:02:04.485Z,0,0,0,0,0,0,0,0,0,0,0,0,737,0,737,0,0,0,737,0,737,0,0,0,0,0,0,0,0,0,0,0,0,0,0,0,0.5194873903999999,0,0.5194873903999999,0,0,0,0.5194921113,0,0.5194921113,0,0,0
EPISODE,PyYiZvwjQw13umitWd3D,001,"Local Bitcoiners • 001. Starting and Growing Meetups | Western MA and South Bend, IN",FMPBs8suc0BxJ4SP4Ec0,k6dGIt9k2hRnm73z7BCUVVBQwtz1,npub15ymzglvv4alrp06q85eqqmawegxf688v0gtqwhjpgtp0a4k2mesqshkwwx,,,fountain:QHTmd73FmJgg0Id3Qd5S;npub:npub15ymzglvv4alrp06q85eqqmawegxf688v0gtqwhjpgtp0a4k2mesqshkwwx,2026-02-04T20:55:18.896Z,2026-05-07T00:14:49.463Z,2026-05-14T00:00:25.676Z,0,0,0,0,0,0,323,323,0,0,0,0,646,646,0,0,0,0,646,646,0,0,0,0,0,0,0,0,0,0,0.26314,0.26314,0,0,0,0,0.5001649185999999,0.5001649185999999,0,0,0,0,0.500161938,0.500161938,0,0,0,0
EPISODE,PyYiZvwjQw13umitWd3D,001,"Local Bitcoiners • 001. Starting and Growing Meetups | Western MA and South Bend, IN",SF3806LD7gf6YicThAUA,j2Y42rBvWqT4Ohozh5UAsDjUnqx2,npub1va3773umzrydk4vd0q2xsnjg8qrsym7up9j9agnzcxd8u398wulq6kpxey,TamtamBam,,fountain:2HAZEJWxuK2tvudg5qts;npub:npub1va3773umzrydk4vd0q2xsnjg8qrsym7up9j9agnzcxd8u398wulq6kpxey,2026-02-08T13:42:33.915Z,2026-02-08T13:42:35.042Z,2026-02-21T00:05:01.678Z,0,0,0,0,0,0,221,221,0,0,0,0,221,221,0,0,0,0,221,221,0,0,0,0,0,0,0,0,0,0,0.15728,0.15728,0,0,0,0,0.15727252839999997,0.15727252839999997,0,0,0,0,0.15727596679999997,0.15727596679999997,0,0,0,0
EPISODE,PyYiZvwjQw13umitWd3D,001,"Local Bitcoiners • 001. Starting and Growing Meetups | Western MA and South Bend, IN",fLznhqh0B8aXNTnfKP7E,eum6WesavrMEFELO6uBAZTOHTfz1,npub1wurnmeal9cjegaqewyh3pv0l0c7rf3n7sa6tanafe6hz2qgdemdsfyh7qn,Trent Dudenhoeffer,,fountain:72b95emOZybnaQ1OgY3U;npub:npub1wurnmeal9cjegaqewyh3pv0l0c7rf3n7sa6tanafe6hz2qgdemdsfyh7qn,2026-02-08T18:30:13.838Z,2026-02-08T18:47:04.393Z,2026-02-21T00:05:03.076Z,0,0,0,0,0,0,220,0,220,0,0,0,220,0,220,0,0,0,220,0,220,0,0,0,0,0,0,0,0,0,0.1565,0,0.1565,0,0,0,0.15652149810000002,0,0.15652149810000002,0,0,0,0.1565222196,0,0.1565222196,0,0,0
EPISODE,PyYiZvwjQw13umitWd3D,001,"Local Bitcoiners • 001. Starting and Growing Meetups | Western MA and South Bend, IN",h51imI3Ls3vTDsE3VGaL,DVH3MFa1b1PWL8ywR43fbemKVn73,npub1marc26z8nh3xkj5rcx7ufkatvx6ueqhp5vfw9v5teq26z254renshtf3g0,Marc Kat,,fountain:8TZE1p1GQzUHncVifvJR;npub:npub1marc26z8nh3xkj5rcx7ufkatvx6ueqhp5vfw9v5teq26z254renshtf3g0,2026-02-09T19:37:05.700Z,2026-02-09T19:37:06.854Z,2026-02-21T00:05:07.474Z,0,0,0,0,0,0,210,210,0,0,0,0,210,210,0,0,0,0,210,210,0,0,0,0,0,0,0,0,0,0,0.14868,0.14868,0,0,0,0,0.148676976,0.148676976,0,0,0,0,0.14867503359999998,0.14867503359999998,0,0,0,0
EPISODE,PyYiZvwjQw13umitWd3D,001,"Local Bitcoiners • 001. Starting and Growing Meetups | Western MA and South Bend, IN",wG0WS6COfxecoMtrL0OM,,,Anonymous,,uuid:16bf85f6-87a8-477d-8705-628d64a6c58b,2026-02-10T16:55:18.865Z,2026-02-10T16:55:18.933Z,2026-02-21T00:05:13.175Z,0,0,0,0,0,0,200,200,0,0,0,0,200,200,0,0,0,0,200,200,0,0,0,0,0,0,0,0,0,0,0.13873,0.13873,0,0,0,0,0.138725,0.138725,0,0,0,0,0.13873,0.13873,0,0,0,0
EPISODE,PyYiZvwjQw13umitWd3D,001,"Local Bitcoiners • 001. Starting and Growing Meetups | Western MA and South Bend, IN",lSM8XpPsFShUoWJUJ1e5,,,Anonymous,,uuid:06881f47-fbd1-4f85-9361-0824b5234aa9,2026-02-09T17:09:28.733Z,2026-02-09T17:09:28.811Z,2026-02-21T00:05:07.073Z,0,0,0,0,0,0,200,200,0,0,0,0,200,200,0,0,0,0,200,200,0,0,0,0,0,0,0,0,0,0,0.13997,0.13997,0,0,0,0,0.139973,0.139973,0,0,0,0,0.13997,0.13997,0,0,0,0
EPISODE,PyYiZvwjQw13umitWd3D,001,"Local Bitcoiners • 001. Starting and Growing Meetups | Western MA and South Bend, IN",QjoIYbkDOnQ8URcRRGxy,Mf2yRoWaW2ZS4n7pdI5y3oaRlZC3,npub1jr525zmjjg5y99y2kx3r4cwzfcq98ke4kqeh5zpkveyt3gnnfk6sjvxjzt,Piez,,fountain:xqXqo83Km5FCYBQBQoN4;npub:npub1jr525zmjjg5y99y2kx3r4cwzfcq98ke4kqeh5zpkveyt3gnnfk6sjvxjzt,2026-02-04T12:54:51.399Z,2026-02-04T12:54:52.824Z,2026-02-21T00:04:00.685Z,0,0,0,0,0,0,121,121,0,0,0,0,121,121,0,0,0,0,121,121,0,0,0,0,0,0,0,0,0,0,0.09199,0.09199,0,0,0,0,0.0919939768,0.0919939768,0,0,0,0,0.0919934152,0.0919934152,0,0,0,0
EPISODE,PyYiZvwjQw13umitWd3D,001,"Local Bitcoiners • 001. Starting and Growing Meetups | Western MA and South Bend, IN",dTRAih4TzCDy4sBbCbRZ,6yBi8T4wBgPSh8TyEoWBc8VH0RC2,npub14ktnsqc2hpxqflawce9t4htvc6pvkdgp6xf6tlcujjuswuy324vqfhukks,Mark 🐢⚡️🫂💜,,fountain:aZbf51ZMbjlWDQ6btZzi;npub:npub14ktnsqc2hpxqflawce9t4htvc6pvkdgp6xf6tlcujjuswuy324vqfhukks,2026-02-08T21:03:28.923Z,2026-02-08T21:03:30.055Z,2026-02-21T00:05:02.876Z,0,0,0,0,0,0,100,100,0,0,0,0,100,100,0,0,0,0,100,100,0,0,0,0,0,0,0,0,0,0,0.07082,0.07082,0,0,0,0,0.07082038000000002,0.07082038000000002,0,0,0,0,0.07082397240000002,0.07082397240000002,0,0,0,0
EPISODE,PyYiZvwjQw13umitWd3D,001,"Local Bitcoiners • 001. Starting and Growing Meetups | Western MA and South Bend, IN",JW2YIr3V0sp3Bx1Mm2Rn,edCO2U2axVRBcrYoLYylq4GalP23,npub1h6dm833nvxz8ykmp3me6uf46agyjwgc535jfn6ew5gzl8rmmtxdq4ysge0,,,fountain:VWlo1yNhiSiFutCEgqQm;npub:npub1h6dm833nvxz8ykmp3me6uf46agyjwgc535jfn6ew5gzl8rmmtxdq4ysge0,2026-02-06T13:06:03.829Z,2026-02-06T13:06:04.973Z,2026-02-21T00:04:34.183Z,0,0,0,0,0,0,100,100,0,0,0,0,100,100,0,0,0,0,100,100,0,0,0,0,0,0,0,0,0,0,0.06671,0.06671,0,0,0,0,0.06671036999999999,0.06671036999999999,0,0,0,0,0.0667061626,0.0667061626,0,0,0,0
EPISODE,PyYiZvwjQw13umitWd3D,001,"Local Bitcoiners • 001. Starting and Growing Meetups | Western MA and South Bend, IN",k2N9vm8V7hqQijjwjqFs,,,Anonymous,,uuid:16f230bc-7ecd-40ba-a726-70a3b6bf9adc,2026-02-07T23:11:48.748Z,2026-02-07T23:11:48.839Z,2026-02-21T00:04:41.085Z,0,0,0,0,0,0,20,20,0,0,0,0,20,20,0,0,0,0,20,20,0,0,0,0,0,0,0,0,0,0,0.01379,0.01379,0,0,0,0,0.013785,0.013785,0,0,0,0,0.01379,0.01379,0,0,0,0
EPISODE,PyYiZvwjQw13umitWd3D,001,"Local Bitcoiners • 001. Starting and Growing Meetups | Western MA and South Bend, IN",FGDq8hAP4z30gDhGxzqF,,,Anonymous,,uuid:cf915208-50e8-43a5-bd75-c56f33a8058f,2026-02-09T14:43:58.889Z,2026-02-09T14:43:58.951Z,2026-02-21T00:05:05.786Z,0,0,0,0,0,0,20,20,0,0,0,0,20,20,0,0,0,0,20,20,0,0,0,0,0,0,0,0,0,0,0.01387,0.01387,0,0,0,0,0.013874,0.013874,0,0,0,0,0.01387,0.01387,0,0,0,0
EPISODE,PyYiZvwjQw13umitWd3D,001,"Local Bitcoiners • 001. Starting and Growing Meetups | Western MA and South Bend, IN",2JVRutrY7Kim97pL0MyD,,,Anonymous,,uuid:f58e6fac-025c-4a1a-a7a4-6b330f025c71,2026-02-10T16:50:38.862Z,2026-02-10T16:50:38.928Z,2026-02-21T00:05:12.674Z,0,0,0,0,0,0,20,20,0,0,0,0,20,20,0,0,0,0,20,20,0,0,0,0,0,0,0,0,0,0,0.01388,0.01388,0,0,0,0,0.013877,0.013877,0,0,0,0,0.01388,0.01388,0,0,0,0
SHOW,Q48WBr6nT3mrbwMZ8ydY,,,YxnKrMLH385LnAOBSBBM,8Zso0hGJY6bYEzVz7HZXppOqphY2,npub1z3h8afkwknffxyspvjde77sj6euy66rtyul7qlkl7f2ygktxdqasnn760f,Matthew D,,fountain:1vfyk3yjU8M0Eq9oxl72;npub:npub1z3h8afkwknffxyspvjde77sj6euy66rtyul7qlkl7f2ygktxdqasnn760f,2026-02-10T12:00:36.823Z,2026-07-02T11:23:58.868Z,2026-07-14T00:03:10.188Z,0,0,0,0,0,0,15000,15000,0,0,0,0,80000,80000,0,0,0,0,80000,80000,0,0,0,0,0,0,0,0,0,0,9.21482,9.21482,0,0,0,0,57.37750624999997,57.37750624999997,0,0,0,0,57.37750201999998,57.37750201999998,0,0,0,0
SHOW,Q48WBr6nT3mrbwMZ8ydY,,,n4SoibWjrXzmSBLWBvES,,,Anonymous,,uuid:48896dff-f4a5-4092-b9c8-97c9a3c3159b,2026-06-11T00:25:33.762Z,2026-06-11T00:25:39.969Z,2026-07-11T00:01:11.197Z,0,0,0,0,0,0,0,0,0,0,0,0,69420,69420,0,0,0,0,69420,69420,0,0,0,0,0,0,0,0,0,0,0,0,0,0,0,0,42.8817,42.8817,0,0,0,0,42.881702000000004,42.881702000000004,0,0,0,0
SHOW,Q48WBr6nT3mrbwMZ8ydY,,,lCmQIdJgpT7iLix3rTyC,PAd9W5NIMjOa1jOgT8oKzs8NWT23,npub1vpx9596duxdsmx4kwksycm2u4qy0gr6mzg289m52q96gdy97s9zsnkjspj,Otis Bitmeyer,,fountain:2AhPgdSfDXdIOrzayv7v;npub:npub1vpx9596duxdsmx4kwksycm2u4qy0gr6mzg289m52q96gdy97s9zsnkjspj,2026-02-09T13:41:50.799Z,2026-05-18T14:21:41.497Z,2026-05-19T00:02:00.486Z,10420,10420,0,0,0,0,10420,10420,0,0,0,0,30529,30529,0,0,0,0,30529,30529,0,0,0,0,7.98641,7.98641,0,0,0,0,7.98641,7.98641,0,0,0,0,21.725737750600004,21.725737750600004,0,0,0,0,21.725736966600003,21.725736966600003,0,0,0,0
SHOW,Q48WBr6nT3mrbwMZ8ydY,,,nmOO9cNgbRMLMzuHq9cQ,,npub1ljswqt5rr5hpd3ee86n4qp9uvqafk233wlsvndxu7sxg8q889fxse79q6n,"BITCOIN is for EVERYONE (May 22-23, 2026)",,npub:npub1ljswqt5rr5hpd3ee86n4qp9uvqafk233wlsvndxu7sxg8q889fxse79q6n,2026-03-24T04:00:20.520Z,2026-04-07T17:45:50.256Z,2026-04-30T00:02:37.782Z,0,0,0,0,0,0,23030,23030,0,0,0,0,29932,29932,0,0,0,0,29932,29932,0,0,0,0,0,0,0,0,0,0,15.79605,15.79605,0,0,0,0,20.662598,20.662598,0,0,0,0,20.662595,20.662595,0,0,0,0
SHOW,Q48WBr6nT3mrbwMZ8ydY,,,3oKJhX5Te7yv7F5sH3q6,wBHeoBISpFargiwQptg0FaaIwt23,npub15wzuy60l6p2kg8pr2juvw4jw0ctaexyyar8qzamcvwx4kk6pdcvq07skp8,Wartime,,fountain:9ZMfG0jX1BNx3NR6qMFp;npub:npub15wzuy60l6p2kg8pr2juvw4jw0ctaexyyar8qzamcvwx4kk6pdcvq07skp8,2026-02-09T16:04:13.928Z,2026-06-13T06:00:43.736Z,2026-07-13T00:01:11.002Z,0,0,0,0,0,0,0,0,0,0,0,0,25730,25730,0,0,0,0,25730,25730,0,0,0,0,0,0,0,0,0,0,0,0,0,0,0,0,17.94839091990001,17.94839091990001,0,0,0,0,17.94838658230001,17.94838658230001,0,0,0,0
SHOW,Q48WBr6nT3mrbwMZ8ydY,,,Ipnpa9g1ruFE55jkd93D,VG78QtXuevPiJdIj5ZCyVqRX6c53,npub1mc909r6rtu2kfmzfy9u5vzy60jlhgqgzty0jqlz0qhkdraxcypcqduvk2m,Logues,,fountain:rncGzbsVVjleYJ3aIgd8;npub:npub1mc909r6rtu2kfmzfy9u5vzy60jlhgqgzty0jqlz0qhkdraxcypcqduvk2m,2026-04-16T17:56:18.910Z,2026-06-25T20:58:49.542Z,2026-07-14T00:02:38.290Z,0,0,0,0,0,0,0,0,0,0,0,0,23388,12000,11388,0,0,0,23388,12000,11388,0,0,0,0,0,0,0,0,0,0,0,0,0,0,0,15.91483899999997,8.444354,7.470485000000002,0,0,0,15.91483699999997,8.444352,7.470485000000002,0,0,0
SHOW,Q48WBr6nT3mrbwMZ8ydY,,,fhbV5HtfnTuEfhs2O3Rb,apaVhvQDPMOSW9IvmhBnti03xns2,npub1x57njsdpz92cudukgmx9s5r0asfjas7g2w5tdvear25hm6uy970qjddxuw,WeAllEat,,fountain:yEHTC2V60uEuUrQPQqbq;npub:npub1x57njsdpz92cudukgmx9s5r0asfjas7g2w5tdvear25hm6uy970qjddxuw,2026-04-06T14:41:49.005Z,2026-04-06T17:21:59.971Z,2026-04-30T00:02:33.090Z,0,0,0,0,0,0,15732,10020,5712,0,0,0,15732,10020,5712,0,0,0,15732,10020,5712,0,0,0,0,0,0,0,0,0,10.95033,6.96506,3.98527,0,0,0,10.950040140900017,6.965056307999999,3.9849838329000002,0,0,0,10.950044565900017,6.965056307999999,3.9849882579000004,0,0,0
SHOW,Q48WBr6nT3mrbwMZ8ydY,,,rhsS6de21m2mU3Awaeqf,LpT5bOLeFocnUcK46y0v6SOTJca2,npub1a6hvdlk99q83hsw8cgzdjww8m7xnxx9yg77mfmm60n45fed6kdgsaprzvp,KT,,fountain:OSAxX4OlbIfagpT84oB9;npub:npub1a6hvdlk99q83hsw8cgzdjww8m7xnxx9yg77mfmm60n45fed6kdgsaprzvp,2026-04-08T21:02:33.964Z,2026-07-11T20:07:56.422Z,2026-07-14T00:00:53.193Z,2121,2121,0,0,0,0,2121,2121,0,0,0,0,14342,14342,0,0,0,0,14342,14342,0,0,0,0,1.36289,1.36289,0,0,0,0,1.36289,1.36289,0,0,0,0,10.427812839749997,10.427812839749997,0,0,0,0,10.427808808749997,10.427808808749997,0,0,0,0
SHOW,Q48WBr6nT3mrbwMZ8ydY,,,zIDpKd3sbUHcdp8IZEMl,iNOsu5YCLobboP0b7h9R6TgXfU12,npub1xgyjasdztryl9sg6nfdm2wcj0j3qjs03sq7a0an32pg0lr5l6yaqxhgu7s,Reed,,fountain:BpA9eMhqose45sa3mtJ8;npub:npub1xgyjasdztryl9sg6nfdm2wcj0j3qjs03sq7a0an32pg0lr5l6yaqxhgu7s,2026-03-21T11:50:38.945Z,2026-05-01T10:29:35.622Z,2026-05-08T00:00:24.188Z,0,0,0,0,0,0,0,0,0,0,0,0,12264,12264,0,0,0,0,12264,12264,0,0,0,0,0,0,0,0,0,0,0,0,0,0,0,0,9.12158778,9.12158778,0,0,0,0,9.1215885224,9.1215885224,0,0,0,0
SHOW,Q48WBr6nT3mrbwMZ8ydY,,,yFXwORaMTR8im9QWejfX,k6dGIt9k2hRnm73z7BCUVVBQwtz1,npub15ymzglvv4alrp06q85eqqmawegxf688v0gtqwhjpgtp0a4k2mesqshkwwx,,,fountain:QHTmd73FmJgg0Id3Qd5S;npub:npub15ymzglvv4alrp06q85eqqmawegxf688v0gtqwhjpgtp0a4k2mesqshkwwx,2026-02-04T20:55:18.874Z,2026-06-08T18:05:16.344Z,2026-07-08T00:01:19.408Z,0,0,0,0,0,0,0,0,0,0,0,0,11714,11714,0,0,0,0,11714,11714,0,0,0,0,0,0,0,0,0,0,0,0,0,0,0,0,8.628572655916663,8.628572655916663,0,0,0,0,8.628569675316664,8.628569675316664,0,0,0,0
SHOW,Q48WBr6nT3mrbwMZ8ydY,,,Mb9VbO8QSk9GEjtdEyXM,UMxrkHYk1mRqmpw531Uh4KFxYtD2,npub1z9hy7a0n8zxnhgrcew2nnkr4sx6sum07exve99pqq30leujye3usgd858n,Business Cat,,fountain:kGxWOyZjGPrYkQGbzIjC;npub:npub1z9hy7a0n8zxnhgrcew2nnkr4sx6sum07exve99pqq30leujye3usgd858n,2026-02-22T13:41:00.307Z,2026-03-13T19:56:05.476Z,2026-04-12T00:01:36.486Z,0,0,0,0,0,0,0,0,0,0,0,0,10225,10225,0,0,0,0,10225,10225,0,0,0,0,0,0,0,0,0,0,0,0,0,0,0,0,6.891564306799999,6.891564306799999,0,0,0,0,6.8915685018,6.8915685018,0,0,0,0
SHOW,Q48WBr6nT3mrbwMZ8ydY,,,Hmet3X321Bond1DF6Nvf,,npub16djxdyd6tvwhjmq7rv6rphcqlcgcnmyuyv580tw7rry0v440rrcq4ukhtp,jordan,,npub:npub16djxdyd6tvwhjmq7rv6rphcqlcgcnmyuyv580tw7rry0v440rrcq4ukhtp,2026-05-02T22:20:24.005Z,2026-05-02T22:26:15.030Z,2026-05-09T00:00:29.092Z,0,0,0,0,0,0,10100,10100,0,0,0,0,10100,10100,0,0,0,0,10100,10100,0,0,0,0,0,0,0,0,0,0,7.951,7.951,0,0,0,0,7.950991999999999,7.950991999999999,0,0,0,0,7.950994,7.950994,0,0,0,0
SHOW,Q48WBr6nT3mrbwMZ8ydY,,,rtAKP1IQiEUnglejlqxy,jvuoylxHrzXSgRCCSVdcZBIsqfp2,npub1pn38rzamuksfa2v0rv43uvlk4jgk4js3dwp2gr5v02ygwflntcnsylcvfz,lonelypumpkins,,fountain:lBx1nyHJ9PODvJ9P3soR;npub:npub1pn38rzamuksfa2v0rv43uvlk4jgk4js3dwp2gr5v02ygwflntcnsylcvfz,2026-02-17T12:25:23.831Z,2026-02-28T14:24:00.796Z,2026-03-30T00:01:59.786Z,0,0,0,0,0,0,0,0,0,0,0,0,10000,10000,0,0,0,0,10000,10000,0,0,0,0,0,0,0,0,0,0,0,0,0,0,0,0,6.637620500000001,6.637620500000001,0,0,0,0,6.63762276,6.63762276,0,0,0,0
SHOW,Q48WBr6nT3mrbwMZ8ydY,,,twX0w7K84M6WVCgW2DNY,,,Anonymous,,uuid:21d749fa-247f-4131-a510-40ca331be776,2026-02-24T01:25:00.087Z,2026-02-24T01:25:00.184Z,2026-03-26T00:02:08.776Z,0,0,0,0,0,0,0,0,0,0,0,0,9800,9800,0,0,0,0,9800,9800,0,0,0,0,0,0,0,0,0,0,0,0,0,0,0,0,6.295259,6.295259,0,0,0,0,6.29526,6.29526,0,0,0,0
SHOW,Q48WBr6nT3mrbwMZ8ydY,,,Rp1XYA88kdj74PSdKtp1,,,Anonymous,,uuid:2790c88f-d72e-4dff-9df2-e5bbc2f25074,2026-02-10T16:55:20.071Z,2026-02-10T16:55:20.136Z,2026-02-21T00:05:13.177Z,0,0,0,0,0,0,9800,9800,0,0,0,0,9800,9800,0,0,0,0,9800,9800,0,0,0,0,0,0,0,0,0,0,6.79754,6.79754,0,0,0,0,6.797535,6.797535,0,0,0,0,6.79754,6.79754,0,0,0,0
SHOW,Q48WBr6nT3mrbwMZ8ydY,,,P9ETKvUETVYo2zIKLi71,,,Anonymous,,uuid:e88ba64e-c0e6-470b-a1ec-27d7f017cdf5,2026-02-16T23:10:20.200Z,2026-02-16T23:10:20.285Z,2026-02-21T00:00:47.987Z,9800,9800,0,0,0,0,9800,9800,0,0,0,0,9800,9800,0,0,0,0,9800,9800,0,0,0,0,6.73273,6.73273,0,0,0,0,6.73273,6.73273,0,0,0,0,6.732732,6.732732,0,0,0,0,6.73273,6.73273,0,0,0,0
SHOW,Q48WBr6nT3mrbwMZ8ydY,,,FWMEU4CHarBcueWAo9VN,,,Anonymous,,uuid:d4960d89-0fd6-40dc-9d4c-8cb56b1e9509,2026-02-09T17:09:29.976Z,2026-02-09T17:09:30.057Z,2026-02-21T00:05:06.982Z,0,0,0,0,0,0,9800,9800,0,0,0,0,9800,9800,0,0,0,0,9800,9800,0,0,0,0,0,0,0,0,0,0,6.85868,6.85868,0,0,0,0,6.858675,6.858675,0,0,0,0,6.85868,6.85868,0,0,0,0
SHOW,Q48WBr6nT3mrbwMZ8ydY,,,mnGUBeYzMwlNWXDjFaxZ,HbEZH8TzhNRJatbrCZTf8ABGzNa2,npub15604np6ccsk7ugph4nrg7kyq7kpme9lmcn4l0q2xk4yd5d6puu2s00dr0u,godsdeth (dr4kdr0u),,fountain:9gPYvkzzyRCfpJv4YXFG;npub:npub15604np6ccsk7ugph4nrg7kyq7kpme9lmcn4l0q2xk4yd5d6puu2s00dr0u,2026-02-27T20:27:59.071Z,2026-07-11T07:53:19.389Z,2026-07-14T00:00:50.996Z,1237,1237,0,0,0,0,2474,2474,0,0,0,0,8370,8370,0,0,0,0,8370,8370,0,0,0,0,0.79314,0.79314,0,0,0,0,1.58807,1.58807,0,0,0,0,6.011393175333335,6.011393175333335,0,0,0,0,6.011393397833334,6.011393397833334,0,0,0,0
SHOW,Q48WBr6nT3mrbwMZ8ydY,,,nEKeXH4c5lG5d3Ptafzj,O0t9roBWWUYZNulUFYJ3qJAX2LQ2,npub13h3hhzv20uqjsyrmj95mstdvsqae3th5a2vr7ctjal2rvpw34xvsdwa57n,Pleb2Polymath,,fountain:j5sIB6SPNw3y4nB6V3RY;npub:npub13h3hhzv20uqjsyrmj95mstdvsqae3th5a2vr7ctjal2rvpw34xvsdwa57n,2026-02-10T18:03:03.901Z,2026-07-09T11:25:00.768Z,2026-07-14T00:00:34.006Z,1319,0,1319,0,0,0,5195,0,5195,0,0,0,7989,420,7569,0,0,0,7989,420,7569,0,0,0,0.82522,0,0.82522,0,0,0,3.2133,0,3.2133,0,0,0,4.974728238116636,0.292534158,4.68219408011663,0,0,0,4.974726464516635,0.29253238439999996,4.68219408011663,0,0,0
SHOW,Q48WBr6nT3mrbwMZ8ydY,,,VK1KCx2RYdl763bXwHqv,,,Anonymous,,uuid:5a5b842a-e422-4337-9d47-4215c13bbca4,2026-07-03T17:35:13.768Z,2026-07-03T17:35:28.770Z,2026-07-14T00:03:14.887Z,0,0,0,0,0,0,6900,6900,0,0,0,0,6900,6900,0,0,0,0,6900,6900,0,0,0,0,0,0,0,0,0,0,4.28688,4.28688,0,0,0,0,4.286872,4.286872,0,0,0,0,4.286874,4.286874,0,0,0,0
SHOW,Q48WBr6nT3mrbwMZ8ydY,,,Aau3qgxZ3wj0PKF0JCtw,DVH3MFa1b1PWL8ywR43fbemKVn73,npub1marc26z8nh3xkj5rcx7ufkatvx6ueqhp5vfw9v5teq26z254renshtf3g0,Marc Kat,,fountain:8TZE1p1GQzUHncVifvJR;npub:npub1marc26z8nh3xkj5rcx7ufkatvx6ueqhp5vfw9v5teq26z254renshtf3g0,2026-02-09T19:37:05.678Z,2026-04-12T13:05:15.972Z,2026-04-30T00:03:15.086Z,0,0,0,0,0,0,0,0,0,0,0,0,6210,6210,0,0,0,0,6210,6210,0,0,0,0,0,0,0,0,0,0,0,0,0,0,0,0,4.434041676,4.434041676,0,0,0,0,4.4340397336,4.4340397336,0,0,0,0
SHOW,Q48WBr6nT3mrbwMZ8ydY,,,PhdiFAakbI76jDQOLuvu,ZDYvUjV8TWeRF0DxnSSYxQ4If5g2,npub15glanrx7rprvc8w2uyl3rr0wqcpy82ry94g4fhkhwlg5gy8t9j4s57pasy,LateStageHODL,,fountain:5G263ZgtMmD9UE9OIPEy;npub:npub15glanrx7rprvc8w2uyl3rr0wqcpy82ry94g4fhkhwlg5gy8t9j4s57pasy,2026-04-16T21:58:13.851Z,2026-05-12T21:59:14.438Z,2026-05-19T00:00:47.382Z,0,0,0,0,0,0,0,0,0,0,0,0,6006,6006,0,0,0,0,6006,6006,0,0,0,0,0,0,0,0,0,0,0,0,0,0,0,0,4.5037024032,4.5037024032,0,0,0,0,4.5036983392,4.5036983392,0,0,0,0
SHOW,Q48WBr6nT3mrbwMZ8ydY,,,V7NHubRgYMfo0UkTansq,nxFftFws0CWlvFZ7XdlXIqW1ZFM2,npub13q8evu294dnt20vacfuagj5hy2agwhfr93el8h68qlg708zrxm8qnd6vpv,plebianon@fountain.fm,plebianon,fountain:lgW4CKFWWwwXpSCFHOxI;npub:npub13q8evu294dnt20vacfuagj5hy2agwhfr93el8h68qlg708zrxm8qnd6vpv,2026-06-22T14:02:24.189Z,2026-07-06T01:20:51.388Z,2026-07-14T00:03:25.189Z,0,0,0,0,0,0,5663,5663,0,0,0,0,5663,5663,0,0,0,0,5663,5663,0,0,0,0,0,0,0,0,0,0,3.63346,3.63346,0,0,0,0,3.6334577221833335,3.6334577221833335,0,0,0,0,3.6334585816666665,3.6334585816666665,0,0,0,0
SHOW,Q48WBr6nT3mrbwMZ8ydY,,,Vk5kcB1uy1XKiH4H7w05,j3wQsWywA3NYcbDY9tkNJxrcEco1,npub1a3zuwhttqgxw340qgupl24jmydnssmht05v48ecm5tvx762d358sexf24q,whit6r@fountain.fm,whit6r,fountain:CzsSyfneN4MajO7maY6X;npub:npub1a3zuwhttqgxw340qgupl24jmydnssmht05v48ecm5tvx762d358sexf24q,2026-06-26T14:57:43.846Z,2026-06-26T14:57:54.306Z,2026-07-14T00:02:40.392Z,0,0,0,0,0,0,5000,5000,0,0,0,0,5000,5000,0,0,0,0,5000,5000,0,0,0,0,0,0,0,0,0,0,2.96957,2.96957,0,0,0,0,2.9695655,2.9695655,0,0,0,0,2.969568885,2.969568885,0,0,0,0
SHOW,Q48WBr6nT3mrbwMZ8ydY,,,3ewdvalcgMgjtEhPAjfx,,,Anonymous,,uuid:1427440a-9755-46b5-852c-9706c7dd7913,2026-05-04T15:29:53.862Z,2026-05-04T15:29:59.516Z,2026-05-11T00:00:31.886Z,0,0,0,0,0,0,5000,5000,0,0,0,0,5000,5000,0,0,0,0,5000,5000,0,0,0,0,0,0,0,0,0,0,3.98697,3.98697,0,0,0,0,3.986955,3.986955,0,0,0,0,3.9869600000000003,3.9869600000000003,0,0,0,0
SHOW,Q48WBr6nT3mrbwMZ8ydY,,,pt5ihzOM8k20JFLQVXgo,,,Anonymous,,uuid:ad3859e2-752e-4e44-9262-219891ff660d,2026-04-23T21:14:40.015Z,2026-04-23T21:14:40.077Z,2026-04-30T00:00:27.983Z,0,0,0,0,0,0,4950,4950,0,0,0,0,4950,4950,0,0,0,0,4950,4950,0,0,0,0,0,0,0,0,0,0,3.8559,3.8559,0,0,0,0,3.855901,3.855901,0,0,0,0,3.8559,3.8559,0,0,0,0
SHOW,Q48WBr6nT3mrbwMZ8ydY,,,WqELhL9hUSp1EMTDNeJm,,,Anonymous,,uuid:63b4d4c8-2ef8-4b87-a3d5-5a26f3e23e83,2026-04-23T21:14:38.763Z,2026-04-23T21:14:38.844Z,2026-04-30T00:00:28.584Z,0,0,0,0,0,0,4950,4950,0,0,0,0,4950,4950,0,0,0,0,4950,4950,0,0,0,0,0,0,0,0,0,0,3.8559,3.8559,0,0,0,0,3.855901,3.855901,0,0,0,0,3.8559,3.8559,0,0,0,0
SHOW,Q48WBr6nT3mrbwMZ8ydY,,,cLet8NxLM5zyA92Dceb1,,,Anonymous,,uuid:03564c31-d019-4dc3-98e9-a2a3740013e3,2026-04-15T20:33:35.141Z,2026-04-15T20:33:35.216Z,2026-04-30T00:03:48.686Z,0,0,0,0,0,0,4900,4900,0,0,0,0,4900,4900,0,0,0,0,4900,4900,0,0,0,0,0,0,0,0,0,0,3.67056,3.67056,0,0,0,0,3.670558,3.670558,0,0,0,0,3.67056,3.67056,0,0,0,0
SHOW,Q48WBr6nT3mrbwMZ8ydY,,,C0QL0akyVpsST3T7KHVc,,,Anonymous,,uuid:740e8896-a5af-499c-9597-26f1abb2f207,2026-04-15T20:33:28.875Z,2026-04-15T20:33:28.945Z,2026-04-30T00:03:48.682Z,0,0,0,0,0,0,4900,4900,0,0,0,0,4900,4900,0,0,0,0,4900,4900,0,0,0,0,0,0,0,0,0,0,3.67056,3.67056,0,0,0,0,3.670558,3.670558,0,0,0,0,3.67056,3.67056,0,0,0,0
SHOW,Q48WBr6nT3mrbwMZ8ydY,,,UItCF7lqa7FkMjfHW8QG,6St5Pbyf0yN0WOq0LhZ8vJMd6Y73,npub1lldaex9dr9u2wy5cnezu0krhughxjdy5mw8rudvn5xxcsystkvrs56meh9,randomjunque@fountain.fm,randomjunque,fountain:0x5e6AhgllpJEewEwgCL;npub:npub1lldaex9dr9u2wy5cnezu0krhughxjdy5mw8rudvn5xxcsystkvrs56meh9,2026-06-19T00:33:26.655Z,2026-06-20T00:11:05.751Z,2026-07-14T00:02:01.296Z,0,0,0,0,0,0,4315,1000,3315,0,0,0,4315,1000,3315,0,0,0,4315,1000,3315,0,0,0,0,0,0,0,0,0,2.721,0.62952,2.09148,0,0,0,2.721023318483336,0.6295284833333333,2.0914948351500016,0,0,0,2.721019408166669,0.6295284833333333,2.091490924833335,0,0,0
SHOW,Q48WBr6nT3mrbwMZ8ydY,,,6l1nobHyyAsWHyTvALSE,R07KkRyXYGObn7pgD0aydt78km83,npub1hsgepx397hx2fujq5dvzgwynpt4hnnjfhlq4vqjdntlxku67vt6s85gyeh,user68699982@fountain.fm,user68699982,fountain:xleyutBphSsHkZ5Mzjir;npub:npub1hsgepx397hx2fujq5dvzgwynpt4hnnjfhlq4vqjdntlxku67vt6s85gyeh,2026-06-14T00:24:33.925Z,2026-06-14T00:43:38.901Z,2026-07-14T00:01:21.198Z,0,0,0,0,0,0,0,0,0,0,0,0,4270,4270,0,0,0,0,4270,4270,0,0,0,0,0,0,0,0,0,0,0,0,0,0,0,0,2.7504647810000002,2.7504647810000002,0,0,0,0,2.750467165,2.750467165,0,0,0,0
SHOW,Q48WBr6nT3mrbwMZ8ydY,,,bMQoKkpWWj89ol1Fp5sa,edCO2U2axVRBcrYoLYylq4GalP23,npub1h6dm833nvxz8ykmp3me6uf46agyjwgc535jfn6ew5gzl8rmmtxdq4ysge0,,,fountain:VWlo1yNhiSiFutCEgqQm;npub:npub1h6dm833nvxz8ykmp3me6uf46agyjwgc535jfn6ew5gzl8rmmtxdq4ysge0,2026-02-06T13:06:03.851Z,2026-07-02T22:20:20.172Z,2026-07-14T00:03:12.792Z,0,0,0,0,0,0,2000,2000,0,0,0,0,4200,4200,0,0,0,0,4200,4200,0,0,0,0,0,0,0,0,0,0,1.22931,1.22931,0,0,0,0,2.8807949166666664,2.8807949166666664,0,0,0,0,2.8807907092666665,2.8807907092666665,0,0,0,0
SHOW,Q48WBr6nT3mrbwMZ8ydY,,,wbPTujEK2EbuHnN9UGto,mqZL3VhQ7eNt1ocETIPJSehIZxL2,npub1tan2cwtf8s7zxvck79qllzaa7smy03y9ftd50gk6jnag2htnslssyfhjmr,,,fountain:Geb32d76J4nqhSzw4D88;npub:npub1tan2cwtf8s7zxvck79qllzaa7smy03y9ftd50gk6jnag2htnslssyfhjmr,2026-03-26T23:07:54.169Z,2026-05-22T04:40:53.872Z,2026-06-21T00:01:29.209Z,0,0,0,0,0,0,0,0,0,0,0,0,3944,3840,104,0,0,0,3944,3840,104,0,0,0,0,0,0,0,0,0,0,0,0,0,0,0,2.8111902072000006,2.730403472,0.0807867352,0,0,0,2.8111911612000005,2.7304044259999998,0.0807867352,0,0,0
SHOW,Q48WBr6nT3mrbwMZ8ydY,,,zsYZLNGITLQcjZPz8pIh,uNpPKoDyCmYrELaxq0pVL4cMOS53,npub1pgp72xqqlg75xwnct7ktu9a99fsxvsyje9rwy6a4dyhxsq4usx6svcv3tz,UsedToReadALot,,fountain:2PxPjnIfDtHKRb95lMuH;npub:npub1pgp72xqqlg75xwnct7ktu9a99fsxvsyje9rwy6a4dyhxsq4usx6svcv3tz,2026-03-24T02:10:55.764Z,2026-04-22T21:09:04.459Z,2026-04-30T00:04:47.481Z,0,0,0,0,0,0,2204,0,2204,0,0,0,3832,0,3832,0,0,0,3832,0,3832,0,0,0,0,0,0,0,0,0,1.73148,0,1.73148,0,0,0,2.878765554800003,0,2.878765554800003,0,0,0,2.8787702757000027,0,2.8787702757000027,0,0,0
SHOW,Q48WBr6nT3mrbwMZ8ydY,,,2Bshxk4KObfb1wJxug4l,XAwLrEk0VkWwi4mauZBT0G5jOmg1,npub1er2vkexlh7kd56j929crc4stw83hqzvl0xpewsrv3ceyda9ld3xszwjwex,Hot Wax Social Club,,fountain:ClWFeU3t2zWi1SQ1aSWL;npub:npub1er2vkexlh7kd56j929crc4stw83hqzvl0xpewsrv3ceyda9ld3xszwjwex,2026-04-23T21:13:18.967Z,2026-04-23T21:51:14.345Z,2026-04-30T00:00:28.787Z,0,0,0,0,0,0,3751,0,3751,0,0,0,3751,0,3751,0,0,0,3751,0,3751,0,0,0,0,0,0,0,0,0,2.92461,0,2.92461,0,0,0,2.924426774900002,0,2.924426774900002,0,0,0,2.9244242866000016,0,2.9244242866000016,0,0,0
SHOW,Q48WBr6nT3mrbwMZ8ydY,,,Ysm9rhb65XesDqbX98J6,351oDRNW4sPJ7HT9KgbUcxNIdjo2,npub1zqdpzty2mshxncqqxy2078qax6mlehsxmpx5095wtxw4tpepkr0s2ce6fj,Permanerd 🌱 💻,,fountain:9CtlNkiXZnDOAj5UT8Px;npub:npub1zqdpzty2mshxncqqxy2078qax6mlehsxmpx5095wtxw4tpepkr0s2ce6fj,2026-04-22T17:00:48.887Z,2026-06-06T17:56:06.296Z,2026-07-06T00:01:01.096Z,0,0,0,0,0,0,0,0,0,0,0,0,3500,3500,0,0,0,0,3500,3500,0,0,0,0,0,0,0,0,0,0,0,0,0,0,0,0,2.55274795,2.55274795,0,0,0,0,2.552747499,2.552747499,0,0,0,0
SHOW,Q48WBr6nT3mrbwMZ8ydY,,,QP3KQLmI8Feu9iOQiSQZ,8v0cU73zZ7ZnL0xmVGt4fq8PysR2,npub1563z6kxmvuy7s8zhzan8m0hzmkavyfzg2aw6h7f0fvcvdms398csaxc9n6,Bugle.News #40HPW🎧,,fountain:VZCAAiKY5UXl7vD8e88R;npub:npub1563z6kxmvuy7s8zhzan8m0hzmkavyfzg2aw6h7f0fvcvdms398csaxc9n6,2026-04-22T22:48:28.763Z,2026-04-22T22:48:34.347Z,2026-04-30T00:04:47.684Z,0,0,0,0,0,0,3455,3455,0,0,0,0,3455,3455,0,0,0,0,3455,3455,0,0,0,0,0,0,0,0,0,0,2.71453,2.71453,0,0,0,0,2.714532001,2.714532001,0,0,0,0,2.714534293,2.714534293,0,0,0,0
SHOW,Q48WBr6nT3mrbwMZ8ydY,,,oDBPqQqPdAcwdh6WErc3,,,Anonymous,,uuid:e7b95ec8-7b69-4808-96ec-85c4f64760e0,2026-06-25T14:25:53.949Z,2026-06-25T14:26:15.753Z,2026-07-14T00:02:37.791Z,0,0,0,0,0,0,2500,2500,0,0,0,0,3325,3325,0,0,0,0,3325,3325,0,0,0,0,0,0,0,0,0,0,1.48072,1.48072,0,0,0,0,1.9693590000000003,1.9693590000000003,0,0,0,0,1.9693590000000003,1.9693590000000003,0,0,0,0
SHOW,Q48WBr6nT3mrbwMZ8ydY,,,hv1r4LLOPGqFfJvu0DEE,RUoGkVgmPtTT5hDt1yuHS9UjOU82,npub10gudflxfrvk6dzm3gwr8vwllnatsw2anlkuzjl6mw77a4hgj9aaqjagxvq,william_the_french,,fountain:t8MSXS85BqukhsDelCrD;npub:npub10gudflxfrvk6dzm3gwr8vwllnatsw2anlkuzjl6mw77a4hgj9aaqjagxvq;npub:npub15rnr0y725evntjc8whryzfgqptts5tezthq28arpea6q20tdm5gq62z5dt,2026-04-15T20:39:03.942Z,2026-06-13T11:04:24.430Z,2026-07-13T00:01:12.000Z,0,0,0,0,0,0,0,0,0,0,0,0,3255,3255,0,0,0,0,3255,3255,0,0,0,0,0,0,0,0,0,0,0,0,0,0,0,0,2.407486764,2.407486764,0,0,0,0,2.4074908909999997,2.4074908909999997,0,0,0,0
SHOW,Q48WBr6nT3mrbwMZ8ydY,,,6fqTsBp9beaEJpiWwY5U,rRgY0RLJfXgtWtp1TOpRcpMyjNk2,npub10jzgn0sfgm83pnha2hsjlgq03hj0u6pmwqhjh70wuar7mmermaesgxar98,SenditMike,,fountain:jvDb9FpG97mXuWD4jJNN;npub:npub10jzgn0sfgm83pnha2hsjlgq03hj0u6pmwqhjh70wuar7mmermaesgxar98,2026-02-22T16:10:40.911Z,2026-02-22T16:12:24.391Z,2026-03-24T00:02:45.987Z,0,0,0,0,0,0,0,0,0,0,0,0,3207,3207,0,0,0,0,3207,3207,0,0,0,0,0,0,0,0,0,0,0,0,0,0,0,0,2.1673630782,2.1673630782,0,0,0,0,2.1673630842,2.1673630842,0,0,0,0
SHOW,Q48WBr6nT3mrbwMZ8ydY,,,pCKuziMoUsEVJboEdJA0,kKfkYVqCfSc3nm8TW1plp2lzbIB3,npub1avlfy74e7pmhtc2wxjnp5v5ag59jmz6jkaeurkaqgp9segw97s9qycq6k3,user63647123@fountain.fm,user63647123,fountain:lczIJF0ZryqMxZWUPH86;npub:npub1avlfy74e7pmhtc2wxjnp5v5ag59jmz6jkaeurkaqgp9segw97s9qycq6k3,2026-05-08T02:46:48.851Z,2026-06-24T02:54:16.249Z,2026-07-14T00:02:33.289Z,0,0,0,0,0,0,1500,1500,0,0,0,0,3180,3180,0,0,0,0,3180,3180,0,0,0,0,0,0,0,0,0,0,0.94707,0.94707,0,0,0,0,2.297889322666667,2.297889322666667,0,0,0,0,2.297890955666667,2.297890955666667,0,0,0,0
SHOW,Q48WBr6nT3mrbwMZ8ydY,,,QgZZtfbpyjmCsprzJ1iS,MOEznH85cINjrSAwP4n1TCdtCxJ3,npub1zgy6k5c8qdw3zjvhwf6gjyqcpsdq7jgd8lndsjzpfvtfqykkj65smuswzn,user81746689@fountain.fm,user81746689,fountain:6Anb8v4DtKfCBLxQsuCD;npub:npub1zgy6k5c8qdw3zjvhwf6gjyqcpsdq7jgd8lndsjzpfvtfqykkj65smuswzn,2026-04-27T17:02:33.991Z,2026-06-19T11:54:17.386Z,2026-07-14T00:01:57.696Z,0,0,0,0,0,0,500,500,0,0,0,0,3100,3100,0,0,0,0,3100,3100,0,0,0,0,0,0,0,0,0,0,0.31288,0.31288,0,0,0,0,2.237366931666666,2.237366931666666,0,0,0,0,2.237365000666666,2.237365000666666,0,0,0,0
SHOW,Q48WBr6nT3mrbwMZ8ydY,,,p8Nbjt5Vr4vP0pMupdIL,cOMbBgsOjphvkw0MqUlIaSksCHv1,npub1phvflpwfkevj50jlvaw5lerl7avynpwt5tl9kpmt07kwmnsw04vqe9n97v,Boomer,,fountain:7tv5mf8CjBxZ7HNaaWYZ;npub:npub1phvflpwfkevj50jlvaw5lerl7avynpwt5tl9kpmt07kwmnsw04vqe9n97v,2026-02-16T13:58:59.092Z,2026-03-26T11:46:40.045Z,2026-04-25T00:01:36.380Z,0,0,0,0,0,0,0,0,0,0,0,0,3000,3000,0,0,0,0,3000,3000,0,0,0,0,0,0,0,0,0,0,0,0,0,0,0,0,2.0518437,2.0518437,0,0,0,0,2.051845666,2.051845666,0,0,0,0
SHOW,Q48WBr6nT3mrbwMZ8ydY,,,ePnKgMqVBFhrwi02iqpq,Nmi074pMyMPwK6m2Ip7HOlmt0jj1,npub1gdl92pgwnxjts7sa4q00kplegugav5a2an5s5pju7hkupmkqce4q0wfzsx,,,fountain:SDsQ1gMR0omZYEziVJnZ;npub:npub1gdl92pgwnxjts7sa4q00kplegugav5a2an5s5pju7hkupmkqce4q0wfzsx,2026-04-25T14:37:13.991Z,2026-07-02T23:39:55.165Z,2026-07-14T00:03:12.416Z,0,0,0,0,0,0,1440,420,1020,0,0,0,2868,420,2448,0,0,0,2868,420,2448,0,0,0,0,0,0,0,0,0,0.8842,0.25769,0.62651,0,0,0,1.9942054207000013,0.25768386,1.7365215607000013,0,0,0,1.9942098621000013,0.25768386,1.7365260021000013,0,0,0
SHOW,Q48WBr6nT3mrbwMZ8ydY,,,zwkzavtO2X59YeK1n1bm,BdakMeC2F8NRD9jEw6Jn2yHtUIf2,npub1srqgvupkre8hggp5new59qdnpgr9lhnz23yf78p9tdrqraq04pwq9hpxxh,Code,,fountain:Rtucj25kWVXAmvk8kDXD;npub:npub1srqgvupkre8hggp5new59qdnpgr9lhnz23yf78p9tdrqraq04pwq9hpxxh,2026-03-04T05:14:43.956Z,2026-06-18T17:06:16.203Z,2026-07-14T00:01:37.800Z,0,0,0,0,0,0,500,500,0,0,0,0,2731,2000,731,0,0,0,2731,2000,731,0,0,0,0,0,0,0,0,0,0.31237,0.31237,0,0,0,0,1.8831923888666666,1.3106833416666666,0.5725090472000004,0,0,0,1.883193862966667,1.3106833416666666,0.5725105213000005,0,0,0
SHOW,Q48WBr6nT3mrbwMZ8ydY,,,A5R1tCbxhj22XgyEohXe,wuS6785infRgiNz9wXKGPifTLag2,npub1qjhr8se64q78dvvpftv6lazgfukgg22wj0kjtjfr6x2gwfeg6j2ssju7c0,Lakesurfer,,fountain:4x0eKPcdd1oM4IPJ7qSC;npub:npub1qjhr8se64q78dvvpftv6lazgfukgg22wj0kjtjfr6x2gwfeg6j2ssju7c0,2026-02-26T19:10:10.336Z,2026-07-03T15:19:27.191Z,2026-07-14T00:03:14.690Z,0,0,0,0,0,0,2000,2000,0,0,0,0,2500,2500,0,0,0,0,2500,2500,0,0,0,0,0,0,0,0,0,0,1.24121,1.24121,0,0,0,0,1.5790039833333331,1.5790039833333331,0,0,0,0,1.5790083483333328,1.5790083483333328,0,0,0,0
SHOW,Q48WBr6nT3mrbwMZ8ydY,,,tQy7JpjuZY5obtjaP5rN,e7GELOUTmIOmsLRhsnbAAmvSpH13,npub1hqaz3dlyuhfqhktqchawke39l92jj9nt30dsgh2zvd9z7dv3j3gqpkt56s,Avi Burra,,fountain:cEvJAcDEcPBhjcBSRYVG;npub:npub1hqaz3dlyuhfqhktqchawke39l92jj9nt30dsgh2zvd9z7dv3j3gqpkt56s,2026-02-04T12:47:43.967Z,2026-02-04T12:47:45.135Z,2026-02-21T00:04:00.682Z,0,0,0,0,0,0,2424,2424,0,0,0,0,2424,2424,0,0,0,0,2424,2424,0,0,0,0,0,0,0,0,0,0,1.84346,1.84346,0,0,0,0,1.8434636352,1.8434636352,0,0,0,0,1.8434594048,1.8434594048,0,0,0,0
SHOW,Q48WBr6nT3mrbwMZ8ydY,,,geLxgZ0JggMPfdE5yDQf,26OOjHAbUMQlSkcD0SaP1N78SH62,npub1vvcxpktswmuaqr5a27u3926m036mu43wgev4rsktcntduygdn4estgp5fy,Bullish Clips,,fountain:y2NBwBJsfQPbmJjtVjeY;npub:npub1vvcxpktswmuaqr5a27u3926m036mu43wgev4rsktcntduygdn4estgp5fy,2026-02-03T19:41:33.878Z,2026-07-10T20:07:51.357Z,2026-07-14T00:00:39.302Z,333,333,0,0,0,0,1664,1664,0,0,0,0,2406,2406,0,0,0,0,2406,2406,0,0,0,0,0.21178,0.21178,0,0,0,0,1.05318,1.05318,0,0,0,0,1.5734764996499997,1.5734764996499997,0,0,0,0,1.5734800570499996,1.5734800570499996,0,0,0,0
SHOW,Q48WBr6nT3mrbwMZ8ydY,,,ztLcTmpw4FzJNSdV0Pe7,,,Anonymous,,uuid:9f4913bb-ee69-40ce-bcd0-88219fc9f0d9,2026-04-23T21:14:56.211Z,2026-04-23T21:14:56.285Z,2026-04-30T00:00:28.385Z,0,0,0,0,0,0,2400,2400,0,0,0,0,2400,2400,0,0,0,0,2400,2400,0,0,0,0,0,0,0,0,0,0,1.86953,1.86953,0,0,0,0,1.869528,1.869528,0,0,0,0,1.86953,1.86953,0,0,0,0
SHOW,Q48WBr6nT3mrbwMZ8ydY,,,iOqLQ7LBAHhnZB3ZZG8Y,,,Anonymous,,uuid:2c0c7fca-3d97-45ea-96b0-53df7ae0325e,2026-04-23T21:14:53.797Z,2026-04-23T21:14:53.868Z,2026-04-30T00:00:28.783Z,0,0,0,0,0,0,2400,2400,0,0,0,0,2400,2400,0,0,0,0,2400,2400,0,0,0,0,0,0,0,0,0,0,1.86953,1.86953,0,0,0,0,1.869528,1.869528,0,0,0,0,1.86953,1.86953,0,0,0,0
SHOW,Q48WBr6nT3mrbwMZ8ydY,,,wN1Eg1PNKDomyzah5m9g,,npub1g9ysswt67fnyqfrsgtd8l9p0eyccxlydn5eq0cn3evhm9w7e5nkssvzlky,Orange Dad,,npub:npub1g9ysswt67fnyqfrsgtd8l9p0eyccxlydn5eq0cn3evhm9w7e5nkssvzlky,2026-06-13T12:58:48.998Z,2026-06-13T12:58:54.461Z,2026-07-13T00:01:11.903Z,0,0,0,0,0,0,0,0,0,0,0,0,2121,2121,0,0,0,0,2121,2121,0,0,0,0,0,0,0,0,0,0,0,0,0,0,0,0,1.359213,1.359213,0,0,0,0,1.359218,1.359218,0,0,0,0
SHOW,Q48WBr6nT3mrbwMZ8ydY,,,CVCx2Mll6BI0ZSl0IZVy,c3B0J8GGNaWEbovmZJgTFBPJpjb2,npub182v84pkj2pqcvlrwwshy2fzyrs7wduxeth49qeepg24d24sj4r0q82d99a,steelmatrix@fountain.fm,steelmatrix,fountain:zjSCyV1BTZVzOBuop5qj;npub:npub182v84pkj2pqcvlrwwshy2fzyrs7wduxeth49qeepg24d24sj4r0q82d99a,2026-05-03T17:25:23.947Z,2026-05-03T17:25:26.316Z,2026-05-10T00:00:33.376Z,0,0,0,0,0,0,2100,2100,0,0,0,0,2100,2100,0,0,0,0,2100,2100,0,0,0,0,0,0,0,0,0,0,1.65394,1.65394,0,0,0,0,1.6539438299999998,1.6539438299999998,0,0,0,0,1.6539418044,1.6539418044,0,0,0,0
SHOW,Q48WBr6nT3mrbwMZ8ydY,,,7XVWrhK1DIjjxBnAw690,IalGvWfaCeUDfU38Llvpsalg6T32,npub1t49ker2fyy2xc5y7qrsfxrp6g8evsxluqmaq09xt7uuhhzsurm3srw4jj5,undisciplined@fountain.fm,undisciplined,fountain:mYmb0INB75fJKxiklgyT;npub:npub1t49ker2fyy2xc5y7qrsfxrp6g8evsxluqmaq09xt7uuhhzsurm3srw4jj5,2026-05-03T15:59:54.582Z,2026-07-08T23:55:40.621Z,2026-07-14T00:00:32.313Z,840,840,0,0,0,0,1260,1260,0,0,0,0,2100,2100,0,0,0,0,2100,2100,0,0,0,0,0.52257,0.52257,0,0,0,0,0.77134,0.77134,0,0,0,0,1.3694993550000005,1.3694993550000005,0,0,0,0,1.3694944650000005,1.3694944650000005,0,0,0,0
SHOW,Q48WBr6nT3mrbwMZ8ydY,,,6HP7VyDbWgE9qIWR0RbM,HTZYaNAOf4hxml1P45W42MaFb4r2,npub1csgvgt28x9m47v0w03hmzucdpr85xrjq76wwumekayuhh7792hds5phm27,shaunsomers,,fountain:DiEZ4nL8qVAl4WDuZZvQ;npub:npub1csgvgt28x9m47v0w03hmzucdpr85xrjq76wwumekayuhh7792hds5phm27,2026-02-17T13:09:28.908Z,2026-02-17T13:09:30.059Z,2026-02-21T00:00:50.579Z,2100,2100,0,0,0,0,2100,2100,0,0,0,0,2100,2100,0,0,0,0,2100,2100,0,0,0,0,1.42555,1.42555,0,0,0,0,1.42555,1.42555,0,0,0,0,1.42554993,1.42554993,0,0,0,0,1.4255489314,1.4255489314,0,0,0,0
SHOW,Q48WBr6nT3mrbwMZ8ydY,,,lJBBw7DGUcDv1K4kr1Q4,6BwQmhaZzOhFzQIb4NT1v96qPbA3,npub1jxh2kga4ve8d4ftahcqtqswvk5z5f7ya0k2kx3dm679hmw4ysesqvt62rj,,,fountain:7yFU6TDVQCUATGqYb4xT;npub:npub1jxh2kga4ve8d4ftahcqtqswvk5z5f7ya0k2kx3dm679hmw4ysesqvt62rj,2026-04-09T14:06:38.893Z,2026-07-13T12:25:38.902Z,2026-07-14T00:00:57.397Z,212,212,0,0,0,0,863,863,0,0,0,0,2041,2041,0,0,0,0,2041,2041,0,0,0,0,0.13294,0.13294,0,0,0,0,0.53721,0.53721,0,0,0,0,1.4144006965166658,1.4144006965166658,0,0,0,0,1.4143967120166658,1.4143967120166658,0,0,0,0
SHOW,Q48WBr6nT3mrbwMZ8ydY,,,LEp6LW8FRWopDvs5oDCD,jZKLltjGF7SADwUgBllafVaX5ON2,npub1f69t2s7uzljr626ctm0k3mufx5vlv4a2jqwac0w0gxwghp4w5zpq0jva3d,hodlsolo@fountain.fm,hodlsolo,fountain:WDAMBc61dcRjFi1oineH;npub:npub1f69t2s7uzljr626ctm0k3mufx5vlv4a2jqwac0w0gxwghp4w5zpq0jva3d,2026-05-22T06:40:13.985Z,2026-05-22T06:40:19.459Z,2026-06-21T00:01:30.007Z,0,0,0,0,0,0,0,0,0,0,0,0,2021,2021,0,0,0,0,2021,2021,0,0,0,0,0,0,0,0,0,0,0,0,0,0,0,0,1.5629577306,1.5629577306,0,0,0,0,1.5629547164000002,1.5629547164000002,0,0,0,0
SHOW,Q48WBr6nT3mrbwMZ8ydY,,,QsJIXXcv09x8T5h60cGY,mPCQb8yenNZ4nSlGGrdB0xrcWXI2,npub1f5pre6wl6ad87vr4hr5wppqq30sh58m4p33mthnjreh03qadcajs7gwt3z,rev.hodl,,fountain:6VdBYcJpq6oeu326P7IS;npub:npub1f5pre6wl6ad87vr4hr5wppqq30sh58m4p33mthnjreh03qadcajs7gwt3z,2026-04-07T14:22:28.972Z,2026-04-21T18:40:49.842Z,2026-04-30T00:04:41.888Z,0,0,0,0,0,0,840,840,0,0,0,0,1560,1560,0,0,0,0,1560,1560,0,0,0,0,0,0,0,0,0,0,0.63394,0.63394,0,0,0,0,1.1228937779999997,1.1228937779999997,0,0,0,0,1.122892778,1.122892778,0,0,0,0
SHOW,Q48WBr6nT3mrbwMZ8ydY,,,7pDMHsH3ooj8FFwO1QV5,YZpbHCrMRCNz4JiTzmSneMHPjbO2,npub1y3s99smcstupmj0txq3j26s7ue5qynuyjng5xle6jw5jy8jt85tq6kajjt,AliceA,,fountain:vm2GvyEXbSczpOSDHs9w;npub:npub1y3s99smcstupmj0txq3j26s7ue5qynuyjng5xle6jw5jy8jt85tq6kajjt,2026-04-21T16:55:43.867Z,2026-06-26T23:02:49.414Z,2026-07-14T00:02:40.590Z,0,0,0,0,0,0,400,400,0,0,0,0,1372,1372,0,0,0,0,1372,1372,0,0,0,0,0,0,0,0,0,0,0.2474,0.2474,0,0,0,0,1.0046358599999998,1.0046358599999998,0,0,0,0,1.0046310049999998,1.0046310049999998,0,0,0,0
SHOW,Q48WBr6nT3mrbwMZ8ydY,,,oNVaRS235WL6qyh3MGgV,2Q6XnfNMBlg3t9ZzpwZOiYgCP1r2,npub1a3um269aaf3u5cy37kuykrrrnsg2pyv7za06pxjduv25lq5sdujs2qmdj6,chiefmonkey@fountain.fm,chiefmonkey,fountain:sAkTuYV7FaIGLjuSVykK;npub:npub1a3um269aaf3u5cy37kuykrrrnsg2pyv7za06pxjduv25lq5sdujs2qmdj6,2026-05-06T16:57:23.836Z,2026-05-20T14:55:05.729Z,2026-06-19T00:01:02.697Z,0,0,0,0,0,0,0,0,0,0,0,0,1277,0,1277,0,0,0,1277,0,1277,0,0,0,0,0,0,0,0,0,0,0,0,0,0,0,0.9984374924000005,0,0.9984374924000005,0,0,0,0.9984394172000004,0,0.9984394172000004,0,0,0
SHOW,Q48WBr6nT3mrbwMZ8ydY,,,RnXSEYnxrBnJvUaUlJE4,fAaEkZ5rHQRe9fFCyPiCWdONNQq1,npub1zm95kw87nf6gkesg76jedyfejt0u2zgx2fxgxywdxc9ugq3z4w2q4m092t,bit_ish@fountain.fm,bit_ish,fountain:dor7UwNfuBgODLSMLmWT;npub:npub1zm95kw87nf6gkesg76jedyfejt0u2zgx2fxgxywdxc9ugq3z4w2q4m092t,2026-05-06T14:34:58.871Z,2026-05-06T15:24:17.892Z,2026-05-13T00:00:37.592Z,0,0,0,0,0,0,1260,1260,0,0,0,0,1260,1260,0,0,0,0,1260,1260,0,0,0,0,0,0,0,0,0,0,1.02982,1.02982,0,0,0,0,1.029830256,1.029830256,0,0,0,0,1.0298254191,1.0298254191,0,0,0,0
SHOW,Q48WBr6nT3mrbwMZ8ydY,,,HAMoHAB2vM9c0IIt7mD7,,npub138lktp328xjqvs45zysswzjxu4gxj58uypmlt486nxhek3dry8vsf3zeru,Jordi Llonch Esteve,,npub:npub138lktp328xjqvs45zysswzjxu4gxj58uypmlt486nxhek3dry8vsf3zeru,2026-04-06T14:15:04.049Z,2026-04-06T19:50:44.704Z,2026-04-30T00:02:33.291Z,0,0,0,0,0,0,1210,1210,0,0,0,0,1210,1210,0,0,0,0,1210,1210,0,0,0,0,0,0,0,0,0,0,0.84261,0.84261,0,0,0,0,0.8425989999999999,0.8425989999999999,0,0,0,0,0.8426019999999999,0.8426019999999999,0,0,0,0
SHOW,Q48WBr6nT3mrbwMZ8ydY,,,xpUa0w95W14tvDsRAj22,,npub1q7why7lw8kq9ufr43ps75ngz3vhx5duqt7xmgklcq3dljqqfjegq2km2vr,tigs,,npub:npub1q7why7lw8kq9ufr43ps75ngz3vhx5duqt7xmgklcq3dljqqfjegq2km2vr,2026-04-03T05:37:59.151Z,2026-04-03T05:38:01.031Z,2026-04-30T00:02:03.982Z,0,0,0,0,0,0,1110,1110,0,0,0,0,1110,1110,0,0,0,0,1110,1110,0,0,0,0,0,0,0,0,0,0,0.74095,0.74095,0,0,0,0,0.7409349999999999,0.7409349999999999,0,0,0,0,0.7409399999999999,0.7409399999999999,0,0,0,0
SHOW,Q48WBr6nT3mrbwMZ8ydY,,,jHSDqN4ZuC0HnSRxR46U,0m89TaAemjVpT8MmRkS0wamV4t43,npub1zcl7nn05sj6whseudcp84pc5mne7qs3vjvpml0ed46a6ztwyyx9qgpyt2h,jimsiefert,,fountain:bIm5cIpZZIvakU7l94QS;npub:npub1zcl7nn05sj6whseudcp84pc5mne7qs3vjvpml0ed46a6ztwyyx9qgpyt2h,2026-04-06T14:22:18.896Z,2026-04-06T14:22:20.674Z,2026-04-30T00:02:32.483Z,0,0,0,0,0,0,1033,1033,0,0,0,0,1033,1033,0,0,0,0,1033,1033,0,0,0,0,0,0,0,0,0,0,0.71787,0.71787,0,0,0,0,0.7178703342000001,0.7178703342000001,0,0,0,0,0.7178720098,0.7178720098,0,0,0,0
SHOW,Q48WBr6nT3mrbwMZ8ydY,,,l4tiN2UoijoweDi2sHO9,J8ixLUFnyHP8CRc6XQZgHgW1NAw1,npub16dvms6kppqgnv9k0murxnp8zyap2y6yem5y2f74sm8dgxfdvtj4syj2dq2,Kirk,,fountain:smR8tRn3pm5egdEy1VJl;npub:npub16dvms6kppqgnv9k0murxnp8zyap2y6yem5y2f74sm8dgxfdvtj4syj2dq2,2026-02-04T12:27:18.922Z,2026-02-04T12:27:20.078Z,2026-02-21T00:04:00.080Z,0,0,0,0,0,0,1000,1000,0,0,0,0,1000,1000,0,0,0,0,1000,1000,0,0,0,0,0,0,0,0,0,0,0.75947,0.75947,0,0,0,0,0.7594717,0.7594717,0,0,0,0,0.7594722660000001,0.7594722660000001,0,0,0,0
SHOW,Q48WBr6nT3mrbwMZ8ydY,,,Bu5yZeCVovHggyWMYZdb,pfv8tjTV8ZPmtISX0QulmsyVXRK2,npub1yanyn2d7862md22tl9qrufgt2l8thn0ejdxklec5mpasjveagpxs7qsnkl,pookspalace@fountain.fm,pookspalace,fountain:MY1UmVac0xtKDRwKoikm;npub:npub1yanyn2d7862md22tl9qrufgt2l8thn0ejdxklec5mpasjveagpxs7qsnkl,2026-04-27T12:49:43.781Z,2026-06-10T21:57:24.447Z,2026-07-10T00:00:59.907Z,0,0,0,0,0,0,0,0,0,0,0,0,1000,1000,0,0,0,0,1000,1000,0,0,0,0,0,0,0,0,0,0,0,0,0,0,0,0,0.6948261499999999,0.6948261499999999,0,0,0,0,0.6948291915,0.6948291915,0,0,0,0
SHOW,Q48WBr6nT3mrbwMZ8ydY,,,85JcLJEgkJKQ8fSj0PmD,tt6HXj4q9hMw1oXP8qLDaFfwAVg1,npub1juxh95vxasvfr959hkug7rwzje60sw3k7cegrerhktnd97s7yvms0yd0je,Digital Nomad,,fountain:zJZ7ZzNzlRHfYam6sIpE;npub:npub1juxh95vxasvfr959hkug7rwzje60sw3k7cegrerhktnd97s7yvms0yd0je,2026-02-15T17:45:36.133Z,2026-02-15T17:45:42.722Z,2026-02-21T00:00:40.481Z,1000,1000,0,0,0,0,1000,1000,0,0,0,0,1000,1000,0,0,0,0,1000,1000,0,0,0,0,0.68842,0.68842,0,0,0,0,0.68842,0.68842,0,0,0,0,0.6884171,0.6884171,0,0,0,0,0.688418758,0.688418758,0,0,0,0
SHOW,Q48WBr6nT3mrbwMZ8ydY,,,HaCvpLJhSBYIozLc6fQ7,4jdfdPwntZf9GOpHKbYzTdMGsK32,npub1h2hy9wpjtq9czvl6eghnudxutz03dtrvj758tje4dyhzupuyajesacyjp0,BitcoinJim,,fountain:z8CeutUabC392WrjXENr;npub:npub1h2hy9wpjtq9czvl6eghnudxutz03dtrvj758tje4dyhzupuyajesacyjp0,2026-03-30T00:26:13.991Z,2026-03-30T00:26:15.179Z,2026-04-29T00:02:00.196Z,0,0,0,0,0,0,0,0,0,0,0,0,999,999,0,0,0,0,999,999,0,0,0,0,0,0,0,0,0,0,0,0,0,0,0,0,0.6650164179,0.6650164179,0,0,0,0,0.6650127759000001,0.6650127759000001,0,0,0,0
SHOW,Q48WBr6nT3mrbwMZ8ydY,,,p3bW8gdxpYXRNB7je4Za,,,Anonymous,,uuid:1c278098-2382-4667-ae7b-fffc3a053e3e,2026-02-07T23:11:49.996Z,2026-02-07T23:11:50.072Z,2026-02-21T00:04:41.274Z,0,0,0,0,0,0,980,980,0,0,0,0,980,980,0,0,0,0,980,980,0,0,0,0,0,0,0,0,0,0,0.67548,0.67548,0,0,0,0,0.675477,0.675477,0,0,0,0,0.67548,0.67548,0,0,0,0
SHOW,Q48WBr6nT3mrbwMZ8ydY,,,DSIUbcog0fdK0FFeWMPz,,,Anonymous,,uuid:046395c4-dd3a-4b32-8b34-f6eac316fb92,2026-02-09T14:44:00.081Z,2026-02-09T14:44:00.146Z,2026-02-21T00:05:05.680Z,0,0,0,0,0,0,980,980,0,0,0,0,980,980,0,0,0,0,980,980,0,0,0,0,0,0,0,0,0,0,0.67982,0.67982,0,0,0,0,0.679823,0.679823,0,0,0,0,0.67982,0.67982,0,0,0,0
SHOW,Q48WBr6nT3mrbwMZ8ydY,,,C9Ihdgh7Ww3VHsMeqHFg,,,Anonymous,,uuid:99af1c4a-a513-4396-b8ad-ec6b8eafa25c,2026-02-10T16:50:40.137Z,2026-02-10T16:50:40.229Z,2026-02-21T00:05:13.081Z,0,0,0,0,0,0,980,980,0,0,0,0,980,980,0,0,0,0,980,980,0,0,0,0,0,0,0,0,0,0,0.67999,0.67999,0,0,0,0,0.679989,0.679989,0,0,0,0,0.67999,0.67999,0,0,0,0
SHOW,Q48WBr6nT3mrbwMZ8ydY,,,BAM2APyWHDaOhglZ7SAH,,,Anonymous,,uuid:9fc8bbed-aa8e-4ae8-a459-c5469fb8c55c,2026-03-24T02:21:02.389Z,2026-03-24T02:21:02.472Z,2026-04-23T00:02:04.088Z,0,0,0,0,0,0,0,0,0,0,0,0,980,980,0,0,0,0,980,980,0,0,0,0,0,0,0,0,0,0,0,0,0,0,0,0,0.690819,0.690819,0,0,0,0,0.69082,0.69082,0,0,0,0
SHOW,Q48WBr6nT3mrbwMZ8ydY,,,11pYWJfEbE8K9rCd1q8o,9sKOdEW7XZYQKhukQPsJjOImsJo2,npub13v5w9ylsdahkfggkaa6ya2qardpfsgt8r45n5j27c6j8en8g3nrqsacqpv,palmeyera@fountain.fm,palmeyera,fountain:CbpehmvKqug5aJfTp4Ax;npub:npub13v5w9ylsdahkfggkaa6ya2qardpfsgt8r45n5j27c6j8en8g3nrqsacqpv,2026-05-11T23:52:03.964Z,2026-05-27T20:16:47.673Z,2026-06-24T00:01:54.897Z,0,0,0,0,0,0,0,0,0,0,0,0,800,800,0,0,0,0,800,800,0,0,0,0,0,0,0,0,0,0,0,0,0,0,0,0,0.634166,0.634166,0,0,0,0,0.634169,0.634169,0,0,0,0
SHOW,Q48WBr6nT3mrbwMZ8ydY,,,rT9BAibzU84yuwFEeLct,,,Sir Spencer,,uuid:f1c4c49c-56f1-4b81-a654-b1af22fc0a39,2026-05-02T20:24:38.737Z,2026-05-02T20:24:38.804Z,2026-05-09T00:00:28.378Z,0,0,0,0,0,0,799,799,0,0,0,0,799,799,0,0,0,0,799,799,0,0,0,0,0,0,0,0,0,0,0.6267,0.6267,0,0,0,0,0.6266963691,0.6266963691,0,0,0,0,0.6267,0.6267,0,0,0,0
SHOW,Q48WBr6nT3mrbwMZ8ydY,,,jV2sZtesl2YlzqtvPGKd,,,Anonymous,,uuid:fcaff4a4-b42c-4ec4-8830-bca588d19cc9,2026-04-27T03:33:43.862Z,2026-04-27T03:33:43.943Z,2026-04-30T00:01:08.385Z,700,700,0,0,0,0,700,700,0,0,0,0,700,700,0,0,0,0,700,700,0,0,0,0,0.55479,0.55479,0,0,0,0,0.55479,0.55479,0,0,0,0,0.554792,0.554792,0,0,0,0,0.55479,0.55479,0,0,0,0
SHOW,Q48WBr6nT3mrbwMZ8ydY,,,TaQkEs7AoBaglWZhsE0j,,,Anonymous,,uuid:967fdf64-7c41-4fac-afcc-a823095d1612,2026-04-27T03:33:45.109Z,2026-04-27T03:33:45.228Z,2026-04-30T00:01:08.387Z,700,700,0,0,0,0,700,700,0,0,0,0,700,700,0,0,0,0,700,700,0,0,0,0,0.55479,0.55479,0,0,0,0,0.55479,0.55479,0,0,0,0,0.554792,0.554792,0,0,0,0,0.55479,0.55479,0,0,0,0
SHOW,Q48WBr6nT3mrbwMZ8ydY,,,CTxyn2RfHKfHtzNG89b9,Qs9sjkFT2UT7zDrz9alFG3dszGf1,,behybr@fountain.fm,,fountain:5yiQ6dmJpCUGbgOeryJB,2026-02-16T23:52:18.803Z,2026-06-21T13:47:05.794Z,2026-07-14T00:02:04.796Z,0,0,0,0,0,0,440,0,440,0,0,0,516,0,516,0,0,0,516,0,516,0,0,0,0,0,0,0,0,0,0.2816,0,0.2816,0,0,0,0.3379450772000001,0,0.3379450772000001,0,0,0,0.33794661990000013,0,0.33794661990000013,0,0,0
SHOW,Q48WBr6nT3mrbwMZ8ydY,,,vkH3q2aTywgQHog6sGX7,gIqw0IZfkFPox30SHBAFJthcY5I2,npub1a0fd3th0skvdcgq2lgjaffpadeuujj7yte9dxvg8relyqgyvthesd59wqc,Travellight,,fountain:34jFYbQiiEJVmqOEN7Vs;npub:npub1a0fd3th0skvdcgq2lgjaffpadeuujj7yte9dxvg8relyqgyvthesd59wqc,2026-04-23T04:02:18.971Z,2026-04-23T04:02:29.468Z,2026-04-30T00:00:25.478Z,0,0,0,0,0,0,500,500,0,0,0,0,500,500,0,0,0,0,500,500,0,0,0,0,0,0,0,0,0,0,0.38876,0.38876,0,0,0,0,0.38875220000000005,0.38875220000000005,0,0,0,0,0.388753974,0.388753974,0,0,0,0
SHOW,Q48WBr6nT3mrbwMZ8ydY,,,GRW5yZHf5GJgnN38kIDD,,,Anonymous,,uuid:fe218cd9-09c9-4d20-a47d-1468db1baec2,2026-03-19T10:20:38.726Z,2026-03-19T10:20:38.804Z,2026-04-18T00:01:49.979Z,0,0,0,0,0,0,0,0,0,0,0,0,490,490,0,0,0,0,490,490,0,0,0,0,0,0,0,0,0,0,0,0,0,0,0,0,0.345291,0.345291,0,0,0,0,0.34529,0.34529,0,0,0,0
SHOW,Q48WBr6nT3mrbwMZ8ydY,,,u9F2wzS5D7W5gu2mEY2k,nxFBUwqyhWZAROPdJJbmF3C3vlg1,npub10xvczstpwsljy7gqd2cselvrh5e6mlerep09m8gff87avru0ryqsg2g437,ericfj@fountain.fm,ericfj,fountain:6srzk2YmkdPvvbpE4Olt;npub:npub10xvczstpwsljy7gqd2cselvrh5e6mlerep09m8gff87avru0ryqsg2g437,2026-07-02T23:06:02.319Z,2026-07-02T23:17:24.981Z,2026-07-14T00:03:12.893Z,0,0,0,0,0,0,396,0,396,0,0,0,396,0,396,0,0,0,396,0,396,0,0,0,0,0,0,0,0,0,0.24265,0,0.24265,0,0,0,0.24270866509999986,0,0.24270866509999986,0,0,0,0.24270802104999986,0,0.24270802104999986,0,0,0
SHOW,Q48WBr6nT3mrbwMZ8ydY,,,pUpT6BuAERj1rEsIUl16,,,Anonymous,,uuid:7e1647c6-8fdf-47a7-8429-f5b6e8d5d654,2026-04-27T03:33:56.251Z,2026-04-27T03:33:56.316Z,2026-04-30T00:01:08.683Z,339,339,0,0,0,0,339,339,0,0,0,0,339,339,0,0,0,0,339,339,0,0,0,0,0.26868,0.26868,0,0,0,0,0.26868,0.26868,0,0,0,0,0.268678,0.268678,0,0,0,0,0.26868,0.26868,0,0,0,0
SHOW,Q48WBr6nT3mrbwMZ8ydY,,,4MqjYdiWRIzSDc5oVBxL,,,Anonymous,,uuid:ab498486-2f14-487d-a0d7-12bea79b7d2d,2026-04-27T03:33:53.868Z,2026-04-27T03:33:53.935Z,2026-04-30T00:01:08.684Z,339,339,0,0,0,0,339,339,0,0,0,0,339,339,0,0,0,0,339,339,0,0,0,0,0.26868,0.26868,0,0,0,0,0.26868,0.26868,0,0,0,0,0.268678,0.268678,0,0,0,0,0.26868,0.26868,0,0,0,0
SHOW,Q48WBr6nT3mrbwMZ8ydY,,,QfhDOC5JgqgkU8IPx2np,,npub1n3ejxm6kt6ush4rgrs57hvkecxuqunscfndlsntd5apwnyr8pjmqrme7su,𝕳𝖊𝖓𝖗𝖎𝐤 𝕱𝖑𝐲𝖒𝖆𝖓,,npub:npub1n3ejxm6kt6ush4rgrs57hvkecxuqunscfndlsntd5apwnyr8pjmqrme7su,2026-05-28T02:01:15.458Z,2026-05-28T02:01:18.497Z,2026-06-27T00:01:25.903Z,0,0,0,0,0,0,0,0,0,0,0,0,334,334,0,0,0,0,334,334,0,0,0,0,0,0,0,0,0,0,0,0,0,0,0,0,0.247996,0.247996,0,0,0,0,0.248001,0.248001,0,0,0,0
SHOW,Q48WBr6nT3mrbwMZ8ydY,,,3U235dMWuQIYRlesremE,,,Anonymous,,uuid:ab3c715b-e9f2-4afe-953c-e9c342672ffa,2026-04-23T21:14:54.964Z,2026-04-23T21:14:55.042Z,2026-04-30T00:00:28.280Z,0,0,0,0,0,0,300,300,0,0,0,0,300,300,0,0,0,0,300,300,0,0,0,0,0,0,0,0,0,0,0.23369,0.23369,0,0,0,0,0.233691,0.233691,0,0,0,0,0.23369,0.23369,0,0,0,0
SHOW,Q48WBr6nT3mrbwMZ8ydY,,,ahyA056z9sQtb7DlNr3e,Mf2yRoWaW2ZS4n7pdI5y3oaRlZC3,npub1jr525zmjjg5y99y2kx3r4cwzfcq98ke4kqeh5zpkveyt3gnnfk6sjvxjzt,Piez,,fountain:xqXqo83Km5FCYBQBQoN4;npub:npub1jr525zmjjg5y99y2kx3r4cwzfcq98ke4kqeh5zpkveyt3gnnfk6sjvxjzt,2026-02-04T12:54:51.449Z,2026-03-05T15:05:57.612Z,2026-04-04T00:01:34.190Z,0,0,0,0,0,0,0,0,0,0,0,0,242,242,0,0,0,0,242,242,0,0,0,0,0,0,0,0,0,0,0,0,0,0,0,0,0.1794793968,0.1794793968,0,0,0,0,0.1794788352,0.1794788352,0,0,0,0
SHOW,Q48WBr6nT3mrbwMZ8ydY,,,2AUMvHC8vUICTxfEN0MU,Lj0EjzOLnZOf7nNR9OxSwjcAGgO2,npub1cmwm5hhrm3jp4fd3hz9lakz7eejxz5aan4vcsekyzgk7lwwppfesksfaad,Cody,,fountain:dPSrC4Xdb5MuJCwsz4oU;npub:npub1cmwm5hhrm3jp4fd3hz9lakz7eejxz5aan4vcsekyzgk7lwwppfesksfaad,2026-03-31T13:56:13.972Z,2026-03-31T15:20:39.435Z,2026-04-30T00:01:54.893Z,0,0,0,0,0,0,0,0,0,0,0,0,242,0,242,0,0,0,242,0,242,0,0,0,0,0,0,0,0,0,0,0,0,0,0,0,0.16320625749999995,0,0.16320625749999995,0,0,0,0.16321106149999995,0,0.16321106149999995,0,0,0
SHOW,Q48WBr6nT3mrbwMZ8ydY,,,p8wbW9it9NQdH7YjABDs,,npub10hapemlpfhemcx5wrmdld07xswr8q4p42vexp0xqtfh94vhg5n0qt6k0u6,Nostr Value Pack,,npub:npub10hapemlpfhemcx5wrmdld07xswr8q4p42vexp0xqtfh94vhg5n0qt6k0u6,2026-05-17T17:37:39.432Z,2026-05-17T17:37:49.910Z,2026-05-19T00:01:55.281Z,221,221,0,0,0,0,221,221,0,0,0,0,221,221,0,0,0,0,221,221,0,0,0,0,0.17226,0.17226,0,0,0,0,0.17226,0.17226,0,0,0,0,0.172256,0.172256,0,0,0,0,0.172257,0.172257,0,0,0,0
SHOW,Q48WBr6nT3mrbwMZ8ydY,,,L2Eqdd1cnmVA25NC2OH7,j2Y42rBvWqT4Ohozh5UAsDjUnqx2,npub1va3773umzrydk4vd0q2xsnjg8qrsym7up9j9agnzcxd8u398wulq6kpxey,TamtamBam,,fountain:2HAZEJWxuK2tvudg5qts;npub:npub1va3773umzrydk4vd0q2xsnjg8qrsym7up9j9agnzcxd8u398wulq6kpxey,2026-02-08T13:42:33.901Z,2026-02-08T13:42:35.017Z,2026-02-21T00:05:01.675Z,0,0,0,0,0,0,221,221,0,0,0,0,221,221,0,0,0,0,221,221,0,0,0,0,0,0,0,0,0,0,0.15728,0.15728,0,0,0,0,0.15727252839999997,0.15727252839999997,0,0,0,0,0.15727596679999997,0.15727596679999997,0,0,0,0
SHOW,Q48WBr6nT3mrbwMZ8ydY,,,eow4pALCxOqmRobEVRSO,eum6WesavrMEFELO6uBAZTOHTfz1,npub1wurnmeal9cjegaqewyh3pv0l0c7rf3n7sa6tanafe6hz2qgdemdsfyh7qn,Trent Dudenhoeffer,,fountain:72b95emOZybnaQ1OgY3U;npub:npub1wurnmeal9cjegaqewyh3pv0l0c7rf3n7sa6tanafe6hz2qgdemdsfyh7qn,2026-02-08T18:30:13.824Z,2026-02-08T18:47:04.389Z,2026-02-21T00:05:03.279Z,0,0,0,0,0,0,220,0,220,0,0,0,220,0,220,0,0,0,220,0,220,0,0,0,0,0,0,0,0,0,0.1565,0,0.1565,0,0,0,0.15652149810000002,0,0.15652149810000002,0,0,0,0.1565222196,0,0.1565222196,0,0,0
SHOW,Q48WBr6nT3mrbwMZ8ydY,,,tdGQDt72yKF7CLhw9Rmr,xO3trbFGHsd54xj9SsKFmOVamT92,npub15a30crwfalkcqrsqu8nyllyykzwcapx7ahujfps8pj6hkm6s4u2s0uzq93,Nick Malster,,fountain:GPKmQyus9sgXgPa1TrvD;npub:npub15a30crwfalkcqrsqu8nyllyykzwcapx7ahujfps8pj6hkm6s4u2s0uzq93,2026-02-04T12:18:43.965Z,2026-02-04T12:18:45.136Z,2026-02-21T00:04:00.482Z,0,0,0,0,0,0,210,210,0,0,0,0,210,210,0,0,0,0,210,210,0,0,0,0,0,0,0,0,0,0,0.15965,0.15965,0,0,0,0,0.159652605,0.159652605,0,0,0,0,0.159651603,0.159651603,0,0,0,0
SHOW,Q48WBr6nT3mrbwMZ8ydY,,,v9Dz786ogz5SvetkKvbR,,,Anonymous,,uuid:5e1b331b-025f-4c4a-ab9a-6bd0f6fa7202,2026-02-16T23:10:18.849Z,2026-02-16T23:10:18.916Z,2026-02-21T00:00:48.383Z,200,200,0,0,0,0,200,200,0,0,0,0,200,200,0,0,0,0,200,200,0,0,0,0,0.1374,0.1374,0,0,0,0,0.1374,0.1374,0,0,0,0,0.137403,0.137403,0,0,0,0,0.1374,0.1374,0,0,0,0
SHOW,Q48WBr6nT3mrbwMZ8ydY,,,u8ZrTiySqvvJlJerudkO,tQyTbxhnzWSjLzuh7OTOS3pQ3bM2,npub15rp8pt5u4r8m5yavdceuzsr8zcah0jtwwpfu2nmp22ss3yjawn3qhtdruw,Pyrohawk,,fountain:fCuRlcuK2Z6tfc8y7ueW;npub:npub15rp8pt5u4r8m5yavdceuzsr8zcah0jtwwpfu2nmp22ss3yjawn3qhtdruw,2026-04-11T03:00:28.949Z,2026-06-18T16:14:16.583Z,2026-07-14T00:01:37.693Z,0,0,0,0,0,0,100,100,0,0,0,0,200,200,0,0,0,0,200,200,0,0,0,0,0,0,0,0,0,0,0.06263,0.06263,0,0,0,0,0.13562246833333336,0.13562246833333336,0,0,0,0,0.13562272933333336,0.13562272933333336,0,0,0,0
SHOW,Q48WBr6nT3mrbwMZ8ydY,,,eHqLe2Hc2xprMxtKfVEU,,,Anonymous,,uuid:06881f47-fbd1-4f85-9361-0824b5234aa9,2026-02-09T17:09:28.737Z,2026-02-09T17:09:28.807Z,2026-02-21T00:05:07.387Z,0,0,0,0,0,0,200,200,0,0,0,0,200,200,0,0,0,0,200,200,0,0,0,0,0,0,0,0,0,0,0.13997,0.13997,0,0,0,0,0.139973,0.139973,0,0,0,0,0.13997,0.13997,0,0,0,0
SHOW,Q48WBr6nT3mrbwMZ8ydY,,,cR6RSV2FXzlFZuRBy8D0,,,Anonymous,,uuid:e495e3a1-43e0-414e-ab6b-2d9d944dce07,2026-04-15T20:33:33.891Z,2026-04-15T20:33:33.980Z,2026-04-30T00:03:48.886Z,0,0,0,0,0,0,200,200,0,0,0,0,200,200,0,0,0,0,200,200,0,0,0,0,0,0,0,0,0,0,0.14982,0.14982,0,0,0,0,0.149819,0.149819,0,0,0,0,0.14982,0.14982,0,0,0,0
SHOW,Q48WBr6nT3mrbwMZ8ydY,,,b81AXLE2jFOgxMOaPLTw,,,Anonymous,,uuid:16bf85f6-87a8-477d-8705-628d64a6c58b,2026-02-10T16:55:18.867Z,2026-02-10T16:55:18.937Z,2026-02-21T00:05:13.478Z,0,0,0,0,0,0,200,200,0,0,0,0,200,200,0,0,0,0,200,200,0,0,0,0,0,0,0,0,0,0,0.13873,0.13873,0,0,0,0,0.138725,0.138725,0,0,0,0,0.13873,0.13873,0,0,0,0
SHOW,Q48WBr6nT3mrbwMZ8ydY,,,LZtS980AhBhGkMo4uuNo,YZRMChO9WbYBkMzwkTJzNSXLj0y1,npub1uu05m8nl7hcns53g7tpzqalnncnpzx9vf70435s46ykfjtlrwmmqk47qum,PoWplease,,fountain:0FhKx1GuleuK6kng9qgM;npub:npub1uu05m8nl7hcns53g7tpzqalnncnpzx9vf70435s46ykfjtlrwmmqk47qum,2026-04-08T20:30:28.879Z,2026-04-17T14:08:34.483Z,2026-04-30T00:03:55.282Z,0,0,0,0,0,0,0,0,0,0,0,0,200,200,0,0,0,0,200,200,0,0,0,0,0,0,0,0,0,0,0,0,0,0,0,0,0.148722,0.148722,0,0,0,0,0.148722,0.148722,0,0,0,0
SHOW,Q48WBr6nT3mrbwMZ8ydY,,,0qblMdgk2hmpbuGvhmG5,,,Anonymous,,uuid:4050b01f-2143-4596-973f-ec73c36985d7,2026-02-24T01:24:58.842Z,2026-02-24T01:24:58.937Z,2026-03-26T00:02:08.484Z,0,0,0,0,0,0,0,0,0,0,0,0,200,200,0,0,0,0,200,200,0,0,0,0,0,0,0,0,0,0,0,0,0,0,0,0,0.128475,0.128475,0,0,0,0,0.12848,0.12848,0,0,0,0
SHOW,Q48WBr6nT3mrbwMZ8ydY,,,5LbNm5AdVCv2U2yK4KuY,8BLAfZSPMlaKySsrH3IvKPE1tQb2,npub12znrejs4k94kp5efhyhk9rzr9jxpy6ymgrlf6py4awpkkhed7cmshs6yg6,mattfinlay@fountain.fm,mattfinlay,fountain:OHwC7SqeIq7BOCDUz3t6;npub:npub12znrejs4k94kp5efhyhk9rzr9jxpy6ymgrlf6py4awpkkhed7cmshs6yg6,2026-05-03T01:04:13.915Z,2026-05-03T01:04:16.309Z,2026-05-10T00:00:29.988Z,0,0,0,0,0,0,123,123,0,0,0,0,123,123,0,0,0,0,123,123,0,0,0,0,0,0,0,0,0,0,0.09636,0.09636,0,0,0,0,0.0963495777,0.0963495777,0,0,0,0,0.09634971159999998,0.09634971159999998,0,0,0,0
SHOW,Q48WBr6nT3mrbwMZ8ydY,,,YCVre2QqIiDmBLrL4W9D,7FLA68z7oEPlbpLTQwPwzBjW5Eh2,npub1gwac0cnpv6kpud92qexz60474x0mwvk2ut35wt6acc5azykvnjuqne97aw,madhatter@fountain.fm,madhatter,fountain:kqPdzMoX9aYicxSn6xqE;npub:npub1gwac0cnpv6kpud92qexz60474x0mwvk2ut35wt6acc5azykvnjuqne97aw,2026-06-11T02:58:18.792Z,2026-06-11T02:58:23.655Z,2026-07-11T00:01:11.596Z,0,0,0,0,0,0,0,0,0,0,0,0,121,121,0,0,0,0,121,121,0,0,0,0,0,0,0,0,0,0,0,0,0,0,0,0,0.0751720365,0.0751720365,0,0,0,0,0.0751717765,0.0751717765,0,0,0,0
SHOW,Q48WBr6nT3mrbwMZ8ydY,,,fiIKTGps3mZdRRW4JAif,8HhXtzA1kKgbFioyPLn4ZDmUopo2,npub1dgpt04w4c88wc0g262xaw8zvlm4mvwtmjhl0tn2sxtyjywsn6q4qt8ka3a,Dan Wedge,,fountain:1Qt6PJ8GWL6lHUAwAkEN;npub:npub1dgpt04w4c88wc0g262xaw8zvlm4mvwtmjhl0tn2sxtyjywsn6q4qt8ka3a,2026-03-29T13:25:33.970Z,2026-03-29T13:25:35.768Z,2026-04-28T00:02:22.476Z,0,0,0,0,0,0,0,0,0,0,0,0,100,100,0,0,0,0,100,100,0,0,0,0,0,0,0,0,0,0,0,0,0,0,0,0,0.06656625999999999,0.06656625999999999,0,0,0,0,0.0665687926,0.0665687926,0,0,0,0
SHOW,Q48WBr6nT3mrbwMZ8ydY,,,J6XMD23SVrnfzx96dfy9,6yBi8T4wBgPSh8TyEoWBc8VH0RC2,npub14ktnsqc2hpxqflawce9t4htvc6pvkdgp6xf6tlcujjuswuy324vqfhukks,Mark 🐢⚡️🫂💜,,fountain:aZbf51ZMbjlWDQ6btZzi;npub:npub14ktnsqc2hpxqflawce9t4htvc6pvkdgp6xf6tlcujjuswuy324vqfhukks,2026-02-08T21:03:28.899Z,2026-02-08T21:03:30.051Z,2026-02-21T00:05:03.086Z,0,0,0,0,0,0,100,100,0,0,0,0,100,100,0,0,0,0,100,100,0,0,0,0,0,0,0,0,0,0,0.07082,0.07082,0,0,0,0,0.07082038000000002,0.07082038000000002,0,0,0,0,0.07082397240000002,0.07082397240000002,0,0,0,0
SHOW,Q48WBr6nT3mrbwMZ8ydY,,,RNbw2zQtyTJzitLvoC7j,,,Anonymous,,uuid:6fd55dc2-c35a-425a-84ce-d0f4adde07a1,2026-04-27T03:33:55.048Z,2026-04-27T03:33:55.124Z,2026-04-30T00:01:08.587Z,42,42,0,0,0,0,42,42,0,0,0,0,42,42,0,0,0,0,42,42,0,0,0,0,0.03329,0.03329,0,0,0,0,0.03329,0.03329,0,0,0,0,0.033288,0.033288,0,0,0,0,0.03329,0.03329,0,0,0,0
SHOW,Q48WBr6nT3mrbwMZ8ydY,,,eb4tfZ0BQmCnYAR03k5C,,,Anonymous,,uuid:cf915208-50e8-43a5-bd75-c56f33a8058f,2026-02-09T14:43:58.898Z,2026-02-09T14:43:58.968Z,2026-02-21T00:05:06.078Z,0,0,0,0,0,0,20,20,0,0,0,0,20,20,0,0,0,0,20,20,0,0,0,0,0,0,0,0,0,0,0.01387,0.01387,0,0,0,0,0.013874,0.013874,0,0,0,0,0.01387,0.01387,0,0,0,0
SHOW,Q48WBr6nT3mrbwMZ8ydY,,,TmYGTOPMjiHzsdSX1Inv,,,Anonymous,,uuid:16f230bc-7ecd-40ba-a726-70a3b6bf9adc,2026-02-07T23:11:48.746Z,2026-02-07T23:11:48.830Z,2026-02-21T00:04:41.079Z,0,0,0,0,0,0,20,20,0,0,0,0,20,20,0,0,0,0,20,20,0,0,0,0,0,0,0,0,0,0,0.01379,0.01379,0,0,0,0,0.013785,0.013785,0,0,0,0,0.01379,0.01379,0,0,0,0
SHOW,Q48WBr6nT3mrbwMZ8ydY,,,TajLeJ8bByXDCEAeSTKP,,,Anonymous,,uuid:f58e6fac-025c-4a1a-a7a4-6b330f025c71,2026-02-10T16:50:38.887Z,2026-02-10T16:50:38.956Z,2026-02-21T00:05:13.078Z,0,0,0,0,0,0,20,20,0,0,0,0,20,20,0,0,0,0,20,20,0,0,0,0,0,0,0,0,0,0,0.01388,0.01388,0,0,0,0,0.013877,0.013877,0,0,0,0,0.01388,0.01388,0,0,0,0
SHOW,Q48WBr6nT3mrbwMZ8ydY,,,J1g8XhlyIhDLulUuQXyM,,,Anonymous,,uuid:25c0c88a-dc6a-45e8-b717-870318dac176,2026-03-24T02:21:00.964Z,2026-03-24T02:21:01.034Z,2026-04-23T00:02:03.880Z,0,0,0,0,0,0,0,0,0,0,0,0,20,20,0,0,0,0,20,20,0,0,0,0,0,0,0,0,0,0,0,0,0,0,0,0,0.014098,0.014098,0,0,0,0,0.0141,0.0141,0,0,0,0
SHOW,Q48WBr6nT3mrbwMZ8ydY,,,zr8YbjbrrbV9gGYlKor8,,,Anonymous,,uuid:7ee2996d-a778-40c8-b1c7-fd7adf594797,2026-03-19T10:20:35.644Z,2026-03-19T10:20:35.717Z,2026-04-18T00:01:49.885Z,0,0,0,0,0,0,0,0,0,0,0,0,10,10,0,0,0,0,10,10,0,0,0,0,0,0,0,0,0,0,0,0,0,0,0,0,0.007047,0.007047,0,0,0,0,0.00705,0.00705,0,0,0,0
SHOW,Q48WBr6nT3mrbwMZ8ydY,,,A9cZzWrI6YXduLPBdCyt,,,nostr:npub1xgyjasdztryl9sg6nfdm2wcj0j3qjs03sq7a0an32pg0lr5l6yaqxhgu7s,,uuid:32092ec1a258c9f2c11a9a5bb53b127ca20941f1803dd7f6715050ff8e9fd13a,2026-05-13T13:01:58.803Z,2026-05-13T13:01:58.899Z,2026-05-19T00:00:52.880Z,8,8,0,0,0,0,8,8,0,0,0,0,8,8,0,0,0,0,8,8,0,0,0,0,0.00642,0.00642,0,0,0,0,0.00642,0.00642,0,0,0,0,0.0064161256,0.0064161256,0,0,0,0,0.00642,0.00642,0,0,0,0
SHOW,Q48WBr6nT3mrbwMZ8ydY,,,LnKuXmBKBeBodW3EBAfh,,,ChadF,,uuid:95EAB029-AE66-4AB4-B91B-D1403038F40B,2026-06-17T22:50:59.097Z,2026-06-17T22:50:59.161Z,2026-07-14T00:01:35.207Z,0,0,0,0,0,0,6,6,0,0,0,0,6,6,0,0,0,0,6,6,0,0,0,0,0,0,0,0,0,0,0.00386,0.00386,0,0,0,0,0.00386,0.00386,0,0,0,0,0.00386,0.00386,0,0,0,0
SHOW,Q48WBr6nT3mrbwMZ8ydY,,,FQ9zjPIXSkU4jdcEy0wj,,,Owen,,uuid:0a28eb5e508ed66078cb74af322085fa0a6ff56b2510661da113d1058eef861f,2026-05-04T17:30:18.860Z,2026-05-04T17:30:18.939Z,2026-05-11T00:00:32.583Z,0,0,0,0,0,0,2,2,0,0,0,0,2,2,0,0,0,0,2,2,0,0,0,0,0,0,0,0,0,0,0.00161,0.00161,0,0,0,0,0.0016089714000000002,0.0016089714000000002,0,0,0,0,0.00161,0.00161,0,0,0,0
SHOW,Q48WBr6nT3mrbwMZ8ydY,,,5osiqDVLluUp6LFVY8Ed,,,ChadF and 33 others,,uuid:f7922a0adb3fa4dda5eecaa62f6f7ee6159f7f55e08036686c68e08382c34788,2026-06-07T15:51:23.779Z,2026-06-07T15:51:23.849Z,2026-07-07T00:01:23.501Z,0,0,0,0,0,0,0,0,0,0,0,0,1,1,0,0,0,0,1,1,0,0,0,0,0,0,0,0,0,0,0,0,0,0,0,0,0.0006203639,0.0006203639,0,0,0,0,0.00062,0.00062,0,0,0,0
EPISODE,RA7xsAHQKExrM4RcExQQ,004,"Cypherpunks Write Code: AI, Meetups & the Meshtadel | Ep. 004",7yuOJwwHn7mGoSgX9Ez7,,npub1ljswqt5rr5hpd3ee86n4qp9uvqafk233wlsvndxu7sxg8q889fxse79q6n,"BITCOIN is for EVERYONE (May 22-23, 2026)",,npub:npub1ljswqt5rr5hpd3ee86n4qp9uvqafk233wlsvndxu7sxg8q889fxse79q6n,2026-03-24T04:00:20.502Z,2026-03-24T04:00:21.870Z,2026-04-23T00:02:04.384Z,0,0,0,0,0,0,0,0,0,0,0,0,6902,6902,0,0,0,0,6902,6902,0,0,0,0,0,0,0,0,0,0,0,0,0,0,0,0,4.8665400000000005,4.8665400000000005,0,0,0,0,4.866537,4.866537,0,0,0,0
EPISODE,RA7xsAHQKExrM4RcExQQ,004,"Cypherpunks Write Code: AI, Meetups & the Meshtadel | Ep. 004",qQMhprUGFYQyOTYP8NAU,8Zso0hGJY6bYEzVz7HZXppOqphY2,npub1z3h8afkwknffxyspvjde77sj6euy66rtyul7qlkl7f2ygktxdqasnn760f,Matthew D,,fountain:1vfyk3yjU8M0Eq9oxl72;npub:npub1z3h8afkwknffxyspvjde77sj6euy66rtyul7qlkl7f2ygktxdqasnn760f,2026-03-14T10:16:38.913Z,2026-03-14T10:16:40.079Z,2026-04-13T00:02:19.980Z,0,0,0,0,0,0,0,0,0,0,0,0,5000,5000,0,0,0,0,5000,5000,0,0,0,0,0,0,0,0,0,0,0,0,0,0,0,0,3.5268055,3.5268055,0,0,0,0,3.52680939,3.52680939,0,0,0,0
EPISODE,RA7xsAHQKExrM4RcExQQ,004,"Cypherpunks Write Code: AI, Meetups & the Meshtadel | Ep. 004",ryJqlOXpNep8ACmur7dp,iNOsu5YCLobboP0b7h9R6TgXfU12,npub1xgyjasdztryl9sg6nfdm2wcj0j3qjs03sq7a0an32pg0lr5l6yaqxhgu7s,Reed,,fountain:BpA9eMhqose45sa3mtJ8;npub:npub1xgyjasdztryl9sg6nfdm2wcj0j3qjs03sq7a0an32pg0lr5l6yaqxhgu7s,2026-03-21T11:50:39.000Z,2026-03-21T14:50:34.369Z,2026-04-20T00:02:10.683Z,0,0,0,0,0,0,0,0,0,0,0,0,4200,4200,0,0,0,0,4200,4200,0,0,0,0,0,0,0,0,0,0,0,0,0,0,0,0,2.96994978,2.96994978,0,0,0,0,2.9699505223999996,2.9699505223999996,0,0,0,0
EPISODE,RA7xsAHQKExrM4RcExQQ,004,"Cypherpunks Write Code: AI, Meetups & the Meshtadel | Ep. 004",WQEfVZ5ek8CnX5vqHM1n,wBHeoBISpFargiwQptg0FaaIwt23,npub15wzuy60l6p2kg8pr2juvw4jw0ctaexyyar8qzamcvwx4kk6pdcvq07skp8,Wartime,,fountain:9ZMfG0jX1BNx3NR6qMFp;npub:npub15wzuy60l6p2kg8pr2juvw4jw0ctaexyyar8qzamcvwx4kk6pdcvq07skp8,2026-03-18T18:18:04.626Z,2026-03-18T19:53:06.936Z,2026-04-17T00:01:16.384Z,0,0,0,0,0,0,0,0,0,0,0,0,4131,4131,0,0,0,0,4131,4131,0,0,0,0,0,0,0,0,0,0,0,0,0,0,0,0,2.9612697796000003,2.9612697796000003,0,0,0,0,2.9612733977000003,2.9612733977000003,0,0,0,0
EPISODE,RA7xsAHQKExrM4RcExQQ,004,"Cypherpunks Write Code: AI, Meetups & the Meshtadel | Ep. 004",g9PluNiKKSRf1cryyabe,HbEZH8TzhNRJatbrCZTf8ABGzNa2,npub15604np6ccsk7ugph4nrg7kyq7kpme9lmcn4l0q2xk4yd5d6puu2s00dr0u,godsdeth (dr4kdr0u),,fountain:9gPYvkzzyRCfpJv4YXFG;npub:npub15604np6ccsk7ugph4nrg7kyq7kpme9lmcn4l0q2xk4yd5d6puu2s00dr0u,2026-03-12T18:30:53.784Z,2026-04-23T08:46:29.537Z,2026-04-30T00:00:24.289Z,0,0,0,0,0,0,1237,1237,0,0,0,0,1474,1474,0,0,0,0,1474,1474,0,0,0,0,0,0,0,0,0,0,0.96186,0.96186,0,0,0,0,1.12784194625,1.12784194625,0,0,0,0,1.12784033675,1.12784033675,0,0,0,0
EPISODE,RA7xsAHQKExrM4RcExQQ,004,"Cypherpunks Write Code: AI, Meetups & the Meshtadel | Ep. 004",UFmIZBrzNzNlmq6TxFhw,UMxrkHYk1mRqmpw531Uh4KFxYtD2,npub1z9hy7a0n8zxnhgrcew2nnkr4sx6sum07exve99pqq30leujye3usgd858n,Business Cat,,fountain:kGxWOyZjGPrYkQGbzIjC;npub:npub1z9hy7a0n8zxnhgrcew2nnkr4sx6sum07exve99pqq30leujye3usgd858n,2026-03-13T19:56:04.154Z,2026-03-13T19:56:05.498Z,2026-04-12T00:01:36.980Z,0,0,0,0,0,0,0,0,0,0,0,0,1337,1337,0,0,0,0,1337,1337,0,0,0,0,0,0,0,0,0,0,0,0,0,0,0,0,0.9522627408,0.9522627408,0,0,0,0,0.9522623039999999,0.9522623039999999,0,0,0,0
EPISODE,RA7xsAHQKExrM4RcExQQ,004,"Cypherpunks Write Code: AI, Meetups & the Meshtadel | Ep. 004",rdWKvFUiKxJVuZJsrq0j,edCO2U2axVRBcrYoLYylq4GalP23,npub1h6dm833nvxz8ykmp3me6uf46agyjwgc535jfn6ew5gzl8rmmtxdq4ysge0,,,fountain:VWlo1yNhiSiFutCEgqQm;npub:npub1h6dm833nvxz8ykmp3me6uf46agyjwgc535jfn6ew5gzl8rmmtxdq4ysge0,2026-03-18T21:00:28.806Z,2026-03-18T21:00:29.945Z,2026-04-17T00:01:16.583Z,0,0,0,0,0,0,0,0,0,0,0,0,1000,1000,0,0,0,0,1000,1000,0,0,0,0,0,0,0,0,0,0,0,0,0,0,0,0,0.7124282,0.7124282,0,0,0,0,0.712429636,0.712429636,0,0,0,0
EPISODE,RA7xsAHQKExrM4RcExQQ,004,"Cypherpunks Write Code: AI, Meetups & the Meshtadel | Ep. 004",6YS5KsZmR7NkiRMi4StW,DVH3MFa1b1PWL8ywR43fbemKVn73,npub1marc26z8nh3xkj5rcx7ufkatvx6ueqhp5vfw9v5teq26z254renshtf3g0,Marc Kat,,fountain:8TZE1p1GQzUHncVifvJR;npub:npub1marc26z8nh3xkj5rcx7ufkatvx6ueqhp5vfw9v5teq26z254renshtf3g0,2026-03-16T15:43:04.068Z,2026-03-16T15:43:05.287Z,2026-04-15T00:02:12.783Z,0,0,0,0,0,0,0,0,0,0,0,0,1000,1000,0,0,0,0,1000,1000,0,0,0,0,0,0,0,0,0,0,0,0,0,0,0,0,0.7361197,0.7361197,0,0,0,0,0.736117306,0.736117306,0,0,0,0
EPISODE,RA7xsAHQKExrM4RcExQQ,004,"Cypherpunks Write Code: AI, Meetups & the Meshtadel | Ep. 004",QtgffVwNnzVKkj4C2puF,,,Anonymous,,uuid:9fc8bbed-aa8e-4ae8-a459-c5469fb8c55c,2026-03-24T02:21:02.372Z,2026-03-24T02:21:02.449Z,2026-04-23T00:02:04.779Z,0,0,0,0,0,0,0,0,0,0,0,0,980,980,0,0,0,0,980,980,0,0,0,0,0,0,0,0,0,0,0,0,0,0,0,0,0.690819,0.690819,0,0,0,0,0.69082,0.69082,0,0,0,0
EPISODE,RA7xsAHQKExrM4RcExQQ,004,"Cypherpunks Write Code: AI, Meetups & the Meshtadel | Ep. 004",madm2rSEbChaa8Y4RauQ,,,Anonymous,,uuid:fe218cd9-09c9-4d20-a47d-1468db1baec2,2026-03-19T10:20:38.733Z,2026-03-19T10:20:38.840Z,2026-04-18T00:01:50.078Z,0,0,0,0,0,0,0,0,0,0,0,0,490,490,0,0,0,0,490,490,0,0,0,0,0,0,0,0,0,0,0,0,0,0,0,0,0.345291,0.345291,0,0,0,0,0.34529,0.34529,0,0,0,0
EPISODE,RA7xsAHQKExrM4RcExQQ,004,"Cypherpunks Write Code: AI, Meetups & the Meshtadel | Ep. 004",IGBowe2mqnL2iPtHnE4O,k6dGIt9k2hRnm73z7BCUVVBQwtz1,npub15ymzglvv4alrp06q85eqqmawegxf688v0gtqwhjpgtp0a4k2mesqshkwwx,shadrach@fountain.fm,shadrach,fountain:QHTmd73FmJgg0Id3Qd5S;npub:npub15ymzglvv4alrp06q85eqqmawegxf688v0gtqwhjpgtp0a4k2mesqshkwwx,2026-05-07T00:16:13.864Z,2026-05-07T00:16:20.566Z,2026-05-14T00:00:25.987Z,0,0,0,0,0,0,323,323,0,0,0,0,323,323,0,0,0,0,323,323,0,0,0,0,0,0,0,0,0,0,0.263,0.263,0,0,0,0,0.26299880401666664,0.26299880401666664,0,0,0,0,0.2629953612,0.2629953612,0,0,0,0
EPISODE,RA7xsAHQKExrM4RcExQQ,004,"Cypherpunks Write Code: AI, Meetups & the Meshtadel | Ep. 004",S7eYcrUA5VgAHVwVeUJM,,,Anonymous,,uuid:25c0c88a-dc6a-45e8-b717-870318dac176,2026-03-24T02:21:00.933Z,2026-03-24T02:21:01.023Z,2026-04-23T00:02:03.884Z,0,0,0,0,0,0,0,0,0,0,0,0,20,20,0,0,0,0,20,20,0,0,0,0,0,0,0,0,0,0,0,0,0,0,0,0,0.014098,0.014098,0,0,0,0,0.0141,0.0141,0,0,0,0
EPISODE,RA7xsAHQKExrM4RcExQQ,004,"Cypherpunks Write Code: AI, Meetups & the Meshtadel | Ep. 004",czUe6l711EEphQNaPgB0,,,Anonymous,,uuid:7ee2996d-a778-40c8-b1c7-fd7adf594797,2026-03-19T10:20:35.610Z,2026-03-19T10:20:35.691Z,2026-04-18T00:01:49.887Z,0,0,0,0,0,0,0,0,0,0,0,0,10,10,0,0,0,0,10,10,0,0,0,0,0,0,0,0,0,0,0,0,0,0,0,0,0.007047,0.007047,0,0,0,0,0.00705,0.00705,0,0,0,0
EPISODE,UwNRlGvYCau5FGkyULdo,016,"Local Bitcoiners • Parallel Systems for Silent Bitcoiners w/Bit_ish: Cleveland, OH | Ep. 016",pc7FxyIyX1JxUIEYaR83,8Zso0hGJY6bYEzVz7HZXppOqphY2,npub1z3h8afkwknffxyspvjde77sj6euy66rtyul7qlkl7f2ygktxdqasnn760f,user82925646@fountain.fm,user82925646,fountain:1vfyk3yjU8M0Eq9oxl72;npub:npub1z3h8afkwknffxyspvjde77sj6euy66rtyul7qlkl7f2ygktxdqasnn760f,2026-06-18T14:48:28.959Z,2026-06-18T14:48:31.429Z,2026-07-14T00:01:36.997Z,0,0,0,0,0,0,5000,5000,0,0,0,0,5000,5000,0,0,0,0,5000,5000,0,0,0,0,0,0,0,0,0,0,3.19388,3.19388,0,0,0,0,3.1938787499999988,3.1938787499999988,0,0,0,0,3.193877549999999,3.193877549999999,0,0,0,0
EPISODE,UwNRlGvYCau5FGkyULdo,016,"Local Bitcoiners • Parallel Systems for Silent Bitcoiners w/Bit_ish: Cleveland, OH | Ep. 016",wZZM3XpY1xs5Y8O6zikI,nxFftFws0CWlvFZ7XdlXIqW1ZFM2,npub13q8evu294dnt20vacfuagj5hy2agwhfr93el8h68qlg708zrxm8qnd6vpv,plebianon@fountain.fm,plebianon,fountain:lgW4CKFWWwwXpSCFHOxI;npub:npub13q8evu294dnt20vacfuagj5hy2agwhfr93el8h68qlg708zrxm8qnd6vpv,2026-06-22T14:02:24.165Z,2026-06-22T14:02:26.344Z,2026-07-14T00:02:10.199Z,0,0,0,0,0,0,1421,1421,0,0,0,0,1421,1421,0,0,0,0,1421,1421,0,0,0,0,0,0,0,0,0,0,0.93009,0.93009,0,0,0,0,0.9300939744833334,0.9300939744833334,0,0,0,0,0.9300948339666667,0.9300948339666667,0,0,0,0
EPISODE,UwNRlGvYCau5FGkyULdo,016,"Local Bitcoiners • Parallel Systems for Silent Bitcoiners w/Bit_ish: Cleveland, OH | Ep. 016",789Zr5Ukj6wfa0XqmkpR,HbEZH8TzhNRJatbrCZTf8ABGzNa2,npub15604np6ccsk7ugph4nrg7kyq7kpme9lmcn4l0q2xk4yd5d6puu2s00dr0u,godsdeth@fountain.fm,godsdeth,fountain:9gPYvkzzyRCfpJv4YXFG;npub:npub15604np6ccsk7ugph4nrg7kyq7kpme9lmcn4l0q2xk4yd5d6puu2s00dr0u,2026-06-17T21:28:58.937Z,2026-06-17T21:29:01.331Z,2026-07-14T00:01:34.501Z,0,0,0,0,0,0,1237,1237,0,0,0,0,1237,1237,0,0,0,0,1237,1237,0,0,0,0,0,0,0,0,0,0,0.79493,0.79493,0,0,0,0,0.7949272487,0.7949272487,0,0,0,0,0.7949262079,0.7949262079,0,0,0,0
EPISODE,UwNRlGvYCau5FGkyULdo,016,"Local Bitcoiners • Parallel Systems for Silent Bitcoiners w/Bit_ish: Cleveland, OH | Ep. 016",9iFl2z3Spg2KmD2JfajT,O0t9roBWWUYZNulUFYJ3qJAX2LQ2,npub13h3hhzv20uqjsyrmj95mstdvsqae3th5a2vr7ctjal2rvpw34xvsdwa57n,pleb2polymath@fountain.fm,pleb2polymath,fountain:j5sIB6SPNw3y4nB6V3RY;npub:npub13h3hhzv20uqjsyrmj95mstdvsqae3th5a2vr7ctjal2rvpw34xvsdwa57n,2026-06-18T14:36:13.839Z,2026-06-19T14:03:15.671Z,2026-07-14T00:01:58.190Z,0,0,0,0,0,0,1227,0,1227,0,0,0,1227,0,1227,0,0,0,1227,0,1227,0,0,0,0,0,0,0,0,0,0.77916,0,0.77916,0,0,0,0.7786065907833354,0,0.7786065907833354,0,0,0,0.7786023257333353,0,0.7786023257333353,0,0,0
EPISODE,UwNRlGvYCau5FGkyULdo,016,"Local Bitcoiners • Parallel Systems for Silent Bitcoiners w/Bit_ish: Cleveland, OH | Ep. 016",ht7XMNuQBngTfLtZMz8c,26OOjHAbUMQlSkcD0SaP1N78SH62,npub1vvcxpktswmuaqr5a27u3926m036mu43wgev4rsktcntduygdn4estgp5fy,bullishclips@fountain.fm,bullishclips,fountain:y2NBwBJsfQPbmJjtVjeY;npub:npub1vvcxpktswmuaqr5a27u3926m036mu43wgev4rsktcntduygdn4estgp5fy,2026-06-23T16:00:54.007Z,2026-06-23T16:00:56.642Z,2026-07-14T00:02:31.902Z,0,0,0,0,0,0,888,888,0,0,0,0,888,888,0,0,0,0,888,888,0,0,0,0,0,0,0,0,0,0,0.55401,0.55401,0,0,0,0,0.554008992,0.554008992,0,0,0,0,0.554005936,0.554005936,0,0,0,0
EPISODE,UwNRlGvYCau5FGkyULdo,016,"Local Bitcoiners • Parallel Systems for Silent Bitcoiners w/Bit_ish: Cleveland, OH | Ep. 016",xee0VexTGpDVffRBGgHG,MOEznH85cINjrSAwP4n1TCdtCxJ3,npub1zgy6k5c8qdw3zjvhwf6gjyqcpsdq7jgd8lndsjzpfvtfqykkj65smuswzn,user81746689@fountain.fm,user81746689,fountain:6Anb8v4DtKfCBLxQsuCD;npub:npub1zgy6k5c8qdw3zjvhwf6gjyqcpsdq7jgd8lndsjzpfvtfqykkj65smuswzn,2026-06-19T11:54:15.106Z,2026-06-19T11:54:17.390Z,2026-07-14T00:01:58.094Z,0,0,0,0,0,0,500,500,0,0,0,0,500,500,0,0,0,0,500,500,0,0,0,0,0,0,0,0,0,0,0.31288,0.31288,0,0,0,0,0.31286944166666664,0.31286944166666664,0,0,0,0,0.3128712203333333,0.3128712203333333,0,0,0,0
EPISODE,UwNRlGvYCau5FGkyULdo,016,"Local Bitcoiners • Parallel Systems for Silent Bitcoiners w/Bit_ish: Cleveland, OH | Ep. 016",nWlBiTSo5UswJ2UAqj02,BdakMeC2F8NRD9jEw6Jn2yHtUIf2,npub1srqgvupkre8hggp5new59qdnpgr9lhnz23yf78p9tdrqraq04pwq9hpxxh,code27@fountain.fm,code27,fountain:Rtucj25kWVXAmvk8kDXD;npub:npub1srqgvupkre8hggp5new59qdnpgr9lhnz23yf78p9tdrqraq04pwq9hpxxh,2026-06-18T17:06:13.820Z,2026-06-18T17:06:16.212Z,2026-07-14T00:01:37.894Z,0,0,0,0,0,0,500,500,0,0,0,0,500,500,0,0,0,0,500,500,0,0,0,0,0,0,0,0,0,0,0.31237,0.31237,0,0,0,0,0.31236319166666665,0.31236319166666665,0,0,0,0,0.31236697033333327,0.31236697033333327,0,0,0,0
EPISODE,UwNRlGvYCau5FGkyULdo,016,"Local Bitcoiners • Parallel Systems for Silent Bitcoiners w/Bit_ish: Cleveland, OH | Ep. 016",0iD9fbNSxNDBTNDk32IY,kKfkYVqCfSc3nm8TW1plp2lzbIB3,npub1avlfy74e7pmhtc2wxjnp5v5ag59jmz6jkaeurkaqgp9segw97s9qycq6k3,user63647123@fountain.fm,user63647123,fountain:lczIJF0ZryqMxZWUPH86;npub:npub1avlfy74e7pmhtc2wxjnp5v5ag59jmz6jkaeurkaqgp9segw97s9qycq6k3,2026-06-21T17:12:36.325Z,2026-06-21T17:12:40.077Z,2026-07-14T00:02:05.794Z,0,0,0,0,0,0,500,500,0,0,0,0,500,500,0,0,0,0,500,500,0,0,0,0,0,0,0,0,0,0,0.32061,0.32061,0,0,0,0,0.32061110000000004,0.32061110000000004,0,0,0,0,0.32061554800000003,0.32061554800000003,0,0,0,0
EPISODE,UwNRlGvYCau5FGkyULdo,016,"Local Bitcoiners • Parallel Systems for Silent Bitcoiners w/Bit_ish: Cleveland, OH | Ep. 016",1c4egqwcn94NCFGLvYZq,Qs9sjkFT2UT7zDrz9alFG3dszGf1,,behybr@fountain.fm,behybr,fountain:5yiQ6dmJpCUGbgOeryJB,2026-06-21T13:04:48.959Z,2026-06-21T13:47:05.816Z,2026-07-14T00:02:04.990Z,0,0,0,0,0,0,440,0,440,0,0,0,440,0,440,0,0,0,440,0,440,0,0,0,0,0,0,0,0,0,0.2816,0,0.2816,0,0,0,0.2817856969999996,0,0.2817856969999996,0,0,0,0.2817838258999996,0,0.2817838258999996,0,0,0
EPISODE,UwNRlGvYCau5FGkyULdo,016,"Local Bitcoiners • Parallel Systems for Silent Bitcoiners w/Bit_ish: Cleveland, OH | Ep. 016",KjXsbqxzIYuTOj0CNYRT,IalGvWfaCeUDfU38Llvpsalg6T32,npub1t49ker2fyy2xc5y7qrsfxrp6g8evsxluqmaq09xt7uuhhzsurm3srw4jj5,undisciplined@fountain.fm,undisciplined,fountain:mYmb0INB75fJKxiklgyT;npub:npub1t49ker2fyy2xc5y7qrsfxrp6g8evsxluqmaq09xt7uuhhzsurm3srw4jj5,2026-06-30T10:44:28.815Z,2026-06-30T10:44:31.172Z,2026-07-14T00:03:04.703Z,0,0,0,0,0,0,420,420,0,0,0,0,420,420,0,0,0,0,420,420,0,0,0,0,0,0,0,0,0,0,0.24877,0.24877,0,0,0,0,0.24877586299999999,0.24877586299999999,0,0,0,0,0.24877451623333333,0.24877451623333333,0,0,0,0
EPISODE,UwNRlGvYCau5FGkyULdo,016,"Local Bitcoiners • Parallel Systems for Silent Bitcoiners w/Bit_ish: Cleveland, OH | Ep. 016",6fg3lk3hjr40apmdj74r,YZpbHCrMRCNz4JiTzmSneMHPjbO2,npub1y3s99smcstupmj0txq3j26s7ue5qynuyjng5xle6jw5jy8jt85tq6kajjt,asnyde37@fountain.fm,asnyde37,fountain:vm2GvyEXbSczpOSDHs9w;npub:npub1y3s99smcstupmj0txq3j26s7ue5qynuyjng5xle6jw5jy8jt85tq6kajjt,2026-06-18T14:12:03.843Z,2026-06-18T14:12:13.776Z,2026-07-14T00:01:36.991Z,0,0,0,0,0,0,200,200,0,0,0,0,200,200,0,0,0,0,200,200,0,0,0,0,0,0,0,0,0,0,0.12748,0.12748,0,0,0,0,0.12748246000000002,0.12748246000000002,0,0,0,0,0.1274780728,0.1274780728,0,0,0,0
EPISODE,UwNRlGvYCau5FGkyULdo,016,"Local Bitcoiners • Parallel Systems for Silent Bitcoiners w/Bit_ish: Cleveland, OH | Ep. 016",wJ6PHAdb94lSpDO4LuIG,6BwQmhaZzOhFzQIb4NT1v96qPbA3,npub1jxh2kga4ve8d4ftahcqtqswvk5z5f7ya0k2kx3dm679hmw4ysesqvt62rj,NostrGang@fountain.fm,NostrGang,fountain:7yFU6TDVQCUATGqYb4xT;npub:npub1jxh2kga4ve8d4ftahcqtqswvk5z5f7ya0k2kx3dm679hmw4ysesqvt62rj,2026-06-19T10:54:18.899Z,2026-06-19T10:54:21.773Z,2026-07-14T00:01:57.398Z,0,0,0,0,0,0,100,100,0,0,0,0,100,100,0,0,0,0,100,100,0,0,0,0,0,0,0,0,0,0,0.06246,0.06246,0,0,0,0,0.062468380000000004,0.062468380000000004,0,0,0,0,0.0624684984,0.0624684984,0,0,0,0
EPISODE,UwNRlGvYCau5FGkyULdo,016,"Local Bitcoiners • Parallel Systems for Silent Bitcoiners w/Bit_ish: Cleveland, OH | Ep. 016",qnhDGPq8Osu7s30sscq7,,,ChadF,,uuid:95EAB029-AE66-4AB4-B91B-D1403038F40B,2026-06-17T22:50:59.106Z,2026-06-17T22:50:59.178Z,2026-07-14T00:01:35.090Z,0,0,0,0,0,0,6,6,0,0,0,0,6,6,0,0,0,0,6,6,0,0,0,0,0,0,0,0,0,0,0.00386,0.00386,0,0,0,0,0.00386,0.00386,0,0,0,0,0.00386,0.00386,0,0,0,0
EPISODE,Xwgh7I9uZLY08uVepuIN,017,"The Subjective Value of Meetups w/Clay Seal: Cincinnati, OH | Ep. 017",6xj2vqaykjasngIuEnR5,VG78QtXuevPiJdIj5ZCyVqRX6c53,npub1mc909r6rtu2kfmzfy9u5vzy60jlhgqgzty0jqlz0qhkdraxcypcqduvk2m,logues@fountain.fm,logues,fountain:rncGzbsVVjleYJ3aIgd8;npub:npub1mc909r6rtu2kfmzfy9u5vzy60jlhgqgzty0jqlz0qhkdraxcypcqduvk2m,2026-06-25T16:50:22.931Z,2026-06-25T20:58:49.484Z,2026-07-14T00:02:38.593Z,0,0,0,0,0,0,0,0,0,0,0,0,5470,4000,1470,0,0,0,5470,4000,1470,0,0,0,0,0,0,0,0,0,0,0,0,0,0,0,3.243779,2.372063,0.8717159999999999,0,0,0,3.2437769999999997,2.372063,0.871714,0,0,0
EPISODE,Xwgh7I9uZLY08uVepuIN,017,"The Subjective Value of Meetups w/Clay Seal: Cincinnati, OH | Ep. 017",pvwesOwgn1DVb6wy6YlR,j3wQsWywA3NYcbDY9tkNJxrcEco1,npub1a3zuwhttqgxw340qgupl24jmydnssmht05v48ecm5tvx762d358sexf24q,whit6r@fountain.fm,whit6r,fountain:CzsSyfneN4MajO7maY6X;npub:npub1a3zuwhttqgxw340qgupl24jmydnssmht05v48ecm5tvx762d358sexf24q,2026-06-26T14:57:43.834Z,2026-06-26T14:57:54.313Z,2026-07-14T00:02:39.893Z,0,0,0,0,0,0,5000,5000,0,0,0,0,5000,5000,0,0,0,0,5000,5000,0,0,0,0,0,0,0,0,0,0,2.96957,2.96957,0,0,0,0,2.9695655,2.9695655,0,0,0,0,2.969568885,2.969568885,0,0,0,0
EPISODE,Xwgh7I9uZLY08uVepuIN,017,"The Subjective Value of Meetups w/Clay Seal: Cincinnati, OH | Ep. 017",MPtRrYwY4NEFDgRjMW6U,8Zso0hGJY6bYEzVz7HZXppOqphY2,npub1z3h8afkwknffxyspvjde77sj6euy66rtyul7qlkl7f2ygktxdqasnn760f,user82925646@fountain.fm,user82925646,fountain:1vfyk3yjU8M0Eq9oxl72;npub:npub1z3h8afkwknffxyspvjde77sj6euy66rtyul7qlkl7f2ygktxdqasnn760f,2026-06-30T09:12:33.882Z,2026-06-30T09:12:38.769Z,2026-07-14T00:03:04.694Z,0,0,0,0,0,0,5000,5000,0,0,0,0,5000,5000,0,0,0,0,5000,5000,0,0,0,0,0,0,0,0,0,0,2.95945,2.95945,0,0,0,0,2.9594460000000002,2.9594460000000002,0,0,0,0,2.95944882,2.95944882,0,0,0,0
EPISODE,Xwgh7I9uZLY08uVepuIN,017,"The Subjective Value of Meetups w/Clay Seal: Cincinnati, OH | Ep. 017",JYLMs9iBnGgevHPawFBW,nxFftFws0CWlvFZ7XdlXIqW1ZFM2,npub13q8evu294dnt20vacfuagj5hy2agwhfr93el8h68qlg708zrxm8qnd6vpv,plebianon@fountain.fm,plebianon,fountain:lgW4CKFWWwwXpSCFHOxI;npub:npub13q8evu294dnt20vacfuagj5hy2agwhfr93el8h68qlg708zrxm8qnd6vpv,2026-07-06T01:20:48.959Z,2026-07-06T01:20:51.413Z,2026-07-14T00:03:25.297Z,0,0,0,0,0,0,4242,4242,0,0,0,0,4242,4242,0,0,0,0,4242,4242,0,0,0,0,0,0,0,0,0,0,2.70337,2.70337,0,0,0,0,2.7033637477,2.7033637477,0,0,0,0,2.7033644910333336,2.7033644910333336,0,0,0,0
EPISODE,Xwgh7I9uZLY08uVepuIN,017,"The Subjective Value of Meetups w/Clay Seal: Cincinnati, OH | Ep. 017",mCCRxO8tBlZ3BrfJXKiV,,,Anonymous,,uuid:e7b95ec8-7b69-4808-96ec-85c4f64760e0,2026-06-25T14:25:53.924Z,2026-06-25T14:26:15.737Z,2026-07-14T00:02:37.990Z,0,0,0,0,0,0,2500,2500,0,0,0,0,3325,3325,0,0,0,0,3325,3325,0,0,0,0,0,0,0,0,0,0,1.48072,1.48072,0,0,0,0,1.9693590000000003,1.9693590000000003,0,0,0,0,1.9693590000000003,1.9693590000000003,0,0,0,0
EPISODE,Xwgh7I9uZLY08uVepuIN,017,"The Subjective Value of Meetups w/Clay Seal: Cincinnati, OH | Ep. 017",YkKgsxk7UI4vgDHBJxjq,O0t9roBWWUYZNulUFYJ3qJAX2LQ2,npub13h3hhzv20uqjsyrmj95mstdvsqae3th5a2vr7ctjal2rvpw34xvsdwa57n,pleb2polymath@fountain.fm,pleb2polymath,fountain:j5sIB6SPNw3y4nB6V3RY;npub:npub13h3hhzv20uqjsyrmj95mstdvsqae3th5a2vr7ctjal2rvpw34xvsdwa57n,2026-06-25T17:24:53.886Z,2026-06-25T20:32:34.575Z,2026-07-14T00:02:38.597Z,0,0,0,0,0,0,1341,0,1341,0,0,0,1351,0,1351,0,0,0,1351,0,1351,0,0,0,0,0,0,0,0,0,0.79742,0,0.79742,0,0,0,0.8032907501833308,0,0.8032907501833308,0,0,0,0.8032877603333308,0,0.8032877603333308,0,0,0
EPISODE,Xwgh7I9uZLY08uVepuIN,017,"The Subjective Value of Meetups w/Clay Seal: Cincinnati, OH | Ep. 017",6h9Ome3Exac1WnXz0Hwx,YZpbHCrMRCNz4JiTzmSneMHPjbO2,npub1y3s99smcstupmj0txq3j26s7ue5qynuyjng5xle6jw5jy8jt85tq6kajjt,asnyde37@fountain.fm,asnyde37,fountain:vm2GvyEXbSczpOSDHs9w;npub:npub1y3s99smcstupmj0txq3j26s7ue5qynuyjng5xle6jw5jy8jt85tq6kajjt,2026-06-26T23:02:33.899Z,2026-06-26T23:02:49.437Z,2026-07-14T00:02:41.001Z,0,0,0,0,0,0,200,200,0,0,0,0,200,200,0,0,0,0,200,200,0,0,0,0,0,0,0,0,0,0,0.11992,0.11992,0,0,0,0,0.1199219,0.1199219,0,0,0,0,0.119917673,0.119917673,0,0,0,0
EPISODE,Xwgh7I9uZLY08uVepuIN,017,"The Subjective Value of Meetups w/Clay Seal: Cincinnati, OH | Ep. 017",Z3p0jRsXSCNL6ocik9UE,6BwQmhaZzOhFzQIb4NT1v96qPbA3,npub1jxh2kga4ve8d4ftahcqtqswvk5z5f7ya0k2kx3dm679hmw4ysesqvt62rj,NostrGang@fountain.fm,NostrGang,fountain:7yFU6TDVQCUATGqYb4xT;npub:npub1jxh2kga4ve8d4ftahcqtqswvk5z5f7ya0k2kx3dm679hmw4ysesqvt62rj,2026-06-25T14:09:36.138Z,2026-06-25T14:09:40.056Z,2026-07-14T00:02:37.794Z,0,0,0,0,0,0,100,100,0,0,0,0,100,100,0,0,0,0,100,100,0,0,0,0,0,0,0,0,0,0,0.05931,0.05931,0,0,0,0,0.059300069999999996,0.059300069999999996,0,0,0,0,0.0593010469,0.0593010469,0,0,0,0
EPISODE,aCokvqoB5KnXfRvFUs99,012,"Local Bitcoiners • Leveraging Social Capital in Charlotte & Peru: Charlotte, NC | Ep. 012",sNB1wnL8LoEvwFHeaoIk,LpT5bOLeFocnUcK46y0v6SOTJca2,npub1a6hvdlk99q83hsw8cgzdjww8m7xnxx9yg77mfmm60n45fed6kdgsaprzvp,sk8k8@fountain.fm,sk8k8,fountain:OSAxX4OlbIfagpT84oB9;npub:npub1a6hvdlk99q83hsw8cgzdjww8m7xnxx9yg77mfmm60n45fed6kdgsaprzvp,2026-05-26T18:17:51.125Z,2026-05-26T18:17:59.504Z,2026-06-24T00:01:50.702Z,0,0,0,0,0,0,2221,2221,0,0,0,0,2221,2221,0,0,0,0,2221,2221,0,0,0,0,0,0,0,0,0,0,1.68608,1.68608,0,0,0,0,1.6860879191,1.6860879191,0,0,0,0,1.6860857647999998,1.6860857647999998,0,0,0,0
EPISODE,aCokvqoB5KnXfRvFUs99,012,"Local Bitcoiners • Leveraging Social Capital in Charlotte & Peru: Charlotte, NC | Ep. 012",VXgW3j77AMPi8QdwpHHm,jZKLltjGF7SADwUgBllafVaX5ON2,npub1f69t2s7uzljr626ctm0k3mufx5vlv4a2jqwac0w0gxwghp4w5zpq0jva3d,hodlsolo@fountain.fm,hodlsolo,fountain:WDAMBc61dcRjFi1oineH;npub:npub1f69t2s7uzljr626ctm0k3mufx5vlv4a2jqwac0w0gxwghp4w5zpq0jva3d,2026-05-22T06:40:13.990Z,2026-05-22T06:40:19.454Z,2026-06-21T00:01:29.802Z,0,0,0,0,0,0,0,0,0,0,0,0,2021,2021,0,0,0,0,2021,2021,0,0,0,0,0,0,0,0,0,0,0,0,0,0,0,0,1.5629577306,1.5629577306,0,0,0,0,1.5629547164000002,1.5629547164000002,0,0,0,0
EPISODE,aCokvqoB5KnXfRvFUs99,012,"Local Bitcoiners • Leveraging Social Capital in Charlotte & Peru: Charlotte, NC | Ep. 012",j12WwyBlSq7qD6Oipcta,RUoGkVgmPtTT5hDt1yuHS9UjOU82,npub10gudflxfrvk6dzm3gwr8vwllnatsw2anlkuzjl6mw77a4hgj9aaqjagxvq,wtf@fountain.fm,wtf,fountain:t8MSXS85BqukhsDelCrD;npub:npub10gudflxfrvk6dzm3gwr8vwllnatsw2anlkuzjl6mw77a4hgj9aaqjagxvq;npub:npub15rnr0y725evntjc8whryzfgqptts5tezthq28arpea6q20tdm5gq62z5dt,2026-05-21T15:55:13.945Z,2026-05-21T15:55:16.901Z,2026-06-20T00:01:26.504Z,0,0,0,0,0,0,0,0,0,0,0,0,1000,1000,0,0,0,0,1000,1000,0,0,0,0,0,0,0,0,0,0,0,0,0,0,0,0,0.7709554,0.7709554,0,0,0,0,0.7709596719999999,0.7709596719999999,0,0,0,0
EPISODE,aCokvqoB5KnXfRvFUs99,012,"Local Bitcoiners • Leveraging Social Capital in Charlotte & Peru: Charlotte, NC | Ep. 012",eg0hhCspQ5DLW6ovORaq,k6dGIt9k2hRnm73z7BCUVVBQwtz1,npub15ymzglvv4alrp06q85eqqmawegxf688v0gtqwhjpgtp0a4k2mesqshkwwx,shadrach@fountain.fm,shadrach,fountain:QHTmd73FmJgg0Id3Qd5S;npub:npub15ymzglvv4alrp06q85eqqmawegxf688v0gtqwhjpgtp0a4k2mesqshkwwx,2026-06-08T18:05:13.919Z,2026-06-08T18:05:16.368Z,2026-07-08T00:01:18.997Z,0,0,0,0,0,0,0,0,0,0,0,0,323,323,0,0,0,0,323,323,0,0,0,0,0,0,0,0,0,0,0,0,0,0,0,0,0.2053111709,0.2053111709,0,0,0,0,0.2053078728,0.2053078728,0,0,0,0
EPISODE,aCokvqoB5KnXfRvFUs99,012,"Local Bitcoiners • Leveraging Social Capital in Charlotte & Peru: Charlotte, NC | Ep. 012",kZQlFdL7pQ9nHh8SXwHr,9sKOdEW7XZYQKhukQPsJjOImsJo2,npub13v5w9ylsdahkfggkaa6ya2qardpfsgt8r45n5j27c6j8en8g3nrqsacqpv,palmeyera@fountain.fm,palmeyera,fountain:CbpehmvKqug5aJfTp4Ax;npub:npub13v5w9ylsdahkfggkaa6ya2qardpfsgt8r45n5j27c6j8en8g3nrqsacqpv,2026-05-27T20:16:24.633Z,2026-05-27T20:16:47.670Z,2026-06-24T00:01:54.506Z,0,0,0,0,0,0,0,0,0,0,0,0,300,300,0,0,0,0,300,300,0,0,0,0,0,0,0,0,0,0,0,0,0,0,0,0,0.225509,0.225509,0,0,0,0,0.225511,0.225511,0,0,0,0
EPISODE,aCokvqoB5KnXfRvFUs99,012,"Local Bitcoiners • Leveraging Social Capital in Charlotte & Peru: Charlotte, NC | Ep. 012",aDS309lfbzsG6iE5oiel,6BwQmhaZzOhFzQIb4NT1v96qPbA3,npub1jxh2kga4ve8d4ftahcqtqswvk5z5f7ya0k2kx3dm679hmw4ysesqvt62rj,NostrGang@fountain.fm,NostrGang,fountain:7yFU6TDVQCUATGqYb4xT;npub:npub1jxh2kga4ve8d4ftahcqtqswvk5z5f7ya0k2kx3dm679hmw4ysesqvt62rj,2026-05-21T23:13:28.844Z,2026-05-21T23:13:31.430Z,2026-06-20T00:01:27.801Z,0,0,0,0,0,0,0,0,0,0,0,0,112,112,0,0,0,0,112,112,0,0,0,0,0,0,0,0,0,0,0,0,0,0,0,0,0.0869173536,0.0869173536,0,0,0,0,0.08691963280000001,0.08691963280000001,0,0,0,0
EPISODE,aCokvqoB5KnXfRvFUs99,012,"Local Bitcoiners • Leveraging Social Capital in Charlotte & Peru: Charlotte, NC | Ep. 012",W1p9pH5fpx0FecNhW1KO,mqZL3VhQ7eNt1ocETIPJSehIZxL2,npub1tan2cwtf8s7zxvck79qllzaa7smy03y9ftd50gk6jnag2htnslssyfhjmr,stacinova@fountain.fm,stacinova,fountain:Geb32d76J4nqhSzw4D88;npub:npub1tan2cwtf8s7zxvck79qllzaa7smy03y9ftd50gk6jnag2htnslssyfhjmr,2026-05-22T04:38:48.893Z,2026-05-22T04:40:53.877Z,2026-06-21T00:01:29.199Z,0,0,0,0,0,0,0,0,0,0,0,0,104,0,104,0,0,0,104,0,104,0,0,0,0,0,0,0,0,0,0,0,0,0,0,0,0.0807867352,0,0.0807867352,0,0,0,0.0807878677,0,0.0807878677,0,0,0
EPISODE,aCokvqoB5KnXfRvFUs99,012,"Local Bitcoiners • Leveraging Social Capital in Charlotte & Peru: Charlotte, NC | Ep. 012",4PS78vjM1P6pIS9HG3N1,26OOjHAbUMQlSkcD0SaP1N78SH62,npub1vvcxpktswmuaqr5a27u3926m036mu43wgev4rsktcntduygdn4estgp5fy,bullishclips@fountain.fm,bullishclips,fountain:y2NBwBJsfQPbmJjtVjeY;npub:npub1vvcxpktswmuaqr5a27u3926m036mu43wgev4rsktcntduygdn4estgp5fy,2026-05-24T04:17:59.212Z,2026-05-24T04:18:02.281Z,2026-06-22T00:01:35.397Z,0,0,0,0,0,0,100,100,0,0,0,0,100,100,0,0,0,0,100,100,0,0,0,0,0,0,0,0,0,0,0.07675,0.07675,0,0,0,0,0.07674376,0.07674376,0,0,0,0,0.0767457568,0.0767457568,0,0,0,0
EPISODE,aelYU8CUjGDIItw7Ec20,015,"Local Bitcoiners • Privacy is Sovereignty w/Btcwrestle: Columbia, SC | Ep. 015",MToAqwKEvN2aSuqyj4dy,,,Anonymous,,uuid:48896dff-f4a5-4092-b9c8-97c9a3c3159b,2026-06-11T00:25:33.754Z,2026-06-11T00:25:39.976Z,2026-07-11T00:01:11.200Z,0,0,0,0,0,0,0,0,0,0,0,0,69420,69420,0,0,0,0,69420,69420,0,0,0,0,0,0,0,0,0,0,0,0,0,0,0,0,42.8817,42.8817,0,0,0,0,42.881702000000004,42.881702000000004,0,0,0,0
EPISODE,aelYU8CUjGDIItw7Ec20,015,"Local Bitcoiners • Privacy is Sovereignty w/Btcwrestle: Columbia, SC | Ep. 015",0XEaf3HElYbpYbPZXxXP,,npub1g9ysswt67fnyqfrsgtd8l9p0eyccxlydn5eq0cn3evhm9w7e5nkssvzlky,Orange Dad,,npub:npub1g9ysswt67fnyqfrsgtd8l9p0eyccxlydn5eq0cn3evhm9w7e5nkssvzlky,2026-06-13T12:58:49.001Z,2026-06-13T12:58:54.451Z,2026-07-13T00:01:11.904Z,0,0,0,0,0,0,0,0,0,0,0,0,2121,2121,0,0,0,0,2121,2121,0,0,0,0,0,0,0,0,0,0,0,0,0,0,0,0,1.359213,1.359213,0,0,0,0,1.359218,1.359218,0,0,0,0
EPISODE,aelYU8CUjGDIItw7Ec20,015,"Local Bitcoiners • Privacy is Sovereignty w/Btcwrestle: Columbia, SC | Ep. 015",JEdTPjBvxvSzTiQvnDFh,O0t9roBWWUYZNulUFYJ3qJAX2LQ2,npub13h3hhzv20uqjsyrmj95mstdvsqae3th5a2vr7ctjal2rvpw34xvsdwa57n,pleb2polymath@fountain.fm,pleb2polymath,fountain:j5sIB6SPNw3y4nB6V3RY;npub:npub13h3hhzv20uqjsyrmj95mstdvsqae3th5a2vr7ctjal2rvpw34xvsdwa57n,2026-06-11T04:32:43.828Z,2026-06-11T18:31:15.771Z,2026-07-11T00:01:13.700Z,0,0,0,0,0,0,0,0,0,0,0,0,1211,0,1211,0,0,0,1211,0,1211,0,0,0,0,0,0,0,0,0,0,0,0,0,0,0,0.7632590670999989,0,0.7632590670999989,0,0,0,0.7632622619999989,0,0.7632622619999989,0,0,0
EPISODE,aelYU8CUjGDIItw7Ec20,015,"Local Bitcoiners • Privacy is Sovereignty w/Btcwrestle: Columbia, SC | Ep. 015",8qvagtEi9YcTIkDlfDP6,kKfkYVqCfSc3nm8TW1plp2lzbIB3,npub1avlfy74e7pmhtc2wxjnp5v5ag59jmz6jkaeurkaqgp9segw97s9qycq6k3,user63647123@fountain.fm,user63647123,fountain:lczIJF0ZryqMxZWUPH86;npub:npub1avlfy74e7pmhtc2wxjnp5v5ag59jmz6jkaeurkaqgp9segw97s9qycq6k3,2026-06-24T02:54:13.813Z,2026-06-24T02:54:16.272Z,2026-07-14T00:02:32.892Z,0,0,0,0,0,0,1000,1000,0,0,0,0,1000,1000,0,0,0,0,1000,1000,0,0,0,0,0,0,0,0,0,0,0.62646,0.62646,0,0,0,0,0.6264661166666666,0.6264661166666666,0,0,0,0,0.6264622981666667,0.6264622981666667,0,0,0,0
EPISODE,aelYU8CUjGDIItw7Ec20,015,"Local Bitcoiners • Privacy is Sovereignty w/Btcwrestle: Columbia, SC | Ep. 015",uLdYDTo61H1fYZjcyqgx,pfv8tjTV8ZPmtISX0QulmsyVXRK2,npub1yanyn2d7862md22tl9qrufgt2l8thn0ejdxklec5mpasjveagpxs7qsnkl,pookspalace@fountain.fm,pookspalace,fountain:MY1UmVac0xtKDRwKoikm;npub:npub1yanyn2d7862md22tl9qrufgt2l8thn0ejdxklec5mpasjveagpxs7qsnkl,2026-06-10T21:57:18.937Z,2026-06-10T21:57:24.445Z,2026-07-10T00:00:59.901Z,0,0,0,0,0,0,0,0,0,0,0,0,500,500,0,0,0,0,500,500,0,0,0,0,0,0,0,0,0,0,0,0,0,0,0,0,0.30616869999999996,0.30616869999999996,0,0,0,0,0.306173029,0.306173029,0,0,0,0
EPISODE,aelYU8CUjGDIItw7Ec20,015,"Local Bitcoiners • Privacy is Sovereignty w/Btcwrestle: Columbia, SC | Ep. 015",L9Nq3IcPzELXjKqq9UdU,BdakMeC2F8NRD9jEw6Jn2yHtUIf2,npub1srqgvupkre8hggp5new59qdnpgr9lhnz23yf78p9tdrqraq04pwq9hpxxh,code27@fountain.fm,code27,fountain:Rtucj25kWVXAmvk8kDXD;npub:npub1srqgvupkre8hggp5new59qdnpgr9lhnz23yf78p9tdrqraq04pwq9hpxxh,2026-06-11T14:30:14.140Z,2026-06-11T14:30:17.486Z,2026-07-11T00:01:13.392Z,0,0,0,0,0,0,0,0,0,0,0,0,500,500,0,0,0,0,500,500,0,0,0,0,0,0,0,0,0,0,0,0,0,0,0,0,0.31431765,0.31431765,0,0,0,0,0.3143128255,0.3143128255,0,0,0,0
EPISODE,aelYU8CUjGDIItw7Ec20,015,"Local Bitcoiners • Privacy is Sovereignty w/Btcwrestle: Columbia, SC | Ep. 015",Aqh7va6HLgrMXdAH5ik8,RUoGkVgmPtTT5hDt1yuHS9UjOU82,npub15rnr0y725evntjc8whryzfgqptts5tezthq28arpea6q20tdm5gq62z5dt,wtf@fountain.fm,wtf,fountain:t8MSXS85BqukhsDelCrD;npub:npub15rnr0y725evntjc8whryzfgqptts5tezthq28arpea6q20tdm5gq62z5dt,2026-06-13T11:04:20.167Z,2026-06-13T11:04:24.468Z,2026-07-13T00:01:11.695Z,0,0,0,0,0,0,0,0,0,0,0,0,500,500,0,0,0,0,500,500,0,0,0,0,0,0,0,0,0,0,0,0,0,0,0,0,0.31905025,0.31905025,0,0,0,0,0.31905366749999997,0.31905366749999997,0,0,0,0
EPISODE,aelYU8CUjGDIItw7Ec20,015,"Local Bitcoiners • Privacy is Sovereignty w/Btcwrestle: Columbia, SC | Ep. 015",zYDEcMO09ZKPbKxHsKSR,26OOjHAbUMQlSkcD0SaP1N78SH62,npub1vvcxpktswmuaqr5a27u3926m036mu43wgev4rsktcntduygdn4estgp5fy,bullishclips@fountain.fm,bullishclips,fountain:y2NBwBJsfQPbmJjtVjeY;npub:npub1vvcxpktswmuaqr5a27u3926m036mu43wgev4rsktcntduygdn4estgp5fy,2026-06-16T18:18:58.861Z,2026-06-16T18:19:01.438Z,2026-07-14T00:01:31.595Z,0,0,0,0,0,0,221,221,0,0,0,0,221,221,0,0,0,0,221,221,0,0,0,0,0,0,0,0,0,0,0.14583,0.14583,0,0,0,0,0.1458239549,0.1458239549,0,0,0,0,0.1458258612,0.1458258612,0,0,0,0
EPISODE,aelYU8CUjGDIItw7Ec20,015,"Local Bitcoiners • Privacy is Sovereignty w/Btcwrestle: Columbia, SC | Ep. 015",52kGGH5QwE7RSzhwepoZ,7FLA68z7oEPlbpLTQwPwzBjW5Eh2,npub1gwac0cnpv6kpud92qexz60474x0mwvk2ut35wt6acc5azykvnjuqne97aw,madhatter@fountain.fm,madhatter,fountain:kqPdzMoX9aYicxSn6xqE;npub:npub1gwac0cnpv6kpud92qexz60474x0mwvk2ut35wt6acc5azykvnjuqne97aw,2026-06-11T02:58:18.805Z,2026-06-11T02:58:23.652Z,2026-07-11T00:01:11.195Z,0,0,0,0,0,0,0,0,0,0,0,0,121,121,0,0,0,0,121,121,0,0,0,0,0,0,0,0,0,0,0,0,0,0,0,0,0.0751720365,0.0751720365,0,0,0,0,0.0751717765,0.0751717765,0,0,0,0
EPISODE,aelYU8CUjGDIItw7Ec20,015,"Local Bitcoiners • Privacy is Sovereignty w/Btcwrestle: Columbia, SC | Ep. 015",z9qoEqMiZVR3QLNR8kiU,tQyTbxhnzWSjLzuh7OTOS3pQ3bM2,npub15rp8pt5u4r8m5yavdceuzsr8zcah0jtwwpfu2nmp22ss3yjawn3qhtdruw,user11694472@fountain.fm,user11694472,fountain:fCuRlcuK2Z6tfc8y7ueW;npub:npub15rp8pt5u4r8m5yavdceuzsr8zcah0jtwwpfu2nmp22ss3yjawn3qhtdruw,2026-06-18T16:14:13.982Z,2026-06-18T16:14:16.609Z,2026-07-14T00:01:37.803Z,0,0,0,0,0,0,100,100,0,0,0,0,100,100,0,0,0,0,100,100,0,0,0,0,0,0,0,0,0,0,0.06263,0.06263,0,0,0,0,0.06263551833333333,0.06263551833333333,0,0,0,0,0.06263579728333334,0.06263579728333334,0,0,0,0
EPISODE,aelYU8CUjGDIItw7Ec20,015,"Local Bitcoiners • Privacy is Sovereignty w/Btcwrestle: Columbia, SC | Ep. 015",5UeS81VkbVSyyP3Njs2E,6BwQmhaZzOhFzQIb4NT1v96qPbA3,npub1jxh2kga4ve8d4ftahcqtqswvk5z5f7ya0k2kx3dm679hmw4ysesqvt62rj,NostrGang@fountain.fm,NostrGang,fountain:7yFU6TDVQCUATGqYb4xT;npub:npub1jxh2kga4ve8d4ftahcqtqswvk5z5f7ya0k2kx3dm679hmw4ysesqvt62rj,2026-06-12T10:17:53.887Z,2026-06-12T10:17:56.491Z,2026-07-12T00:01:16.198Z,0,0,0,0,0,0,0,0,0,0,0,0,100,100,0,0,0,0,100,100,0,0,0,0,0,0,0,0,0,0,0,0,0,0,0,0,0.06368310999999999,0.06368310999999999,0,0,0,0,0.0636876837,0.0636876837,0,0,0,0
EPISODE,bBf4IJhsERLpTYeRESOa,018,"Local Bitcoiners • Upping Your Meetup Game w/Steve, Scott & Tali: Louisville, KY | Ep. 018",BFkMdJRTU9CCgF8Pv3u0,,,Anonymous,,uuid:5a5b842a-e422-4337-9d47-4215c13bbca4,2026-07-03T17:35:13.746Z,2026-07-03T17:35:28.733Z,2026-07-14T00:03:14.100Z,0,0,0,0,0,0,6900,6900,0,0,0,0,6900,6900,0,0,0,0,6900,6900,0,0,0,0,0,0,0,0,0,0,4.28688,4.28688,0,0,0,0,4.286872,4.286872,0,0,0,0,4.286874,4.286874,0,0,0,0
EPISODE,bBf4IJhsERLpTYeRESOa,018,"Local Bitcoiners • Upping Your Meetup Game w/Steve, Scott & Tali: Louisville, KY | Ep. 018",krjdUNPtQoiMJFP7kKww,8Zso0hGJY6bYEzVz7HZXppOqphY2,npub1z3h8afkwknffxyspvjde77sj6euy66rtyul7qlkl7f2ygktxdqasnn760f,user82925646@fountain.fm,user82925646,fountain:1vfyk3yjU8M0Eq9oxl72;npub:npub1z3h8afkwknffxyspvjde77sj6euy66rtyul7qlkl7f2ygktxdqasnn760f,2026-07-02T11:23:54.637Z,2026-07-02T11:23:58.864Z,2026-07-14T00:03:10.894Z,0,0,0,0,0,0,5000,5000,0,0,0,0,5000,5000,0,0,0,0,5000,5000,0,0,0,0,0,0,0,0,0,0,3.06149,3.06149,0,0,0,0,3.061487,3.061487,0,0,0,0,3.06148629,3.06148629,0,0,0,0
EPISODE,bBf4IJhsERLpTYeRESOa,018,"Local Bitcoiners • Upping Your Meetup Game w/Steve, Scott & Tali: Louisville, KY | Ep. 018",6eWBZMVFfxuKtEdcnuYl,wuS6785infRgiNz9wXKGPifTLag2,npub1qjhr8se64q78dvvpftv6lazgfukgg22wj0kjtjfr6x2gwfeg6j2ssju7c0,user80105079@fountain.fm,user80105079,fountain:4x0eKPcdd1oM4IPJ7qSC;npub:npub1qjhr8se64q78dvvpftv6lazgfukgg22wj0kjtjfr6x2gwfeg6j2ssju7c0,2026-07-03T15:19:23.943Z,2026-07-03T15:19:27.186Z,2026-07-14T00:03:14.294Z,0,0,0,0,0,0,2000,2000,0,0,0,0,2000,2000,0,0,0,0,2000,2000,0,0,0,0,0,0,0,0,0,0,1.24121,1.24121,0,0,0,0,1.2412222333333331,1.2412222333333331,0,0,0,0,1.2412188963333333,1.2412188963333333,0,0,0,0
EPISODE,bBf4IJhsERLpTYeRESOa,018,"Local Bitcoiners • Upping Your Meetup Game w/Steve, Scott & Tali: Louisville, KY | Ep. 018",406OhWXmX5JeYwWbMqt0,edCO2U2axVRBcrYoLYylq4GalP23,npub1h6dm833nvxz8ykmp3me6uf46agyjwgc535jfn6ew5gzl8rmmtxdq4ysge0,user70603455@fountain.fm,user70603455,fountain:VWlo1yNhiSiFutCEgqQm;npub:npub1h6dm833nvxz8ykmp3me6uf46agyjwgc535jfn6ew5gzl8rmmtxdq4ysge0,2026-07-02T22:20:14.002Z,2026-07-02T22:20:20.202Z,2026-07-14T00:03:12.991Z,0,0,0,0,0,0,2000,2000,0,0,0,0,2000,2000,0,0,0,0,2000,2000,0,0,0,0,0,0,0,0,0,0,1.22931,1.22931,0,0,0,0,1.2293073666666665,1.2293073666666665,0,0,0,0,1.2293059356666667,1.2293059356666667,0,0,0,0
EPISODE,bBf4IJhsERLpTYeRESOa,018,"Local Bitcoiners • Upping Your Meetup Game w/Steve, Scott & Tali: Louisville, KY | Ep. 018",QnuuYyf7p4Uck8mspNfW,Nmi074pMyMPwK6m2Ip7HOlmt0jj1,npub1gdl92pgwnxjts7sa4q00kplegugav5a2an5s5pju7hkupmkqce4q0wfzsx,user10049333@fountain.fm,user10049333,fountain:SDsQ1gMR0omZYEziVJnZ;npub:npub1gdl92pgwnxjts7sa4q00kplegugav5a2an5s5pju7hkupmkqce4q0wfzsx,2026-07-02T23:21:28.963Z,2026-07-02T23:39:55.180Z,2026-07-14T00:03:11.896Z,0,0,0,0,0,0,1440,420,1020,0,0,0,1440,420,1020,0,0,0,1440,420,1020,0,0,0,0,0,0,0,0,0,0.8842,0.25769,0.62651,0,0,0,0.8842799562999998,0.25768386,0.6265960963,0,0,0,0.8842788692999998,0.257682773,0.6265960963,0,0,0
EPISODE,bBf4IJhsERLpTYeRESOa,018,"Local Bitcoiners • Upping Your Meetup Game w/Steve, Scott & Tali: Louisville, KY | Ep. 018",zs2bYC7Lgqm19TuoASI0,O0t9roBWWUYZNulUFYJ3qJAX2LQ2,npub13h3hhzv20uqjsyrmj95mstdvsqae3th5a2vr7ctjal2rvpw34xvsdwa57n,pleb2polymath@fountain.fm,pleb2polymath,fountain:j5sIB6SPNw3y4nB6V3RY;npub:npub13h3hhzv20uqjsyrmj95mstdvsqae3th5a2vr7ctjal2rvpw34xvsdwa57n,2026-07-03T15:23:14.028Z,2026-07-03T19:29:25.178Z,2026-07-14T00:03:14.396Z,0,0,0,0,0,0,1308,0,1308,0,0,0,1308,0,1308,0,0,0,1308,0,1308,0,0,0,0,0,0,0,0,0,0.8115,0,0.8115,0,0,0,0.8124841492166679,0,0.8124841492166679,0,0,0,0.812484717466668,0,0.812484717466668,0,0,0
EPISODE,bBf4IJhsERLpTYeRESOa,018,"Local Bitcoiners • Upping Your Meetup Game w/Steve, Scott & Tali: Louisville, KY | Ep. 018",Cc7GFFToDU298ROxhiIQ,nxFBUwqyhWZAROPdJJbmF3C3vlg1,npub10xvczstpwsljy7gqd2cselvrh5e6mlerep09m8gff87avru0ryqsg2g437,ericfj@fountain.fm,ericfj,fountain:6srzk2YmkdPvvbpE4Olt;npub:npub10xvczstpwsljy7gqd2cselvrh5e6mlerep09m8gff87avru0ryqsg2g437,2026-07-02T23:06:02.317Z,2026-07-02T23:17:24.978Z,2026-07-14T00:03:12.496Z,0,0,0,0,0,0,396,0,396,0,0,0,396,0,396,0,0,0,396,0,396,0,0,0,0,0,0,0,0,0,0.24265,0,0.24265,0,0,0,0.24270866509999986,0,0.24270866509999986,0,0,0,0.24270802104999986,0,0.24270802104999986,0,0,0
EPISODE,bBf4IJhsERLpTYeRESOa,018,"Local Bitcoiners • Upping Your Meetup Game w/Steve, Scott & Tali: Louisville, KY | Ep. 018",mPzBQAq12LVdRdMOthBG,6BwQmhaZzOhFzQIb4NT1v96qPbA3,npub1jxh2kga4ve8d4ftahcqtqswvk5z5f7ya0k2kx3dm679hmw4ysesqvt62rj,NostrGang@fountain.fm,NostrGang,fountain:7yFU6TDVQCUATGqYb4xT;npub:npub1jxh2kga4ve8d4ftahcqtqswvk5z5f7ya0k2kx3dm679hmw4ysesqvt62rj,2026-07-02T18:36:03.955Z,2026-07-02T18:36:14.601Z,2026-07-14T00:03:11.293Z,0,0,0,0,0,0,251,251,0,0,0,0,251,251,0,0,0,0,251,251,0,0,0,0,0,0,0,0,0,0,0.15499,0.15499,0,0,0,0,0.15498931648333333,0.15498931648333333,0,0,0,0,0.1549878692,0.1549878692,0,0,0,0
EPISODE,bBf4IJhsERLpTYeRESOa,018,"Local Bitcoiners • Upping Your Meetup Game w/Steve, Scott & Tali: Louisville, KY | Ep. 018",6IEZGpIlHlzskz3AIVKG,26OOjHAbUMQlSkcD0SaP1N78SH62,npub1vvcxpktswmuaqr5a27u3926m036mu43wgev4rsktcntduygdn4estgp5fy,bullishclips@fountain.fm,bullishclips,fountain:y2NBwBJsfQPbmJjtVjeY;npub:npub1vvcxpktswmuaqr5a27u3926m036mu43wgev4rsktcntduygdn4estgp5fy,2026-07-07T15:32:33.939Z,2026-07-07T15:37:17.119Z,2026-07-14T00:00:24.993Z,0,0,0,0,0,0,222,222,0,0,0,0,222,222,0,0,0,0,222,222,0,0,0,0,0,0,0,0,0,0,0.14156,0.14156,0,0,0,0,0.1415465673,0.1415465673,0,0,0,0,0.1415503667,0.1415503667,0,0,0,0
EPISODE,fwonpMx88vb8z77HIuOJ,013,"Big Upsides, Small Risks: The Value of Bitcoin Meetups | Ep. 013",K3MNWQiKT6OBsanGfMu0,VG78QtXuevPiJdIj5ZCyVqRX6c53,npub1mc909r6rtu2kfmzfy9u5vzy60jlhgqgzty0jqlz0qhkdraxcypcqduvk2m,logues@fountain.fm,logues,fountain:rncGzbsVVjleYJ3aIgd8;npub:npub1mc909r6rtu2kfmzfy9u5vzy60jlhgqgzty0jqlz0qhkdraxcypcqduvk2m,2026-06-02T22:26:14.022Z,2026-06-03T01:20:34.471Z,2026-07-03T00:00:53.597Z,0,0,0,0,0,0,0,0,0,0,0,0,4069,0,4069,0,0,0,4069,0,4069,0,0,0,0,0,0,0,0,0,0,0,0,0,0,0,2.7103459999999995,0,2.7103459999999995,0,0,0,2.7103499999999996,0,2.7103499999999996,0,0,0
EPISODE,fwonpMx88vb8z77HIuOJ,013,"Big Upsides, Small Risks: The Value of Bitcoin Meetups | Ep. 013",8SfK1YpQgv2Fv3AqO7Be,wBHeoBISpFargiwQptg0FaaIwt23,npub15wzuy60l6p2kg8pr2juvw4jw0ctaexyyar8qzamcvwx4kk6pdcvq07skp8,wartime@fountain.fm,wartime,fountain:9ZMfG0jX1BNx3NR6qMFp;npub:npub15wzuy60l6p2kg8pr2juvw4jw0ctaexyyar8qzamcvwx4kk6pdcvq07skp8,2026-05-28T20:37:01.289Z,2026-05-28T20:37:07.002Z,2026-06-27T00:01:30.094Z,0,0,0,0,0,0,0,0,0,0,0,0,3334,3334,0,0,0,0,3334,3334,0,0,0,0,0,0,0,0,0,0,0,0,0,0,0,0,2.4510844522000004,2.4510844522000004,0,0,0,0,2.4510883222,2.4510883222,0,0,0,0
EPISODE,fwonpMx88vb8z77HIuOJ,013,"Big Upsides, Small Risks: The Value of Bitcoin Meetups | Ep. 013",cjypQf2kiO1aLMlxvrtl,HbEZH8TzhNRJatbrCZTf8ABGzNa2,npub15604np6ccsk7ugph4nrg7kyq7kpme9lmcn4l0q2xk4yd5d6puu2s00dr0u,godsdeth@fountain.fm,godsdeth,fountain:9gPYvkzzyRCfpJv4YXFG;npub:npub15604np6ccsk7ugph4nrg7kyq7kpme9lmcn4l0q2xk4yd5d6puu2s00dr0u,2026-05-28T09:38:53.929Z,2026-05-28T09:38:57.573Z,2026-06-27T00:01:27.307Z,0,0,0,0,0,0,0,0,0,0,0,0,1237,1237,0,0,0,0,1237,1237,0,0,0,0,0,0,0,0,0,0,0,0,0,0,0,0,0.9075507796000001,0.9075507796000001,0,0,0,0,0.9075530932000001,0.9075530932000001,0,0,0,0
EPISODE,fwonpMx88vb8z77HIuOJ,013,"Big Upsides, Small Risks: The Value of Bitcoin Meetups | Ep. 013",Uvt1BcHBLZp1sss7R1i9,MOEznH85cINjrSAwP4n1TCdtCxJ3,npub1zgy6k5c8qdw3zjvhwf6gjyqcpsdq7jgd8lndsjzpfvtfqykkj65smuswzn,user81746689@fountain.fm,user81746689,fountain:6Anb8v4DtKfCBLxQsuCD;npub:npub1zgy6k5c8qdw3zjvhwf6gjyqcpsdq7jgd8lndsjzpfvtfqykkj65smuswzn,2026-05-31T10:20:38.826Z,2026-05-31T12:47:10.478Z,2026-06-29T00:01:19.598Z,0,0,0,0,0,0,600,600,0,0,0,0,600,600,0,0,0,0,600,600,0,0,0,0,0,0,0,0,0,0,0.4424,0.4424,0,0,0,0,0.44241529,0.44241529,0,0,0,0,0.442411315,0.442411315,0,0,0,0
EPISODE,fwonpMx88vb8z77HIuOJ,013,"Big Upsides, Small Risks: The Value of Bitcoin Meetups | Ep. 013",gFrcGMnZ8xNsPDjftDPn,BdakMeC2F8NRD9jEw6Jn2yHtUIf2,npub1srqgvupkre8hggp5new59qdnpgr9lhnz23yf78p9tdrqraq04pwq9hpxxh,code27@fountain.fm,code27,fountain:Rtucj25kWVXAmvk8kDXD;npub:npub1srqgvupkre8hggp5new59qdnpgr9lhnz23yf78p9tdrqraq04pwq9hpxxh,2026-05-29T04:35:27.164Z,2026-05-29T04:35:30.307Z,2026-06-28T00:01:12.996Z,0,0,0,0,0,0,0,0,0,0,0,0,500,500,0,0,0,0,500,500,0,0,0,0,0,0,0,0,0,0,0,0,0,0,0,0,0.36639430000000006,0.36639430000000006,0,0,0,0,0.366394181,0.366394181,0,0,0,0
EPISODE,fwonpMx88vb8z77HIuOJ,013,"Big Upsides, Small Risks: The Value of Bitcoin Meetups | Ep. 013",ceLIQB8nbcUjuqLYQuka,351oDRNW4sPJ7HT9KgbUcxNIdjo2,npub1zqdpzty2mshxncqqxy2078qax6mlehsxmpx5095wtxw4tpepkr0s2ce6fj,permanerd@fountain.fm,permanerd,fountain:9CtlNkiXZnDOAj5UT8Px;npub:npub1zqdpzty2mshxncqqxy2078qax6mlehsxmpx5095wtxw4tpepkr0s2ce6fj,2026-05-28T20:06:58.957Z,2026-05-28T20:07:15.966Z,2026-06-27T00:01:30.003Z,0,0,0,0,0,0,0,0,0,0,0,0,500,500,0,0,0,0,500,500,0,0,0,0,0,0,0,0,0,0,0,0,0,0,0,0,0.36623515,0.36623515,0,0,0,0,0.36623755049999995,0.36623755049999995,0,0,0,0
EPISODE,fwonpMx88vb8z77HIuOJ,013,"Big Upsides, Small Risks: The Value of Bitcoin Meetups | Ep. 013",mRp84uJj8XU2SHHKE162,k6dGIt9k2hRnm73z7BCUVVBQwtz1,npub15ymzglvv4alrp06q85eqqmawegxf688v0gtqwhjpgtp0a4k2mesqshkwwx,shadrach@fountain.fm,shadrach,fountain:QHTmd73FmJgg0Id3Qd5S;npub:npub15ymzglvv4alrp06q85eqqmawegxf688v0gtqwhjpgtp0a4k2mesqshkwwx,2026-05-29T17:01:53.873Z,2026-05-29T17:02:13.868Z,2026-06-28T00:01:14.593Z,0,0,0,0,0,0,0,0,0,0,0,0,323,323,0,0,0,0,323,323,0,0,0,0,0,0,0,0,0,0,0,0,0,0,0,0,0.2389733588,0.2389733588,0,0,0,0,0.2389688096,0.2389688096,0,0,0,0
EPISODE,fwonpMx88vb8z77HIuOJ,013,"Big Upsides, Small Risks: The Value of Bitcoin Meetups | Ep. 013",YxzUfZR6akvtqxAmrN6w,26OOjHAbUMQlSkcD0SaP1N78SH62,npub1vvcxpktswmuaqr5a27u3926m036mu43wgev4rsktcntduygdn4estgp5fy,bullishclips@fountain.fm,bullishclips,fountain:y2NBwBJsfQPbmJjtVjeY;npub:npub1vvcxpktswmuaqr5a27u3926m036mu43wgev4rsktcntduygdn4estgp5fy,2026-06-02T10:29:39.126Z,2026-06-02T10:29:48.762Z,2026-07-02T00:01:10.902Z,0,0,0,0,0,0,0,0,0,0,0,0,221,221,0,0,0,0,221,221,0,0,0,0,0,0,0,0,0,0,0,0,0,0,0,0,0.1535867788,0.1535867788,0,0,0,0,0.1535844944,0.1535844944,0,0,0,0
EPISODE,fwonpMx88vb8z77HIuOJ,013,"Big Upsides, Small Risks: The Value of Bitcoin Meetups | Ep. 013",v8yngz2LFl7Ov7NVaBEb,6BwQmhaZzOhFzQIb4NT1v96qPbA3,npub1jxh2kga4ve8d4ftahcqtqswvk5z5f7ya0k2kx3dm679hmw4ysesqvt62rj,NostrGang@fountain.fm,NostrGang,fountain:7yFU6TDVQCUATGqYb4xT;npub:npub1jxh2kga4ve8d4ftahcqtqswvk5z5f7ya0k2kx3dm679hmw4ysesqvt62rj,2026-05-28T12:12:38.867Z,2026-05-28T12:12:44.395Z,2026-06-27T00:01:27.796Z,0,0,0,0,0,0,0,0,0,0,0,0,121,121,0,0,0,0,121,121,0,0,0,0,0,0,0,0,0,0,0,0,0,0,0,0,0.0887168975,0.0887168975,0,0,0,0,0.08871899750000001,0.08871899750000001,0,0,0,0
EPISODE,pmNA13rcCFrIvdNlUjfA,008,Making Meetups Fun & Sustainable: Bitcoin Bay | Ep. 008,w53ZAvWjkjG6CL4HHobx,8Zso0hGJY6bYEzVz7HZXppOqphY2,npub1z3h8afkwknffxyspvjde77sj6euy66rtyul7qlkl7f2ygktxdqasnn760f,Matthew D,,fountain:1vfyk3yjU8M0Eq9oxl72;npub:npub1z3h8afkwknffxyspvjde77sj6euy66rtyul7qlkl7f2ygktxdqasnn760f,2026-04-24T06:40:38.961Z,2026-04-24T06:40:48.836Z,2026-04-30T00:00:31.683Z,5000,5000,0,0,0,0,5000,5000,0,0,0,0,5000,5000,0,0,0,0,5000,5000,0,0,0,0,3.8911,3.8911,0,0,0,0,3.8911,3.8911,0,0,0,0,3.891094999999999,3.891094999999999,0,0,0,0,3.8910936499999993,3.8910936499999993,0,0,0,0
EPISODE,pmNA13rcCFrIvdNlUjfA,008,Making Meetups Fun & Sustainable: Bitcoin Bay | Ep. 008,aEnYhlMtuZ8IIZQcl5rm,,,Anonymous,,uuid:63b4d4c8-2ef8-4b87-a3d5-5a26f3e23e83,2026-04-23T21:14:38.748Z,2026-04-23T21:14:38.837Z,2026-04-30T00:00:27.976Z,0,0,0,0,0,0,4950,4950,0,0,0,0,4950,4950,0,0,0,0,4950,4950,0,0,0,0,0,0,0,0,0,0,3.8559,3.8559,0,0,0,0,3.855901,3.855901,0,0,0,0,3.8559,3.8559,0,0,0,0
EPISODE,pmNA13rcCFrIvdNlUjfA,008,Making Meetups Fun & Sustainable: Bitcoin Bay | Ep. 008,YRnG4aAOAcmhxC1z8PjV,,,Anonymous,,uuid:ad3859e2-752e-4e44-9262-219891ff660d,2026-04-23T21:14:39.993Z,2026-04-23T21:14:40.062Z,2026-04-30T00:00:28.090Z,0,0,0,0,0,0,4950,4950,0,0,0,0,4950,4950,0,0,0,0,4950,4950,0,0,0,0,0,0,0,0,0,0,3.8559,3.8559,0,0,0,0,3.855901,3.855901,0,0,0,0,3.8559,3.8559,0,0,0,0
EPISODE,pmNA13rcCFrIvdNlUjfA,008,Making Meetups Fun & Sustainable: Bitcoin Bay | Ep. 008,8WgAsZBjjTYbTRHPt4WQ,8v0cU73zZ7ZnL0xmVGt4fq8PysR2,npub1563z6kxmvuy7s8zhzan8m0hzmkavyfzg2aw6h7f0fvcvdms398csaxc9n6,Bugle.News #40HPW🎧,,fountain:VZCAAiKY5UXl7vD8e88R;npub:npub1563z6kxmvuy7s8zhzan8m0hzmkavyfzg2aw6h7f0fvcvdms398csaxc9n6,2026-04-22T22:48:28.792Z,2026-04-22T22:48:34.365Z,2026-04-30T00:04:47.881Z,0,0,0,0,0,0,3455,3455,0,0,0,0,3455,3455,0,0,0,0,3455,3455,0,0,0,0,0,0,0,0,0,0,2.71453,2.71453,0,0,0,0,2.714532001,2.714532001,0,0,0,0,2.714534293,2.714534293,0,0,0,0
EPISODE,pmNA13rcCFrIvdNlUjfA,008,Making Meetups Fun & Sustainable: Bitcoin Bay | Ep. 008,XEdSnoKOkJ4JjOt9d1j0,,,Anonymous,,uuid:9f4913bb-ee69-40ce-bcd0-88219fc9f0d9,2026-04-23T21:14:56.185Z,2026-04-23T21:14:56.247Z,2026-04-30T00:00:28.476Z,0,0,0,0,0,0,2400,2400,0,0,0,0,2400,2400,0,0,0,0,2400,2400,0,0,0,0,0,0,0,0,0,0,1.86953,1.86953,0,0,0,0,1.869528,1.869528,0,0,0,0,1.86953,1.86953,0,0,0,0
EPISODE,pmNA13rcCFrIvdNlUjfA,008,Making Meetups Fun & Sustainable: Bitcoin Bay | Ep. 008,KWh0rfX3c1jdBCYaBVfR,,,Anonymous,,uuid:2c0c7fca-3d97-45ea-96b0-53df7ae0325e,2026-04-23T21:14:53.799Z,2026-04-23T21:14:53.897Z,2026-04-30T00:00:28.177Z,0,0,0,0,0,0,2400,2400,0,0,0,0,2400,2400,0,0,0,0,2400,2400,0,0,0,0,0,0,0,0,0,0,1.86953,1.86953,0,0,0,0,1.869528,1.869528,0,0,0,0,1.86953,1.86953,0,0,0,0
EPISODE,pmNA13rcCFrIvdNlUjfA,008,Making Meetups Fun & Sustainable: Bitcoin Bay | Ep. 008,ZQ6MpSfMnIRkawxCtGNA,uNpPKoDyCmYrELaxq0pVL4cMOS53,npub1pgp72xqqlg75xwnct7ktu9a99fsxvsyje9rwy6a4dyhxsq4usx6svcv3tz,UsedToReadALot,,fountain:2PxPjnIfDtHKRb95lMuH;npub:npub1pgp72xqqlg75xwnct7ktu9a99fsxvsyje9rwy6a4dyhxsq4usx6svcv3tz,2026-04-22T20:19:28.940Z,2026-04-22T21:09:04.481Z,2026-04-30T00:04:47.593Z,0,0,0,0,0,0,2204,0,2204,0,0,0,2204,0,2204,0,0,0,2204,0,2204,0,0,0,0,0,0,0,0,0,1.73148,0,1.73148,0,0,0,1.7314433479999987,0,1.7314433479999987,0,0,0,1.7314477579999987,0,1.7314477579999987,0,0,0
EPISODE,pmNA13rcCFrIvdNlUjfA,008,Making Meetups Fun & Sustainable: Bitcoin Bay | Ep. 008,ExlyY8VcC4Fm94ieWeam,iNOsu5YCLobboP0b7h9R6TgXfU12,npub1xgyjasdztryl9sg6nfdm2wcj0j3qjs03sq7a0an32pg0lr5l6yaqxhgu7s,reedbtc@fountain.fm,reedbtc,fountain:BpA9eMhqose45sa3mtJ8;npub:npub1xgyjasdztryl9sg6nfdm2wcj0j3qjs03sq7a0an32pg0lr5l6yaqxhgu7s,2026-04-29T13:58:34.006Z,2026-04-29T13:59:03.892Z,2026-04-30T00:01:30.584Z,0,0,0,0,0,0,0,0,0,0,0,0,1764,1764,0,0,0,0,1764,1764,0,0,0,0,0,0,0,0,0,0,0,0,0,0,0,0,1.355719,1.355719,0,0,0,0,1.355715,1.355715,0,0,0,0
EPISODE,pmNA13rcCFrIvdNlUjfA,008,Making Meetups Fun & Sustainable: Bitcoin Bay | Ep. 008,0ZTFUIoGY2DIx4P9YI2x,kKfkYVqCfSc3nm8TW1plp2lzbIB3,npub1avlfy74e7pmhtc2wxjnp5v5ag59jmz6jkaeurkaqgp9segw97s9qycq6k3,user63647123@fountain.fm,user63647123,fountain:lczIJF0ZryqMxZWUPH86;npub:npub1avlfy74e7pmhtc2wxjnp5v5ag59jmz6jkaeurkaqgp9segw97s9qycq6k3,2026-05-08T02:46:48.856Z,2026-05-10T16:46:43.728Z,2026-05-17T00:00:31.276Z,0,0,0,0,0,0,1680,1680,0,0,0,0,1680,1680,0,0,0,0,1680,1680,0,0,0,0,0,0,0,0,0,0,1.35082,1.35082,0,0,0,0,1.3508121060000002,1.3508121060000002,0,0,0,0,1.3508137390000003,1.3508137390000003,0,0,0,0
EPISODE,pmNA13rcCFrIvdNlUjfA,008,Making Meetups Fun & Sustainable: Bitcoin Bay | Ep. 008,WaVP0vxPJ2RH0H5g1IWg,mqZL3VhQ7eNt1ocETIPJSehIZxL2,npub1tan2cwtf8s7zxvck79qllzaa7smy03y9ftd50gk6jnag2htnslssyfhjmr,stacinova@fountain.fm,stacinova,fountain:Geb32d76J4nqhSzw4D88;npub:npub1tan2cwtf8s7zxvck79qllzaa7smy03y9ftd50gk6jnag2htnslssyfhjmr,2026-05-08T15:03:40.200Z,2026-05-08T15:04:40.043Z,2026-05-15T00:00:23.585Z,0,0,0,0,0,0,840,840,0,0,0,0,840,840,0,0,0,0,840,840,0,0,0,0,0,0,0,0,0,0,0.67292,0.67292,0,0,0,0,0.672922572,0.672922572,0,0,0,0,0.6729201330000001,0.6729201330000001,0,0,0,0
EPISODE,pmNA13rcCFrIvdNlUjfA,008,Making Meetups Fun & Sustainable: Bitcoin Bay | Ep. 008,bNAGXz1LzPfescfB1TDO,,,Anonymous,,uuid:fcaff4a4-b42c-4ec4-8830-bca588d19cc9,2026-04-27T03:33:43.845Z,2026-04-27T03:33:43.917Z,2026-04-30T00:01:08.581Z,700,700,0,0,0,0,700,700,0,0,0,0,700,700,0,0,0,0,700,700,0,0,0,0,0.55479,0.55479,0,0,0,0,0.55479,0.55479,0,0,0,0,0.554792,0.554792,0,0,0,0,0.55479,0.55479,0,0,0,0
EPISODE,pmNA13rcCFrIvdNlUjfA,008,Making Meetups Fun & Sustainable: Bitcoin Bay | Ep. 008,Jca4FDwcCpgQDCBt2DSu,,,Anonymous,,uuid:967fdf64-7c41-4fac-afcc-a823095d1612,2026-04-27T03:33:45.081Z,2026-04-27T03:33:45.149Z,2026-04-30T00:01:08.686Z,700,700,0,0,0,0,700,700,0,0,0,0,700,700,0,0,0,0,700,700,0,0,0,0,0.55479,0.55479,0,0,0,0,0.55479,0.55479,0,0,0,0,0.554792,0.554792,0,0,0,0,0.55479,0.55479,0,0,0,0
EPISODE,pmNA13rcCFrIvdNlUjfA,008,Making Meetups Fun & Sustainable: Bitcoin Bay | Ep. 008,02JpcnTitomWXDNN1iUY,BdakMeC2F8NRD9jEw6Jn2yHtUIf2,npub1srqgvupkre8hggp5new59qdnpgr9lhnz23yf78p9tdrqraq04pwq9hpxxh,Code,,fountain:Rtucj25kWVXAmvk8kDXD;npub:npub1srqgvupkre8hggp5new59qdnpgr9lhnz23yf78p9tdrqraq04pwq9hpxxh,2026-04-22T15:48:14.355Z,2026-04-22T17:42:16.379Z,2026-04-30T00:04:46.982Z,0,0,0,0,0,0,678,0,678,0,0,0,678,0,678,0,0,0,678,0,678,0,0,0,0,0,0,0,0,0,0.53652,0,0.53652,0,0,0,0.5364669586,0,0.5364669586,0,0,0,0.5364671828,0,0.5364671828,0,0,0
EPISODE,pmNA13rcCFrIvdNlUjfA,008,Making Meetups Fun & Sustainable: Bitcoin Bay | Ep. 008,dP9lfdgJJ6FBjN5820B2,gIqw0IZfkFPox30SHBAFJthcY5I2,npub1a0fd3th0skvdcgq2lgjaffpadeuujj7yte9dxvg8relyqgyvthesd59wqc,Travellight,,fountain:34jFYbQiiEJVmqOEN7Vs;npub:npub1a0fd3th0skvdcgq2lgjaffpadeuujj7yte9dxvg8relyqgyvthesd59wqc,2026-04-23T04:02:18.991Z,2026-04-23T04:02:29.491Z,2026-04-30T00:00:24.287Z,0,0,0,0,0,0,500,500,0,0,0,0,500,500,0,0,0,0,500,500,0,0,0,0,0,0,0,0,0,0,0.38876,0.38876,0,0,0,0,0.38875220000000005,0.38875220000000005,0,0,0,0,0.388753974,0.388753974,0,0,0,0
EPISODE,pmNA13rcCFrIvdNlUjfA,008,Making Meetups Fun & Sustainable: Bitcoin Bay | Ep. 008,UMXiobP9oLE6pVnNOQT3,MOEznH85cINjrSAwP4n1TCdtCxJ3,npub1zgy6k5c8qdw3zjvhwf6gjyqcpsdq7jgd8lndsjzpfvtfqykkj65smuswzn,user81746689@fountain.fm,user81746689,fountain:6Anb8v4DtKfCBLxQsuCD;npub:npub1zgy6k5c8qdw3zjvhwf6gjyqcpsdq7jgd8lndsjzpfvtfqykkj65smuswzn,2026-04-27T17:02:34.008Z,2026-04-27T17:02:36.994Z,2026-04-30T00:01:11.279Z,500,500,0,0,0,0,500,500,0,0,0,0,500,500,0,0,0,0,500,500,0,0,0,0,0.38349,0.38349,0,0,0,0,0.38349,0.38349,0,0,0,0,0.38349069999999996,0.38349069999999996,0,0,0,0,0.38348876899999995,0.38348876899999995,0,0,0,0
EPISODE,pmNA13rcCFrIvdNlUjfA,008,Making Meetups Fun & Sustainable: Bitcoin Bay | Ep. 008,Ff9EnvsvssEOsRkhF9Bu,,,Anonymous,,uuid:ab498486-2f14-487d-a0d7-12bea79b7d2d,2026-04-27T03:33:53.841Z,2026-04-27T03:33:53.913Z,2026-04-30T00:01:09.183Z,339,339,0,0,0,0,339,339,0,0,0,0,339,339,0,0,0,0,339,339,0,0,0,0,0.26868,0.26868,0,0,0,0,0.26868,0.26868,0,0,0,0,0.268678,0.268678,0,0,0,0,0.26868,0.26868,0,0,0,0
EPISODE,pmNA13rcCFrIvdNlUjfA,008,Making Meetups Fun & Sustainable: Bitcoin Bay | Ep. 008,B54puvOfb3uNeZ42hHBj,,,Anonymous,,uuid:7e1647c6-8fdf-47a7-8429-f5b6e8d5d654,2026-04-27T03:33:56.247Z,2026-04-27T03:33:56.308Z,2026-04-30T00:01:09.095Z,339,339,0,0,0,0,339,339,0,0,0,0,339,339,0,0,0,0,339,339,0,0,0,0,0.26868,0.26868,0,0,0,0,0.26868,0.26868,0,0,0,0,0.268678,0.268678,0,0,0,0,0.26868,0.26868,0,0,0,0
EPISODE,pmNA13rcCFrIvdNlUjfA,008,Making Meetups Fun & Sustainable: Bitcoin Bay | Ep. 008,fKdz7o0BsbGXgaKJLSG7,,npub1y3s99smcstupmj0txq3j26s7ue5qynuyjng5xle6jw5jy8jt85tq6kajjt,AliceA,,npub:npub1y3s99smcstupmj0txq3j26s7ue5qynuyjng5xle6jw5jy8jt85tq6kajjt,2026-04-26T20:33:04.860Z,2026-04-26T20:33:15.185Z,2026-04-30T00:01:04.882Z,333,333,0,0,0,0,333,333,0,0,0,0,333,333,0,0,0,0,333,333,0,0,0,0,0.26082,0.26082,0,0,0,0,0.26082,0.26082,0,0,0,0,0.26082099999999997,0.26082099999999997,0,0,0,0,0.260824,0.260824,0,0,0,0
EPISODE,pmNA13rcCFrIvdNlUjfA,008,Making Meetups Fun & Sustainable: Bitcoin Bay | Ep. 008,joTiHOfAyS8ZwBOoemlA,6BwQmhaZzOhFzQIb4NT1v96qPbA3,npub1jxh2kga4ve8d4ftahcqtqswvk5z5f7ya0k2kx3dm679hmw4ysesqvt62rj,,,fountain:7yFU6TDVQCUATGqYb4xT;npub:npub1jxh2kga4ve8d4ftahcqtqswvk5z5f7ya0k2kx3dm679hmw4ysesqvt62rj,2026-04-25T13:56:53.825Z,2026-04-26T12:55:54.367Z,2026-04-30T00:01:04.088Z,312,312,0,0,0,0,312,312,0,0,0,0,312,312,0,0,0,0,312,312,0,0,0,0,0.24275,0.24275,0,0,0,0,0.24275,0.24275,0,0,0,0,0.2427586896,0.2427586896,0,0,0,0,0.2427553125,0.2427553125,0,0,0,0
EPISODE,pmNA13rcCFrIvdNlUjfA,008,Making Meetups Fun & Sustainable: Bitcoin Bay | Ep. 008,BUo8pqs5n1glfK1JhJgM,,,Anonymous,,uuid:ab3c715b-e9f2-4afe-953c-e9c342672ffa,2026-04-23T21:14:54.971Z,2026-04-23T21:14:55.057Z,2026-04-30T00:00:28.379Z,0,0,0,0,0,0,300,300,0,0,0,0,300,300,0,0,0,0,300,300,0,0,0,0,0,0,0,0,0,0,0.23369,0.23369,0,0,0,0,0.233691,0.233691,0,0,0,0,0.23369,0.23369,0,0,0,0
EPISODE,pmNA13rcCFrIvdNlUjfA,008,Making Meetups Fun & Sustainable: Bitcoin Bay | Ep. 008,tKdyz9t5p9mPZbxpwpFG,,,Anonymous,,uuid:6fd55dc2-c35a-425a-84ce-d0f4adde07a1,2026-04-27T03:33:55.045Z,2026-04-27T03:33:55.117Z,2026-04-30T00:01:09.082Z,42,42,0,0,0,0,42,42,0,0,0,0,42,42,0,0,0,0,42,42,0,0,0,0,0.03329,0.03329,0,0,0,0,0.03329,0.03329,0,0,0,0,0.033288,0.033288,0,0,0,0,0.03329,0.03329,0,0,0,0
EPISODE,rPKfsikJqyzTYCuSSv6D,019,"Recording the Revolution w/Shannon: Columbus, OH | Ep. 019",gAluiBDO5lLN3w9aOKLB,LpT5bOLeFocnUcK46y0v6SOTJca2,npub1a6hvdlk99q83hsw8cgzdjww8m7xnxx9yg77mfmm60n45fed6kdgsaprzvp,sk8k8@fountain.fm,sk8k8,fountain:OSAxX4OlbIfagpT84oB9;npub:npub1a6hvdlk99q83hsw8cgzdjww8m7xnxx9yg77mfmm60n45fed6kdgsaprzvp,2026-07-11T20:07:53.999Z,2026-07-11T20:07:56.448Z,2026-07-14T00:00:53.092Z,2121,2121,0,0,0,0,2121,2121,0,0,0,0,2121,2121,0,0,0,0,2121,2121,0,0,0,0,1.36289,1.36289,0,0,0,0,1.36289,1.36289,0,0,0,0,1.3628895206499998,1.3628895206499998,0,0,0,0,1.3628849546333333,1.3628849546333333,0,0,0,0
EPISODE,rPKfsikJqyzTYCuSSv6D,019,"Recording the Revolution w/Shannon: Columbus, OH | Ep. 019",2Ro8RbMUAnbftJol8qRv,O0t9roBWWUYZNulUFYJ3qJAX2LQ2,npub13h3hhzv20uqjsyrmj95mstdvsqae3th5a2vr7ctjal2rvpw34xvsdwa57n,pleb2polymath@fountain.fm,pleb2polymath,fountain:j5sIB6SPNw3y4nB6V3RY;npub:npub13h3hhzv20uqjsyrmj95mstdvsqae3th5a2vr7ctjal2rvpw34xvsdwa57n,2026-07-08T21:56:53.864Z,2026-07-09T11:25:00.790Z,2026-07-14T00:00:34.002Z,1319,0,1319,0,0,0,1319,0,1319,0,0,0,1322,0,1322,0,0,0,1322,0,1322,0,0,0,0.82522,0,0.82522,0,0,0,0.82522,0,0.82522,0,0,0,0.8266660428333342,0,0.8266660428333342,0,0,0,0.8266623067833342,0,0.8266623067833342,0,0,0
EPISODE,rPKfsikJqyzTYCuSSv6D,019,"Recording the Revolution w/Shannon: Columbus, OH | Ep. 019",Pi8zU53zWifUtVDqNNbJ,HbEZH8TzhNRJatbrCZTf8ABGzNa2,npub15604np6ccsk7ugph4nrg7kyq7kpme9lmcn4l0q2xk4yd5d6puu2s00dr0u,godsdeth@fountain.fm,godsdeth,fountain:9gPYvkzzyRCfpJv4YXFG;npub:npub15604np6ccsk7ugph4nrg7kyq7kpme9lmcn4l0q2xk4yd5d6puu2s00dr0u,2026-07-11T07:53:13.846Z,2026-07-11T07:53:19.398Z,2026-07-14T00:00:51.198Z,1237,1237,0,0,0,0,1237,1237,0,0,0,0,1237,1237,0,0,0,0,1237,1237,0,0,0,0,0.79314,0.79314,0,0,0,0,0.79314,0.79314,0,0,0,0,0.7931455769833334,0.7931455769833334,0,0,0,0,0.7931464027833335,0.7931464027833335,0,0,0,0
EPISODE,rPKfsikJqyzTYCuSSv6D,019,"Recording the Revolution w/Shannon: Columbus, OH | Ep. 019",yHHISAoDvIExkdHNC8sd,26OOjHAbUMQlSkcD0SaP1N78SH62,npub1vvcxpktswmuaqr5a27u3926m036mu43wgev4rsktcntduygdn4estgp5fy,bullishclips@fountain.fm,bullishclips,fountain:y2NBwBJsfQPbmJjtVjeY;npub:npub1vvcxpktswmuaqr5a27u3926m036mu43wgev4rsktcntduygdn4estgp5fy,2026-07-09T20:12:53.845Z,2026-07-10T20:07:51.376Z,2026-07-14T00:00:39.103Z,333,333,0,0,0,0,333,333,0,0,0,0,333,333,0,0,0,0,333,333,0,0,0,0,0.21178,0.21178,0,0,0,0,0.21178,0.21178,0,0,0,0,0.21178468394999997,0.21178468394999997,0,0,0,0,0.21178106654999998,0.21178106654999998,0,0,0,0
EPISODE,rPKfsikJqyzTYCuSSv6D,019,"Recording the Revolution w/Shannon: Columbus, OH | Ep. 019",8PzCXliqaIUVmcxeghUK,6BwQmhaZzOhFzQIb4NT1v96qPbA3,npub1jxh2kga4ve8d4ftahcqtqswvk5z5f7ya0k2kx3dm679hmw4ysesqvt62rj,NostrGang@fountain.fm,NostrGang,fountain:7yFU6TDVQCUATGqYb4xT;npub:npub1jxh2kga4ve8d4ftahcqtqswvk5z5f7ya0k2kx3dm679hmw4ysesqvt62rj,2026-07-09T12:17:04.011Z,2026-07-09T12:17:15.139Z,2026-07-14T00:00:34.197Z,112,112,0,0,0,0,112,112,0,0,0,0,112,112,0,0,0,0,112,112,0,0,0,0,0.07022,0.07022,0,0,0,0,0.07022,0.07022,0,0,0,0,0.07023139386666666,0.07023139386666666,0,0,0,0,0.07022701726666666,0.07022701726666666,0,0,0,0
EPISODE,tnzABSDublkUNKnbIbMA,010,Local Bitcoiners • Evolution & Development of a Meetup: Niagara Canada | Ep. 010,fbdftp43bCAYSNc9LiA2,8Zso0hGJY6bYEzVz7HZXppOqphY2,npub1z3h8afkwknffxyspvjde77sj6euy66rtyul7qlkl7f2ygktxdqasnn760f,user82925646@fountain.fm,user82925646,fountain:1vfyk3yjU8M0Eq9oxl72;npub:npub1z3h8afkwknffxyspvjde77sj6euy66rtyul7qlkl7f2ygktxdqasnn760f,2026-05-11T11:31:38.826Z,2026-05-11T11:31:43.784Z,2026-05-18T00:00:31.382Z,0,0,0,0,0,0,5000,5000,0,0,0,0,5000,5000,0,0,0,0,5000,5000,0,0,0,0,0,0,0,0,0,0,4.05591,4.05591,0,0,0,0,4.055905,4.055905,0,0,0,0,4.0559054,4.0559054,0,0,0,0
EPISODE,tnzABSDublkUNKnbIbMA,010,Local Bitcoiners • Evolution & Development of a Meetup: Niagara Canada | Ep. 010,OCEkG5qhdmo5n4gTLIW3,HbEZH8TzhNRJatbrCZTf8ABGzNa2,npub15604np6ccsk7ugph4nrg7kyq7kpme9lmcn4l0q2xk4yd5d6puu2s00dr0u,godsdeth@fountain.fm,godsdeth,fountain:9gPYvkzzyRCfpJv4YXFG;npub:npub15604np6ccsk7ugph4nrg7kyq7kpme9lmcn4l0q2xk4yd5d6puu2s00dr0u,2026-05-11T00:19:14.021Z,2026-05-11T00:19:16.470Z,2026-05-18T00:00:29.488Z,0,0,0,0,0,0,1237,1237,0,0,0,0,1237,1237,0,0,0,0,1237,1237,0,0,0,0,0,0,0,0,0,0,1.01068,1.01068,0,0,0,0,1.0106805829,1.0106805829,0,0,0,0,1.0106820697,1.0106820697,0,0,0,0
EPISODE,tnzABSDublkUNKnbIbMA,010,Local Bitcoiners • Evolution & Development of a Meetup: Niagara Canada | Ep. 010,aexcgyK832yeygvitikw,edCO2U2axVRBcrYoLYylq4GalP23,npub1h6dm833nvxz8ykmp3me6uf46agyjwgc535jfn6ew5gzl8rmmtxdq4ysge0,user70603455@fountain.fm,user70603455,fountain:VWlo1yNhiSiFutCEgqQm;npub:npub1h6dm833nvxz8ykmp3me6uf46agyjwgc535jfn6ew5gzl8rmmtxdq4ysge0,2026-05-12T23:07:33.963Z,2026-05-12T23:07:39.546Z,2026-05-19T00:00:48.983Z,0,0,0,0,0,0,1000,1000,0,0,0,0,1000,1000,0,0,0,0,1000,1000,0,0,0,0,0,0,0,0,0,0,0.80648,0.80648,0,0,0,0,0.8064718,0.8064718,0,0,0,0,0.806470824,0.806470824,0,0,0,0
EPISODE,tnzABSDublkUNKnbIbMA,010,Local Bitcoiners • Evolution & Development of a Meetup: Niagara Canada | Ep. 010,Hs3d6gwFj5pi7ScPmo0e,MOEznH85cINjrSAwP4n1TCdtCxJ3,npub1zgy6k5c8qdw3zjvhwf6gjyqcpsdq7jgd8lndsjzpfvtfqykkj65smuswzn,user81746689@fountain.fm,user81746689,fountain:6Anb8v4DtKfCBLxQsuCD;npub:npub1zgy6k5c8qdw3zjvhwf6gjyqcpsdq7jgd8lndsjzpfvtfqykkj65smuswzn,2026-05-13T11:33:24.650Z,2026-05-13T11:33:30.199Z,2026-05-19T00:00:51.586Z,500,500,0,0,0,0,500,500,0,0,0,0,500,500,0,0,0,0,500,500,0,0,0,0,0.40309,0.40309,0,0,0,0,0.40309,0.40309,0,0,0,0,0.40309435,0.40309435,0,0,0,0,0.403094158,0.403094158,0,0,0,0
EPISODE,tnzABSDublkUNKnbIbMA,010,Local Bitcoiners • Evolution & Development of a Meetup: Niagara Canada | Ep. 010,S484hgrTtgJQlE0pdscK,wBHeoBISpFargiwQptg0FaaIwt23,npub15wzuy60l6p2kg8pr2juvw4jw0ctaexyyar8qzamcvwx4kk6pdcvq07skp8,wartime@fountain.fm,wartime,fountain:9ZMfG0jX1BNx3NR6qMFp;npub:npub15wzuy60l6p2kg8pr2juvw4jw0ctaexyyar8qzamcvwx4kk6pdcvq07skp8,2026-06-09T16:56:39.491Z,2026-06-13T06:00:43.732Z,2026-07-13T00:01:11.205Z,0,0,0,0,0,0,0,0,0,0,0,0,268,268,0,0,0,0,268,268,0,0,0,0,0,0,0,0,0,0,0,0,0,0,0,0,0.1670460482,0.1670460482,0,0,0,0,0.16704969490000002,0.16704969490000002,0,0,0,0
EPISODE,tnzABSDublkUNKnbIbMA,010,Local Bitcoiners • Evolution & Development of a Meetup: Niagara Canada | Ep. 010,YIumxCWWgHpcbJK6VJdh,,npub1y3s99smcstupmj0txq3j26s7ue5qynuyjng5xle6jw5jy8jt85tq6kajjt,AliceA,,npub:npub1y3s99smcstupmj0txq3j26s7ue5qynuyjng5xle6jw5jy8jt85tq6kajjt,2026-05-22T19:32:04.071Z,2026-05-22T19:32:15.016Z,2026-06-21T00:01:31.307Z,0,0,0,0,0,0,0,0,0,0,0,0,221,221,0,0,0,0,221,221,0,0,0,0,0,0,0,0,0,0,0,0,0,0,0,0,0.167596,0.167596,0,0,0,0,0.167593,0.167593,0,0,0,0
EPISODE,tnzABSDublkUNKnbIbMA,010,Local Bitcoiners • Evolution & Development of a Meetup: Niagara Canada | Ep. 010,lAKPy54fgqaypDsJK9SH,6BwQmhaZzOhFzQIb4NT1v96qPbA3,npub1jxh2kga4ve8d4ftahcqtqswvk5z5f7ya0k2kx3dm679hmw4ysesqvt62rj,NostrGang@fountain.fm,NostrGang,fountain:7yFU6TDVQCUATGqYb4xT;npub:npub1jxh2kga4ve8d4ftahcqtqswvk5z5f7ya0k2kx3dm679hmw4ysesqvt62rj,2026-05-11T10:23:28.927Z,2026-05-11T10:23:31.280Z,2026-05-18T00:00:30.681Z,0,0,0,0,0,0,100,100,0,0,0,0,100,100,0,0,0,0,100,100,0,0,0,0,0,0,0,0,0,0,0.08111,0.08111,0,0,0,0,0.08110880999999999,0.08110880999999999,0,0,0,0,0.0811039908,0.0811039908,0,0,0,0
EPISODE,tnzABSDublkUNKnbIbMA,010,Local Bitcoiners • Evolution & Development of a Meetup: Niagara Canada | Ep. 010,wA4A5pClQBBmHBaj3lLf,,,nostr:npub1xgyjasdztryl9sg6nfdm2wcj0j3qjs03sq7a0an32pg0lr5l6yaqxhgu7s,,uuid:32092ec1a258c9f2c11a9a5bb53b127ca20941f1803dd7f6715050ff8e9fd13a,2026-05-13T13:01:58.800Z,2026-05-13T13:01:58.871Z,2026-05-19T00:00:52.687Z,8,8,0,0,0,0,8,8,0,0,0,0,8,8,0,0,0,0,8,8,0,0,0,0,0.00642,0.00642,0,0,0,0,0.00642,0.00642,0,0,0,0,0.0064161256,0.0064161256,0,0,0,0,0.00642,0.00642,0,0,0,0
EPISODE,yKaKx7ddLE6lW06ZvGAb,009,Growing Slow Builds Strong Communities: KC Bitcoiners | Ep. 009,dwYJ6NAArq7PG5ci5Tnr,PAd9W5NIMjOa1jOgT8oKzs8NWT23,npub1vpx9596duxdsmx4kwksycm2u4qy0gr6mzg289m52q96gdy97s9zsnkjspj,otis_bitmeyer_llc@fountain.fm,otis_bitmeyer_llc,fountain:2AhPgdSfDXdIOrzayv7v;npub:npub1vpx9596duxdsmx4kwksycm2u4qy0gr6mzg289m52q96gdy97s9zsnkjspj,2026-05-18T14:21:38.977Z,2026-05-18T14:21:41.515Z,2026-05-19T00:02:00.585Z,10420,10420,0,0,0,0,10420,10420,0,0,0,0,10420,10420,0,0,0,0,10420,10420,0,0,0,0,7.98641,7.98641,0,0,0,0,7.98641,7.98641,0,0,0,0,7.986413167999999,7.986413167999999,0,0,0,0,7.986410242399998,7.986410242399998,0,0,0,0
EPISODE,yKaKx7ddLE6lW06ZvGAb,009,Growing Slow Builds Strong Communities: KC Bitcoiners | Ep. 009,aDPAG6gqd5F3Yke9PbAH,,npub16djxdyd6tvwhjmq7rv6rphcqlcgcnmyuyv580tw7rry0v440rrcq4ukhtp,jordan,,npub:npub16djxdyd6tvwhjmq7rv6rphcqlcgcnmyuyv580tw7rry0v440rrcq4ukhtp,2026-05-02T22:20:24.371Z,2026-05-02T22:26:15.003Z,2026-05-09T00:00:29.684Z,0,0,0,0,0,0,10100,10100,0,0,0,0,10100,10100,0,0,0,0,10100,10100,0,0,0,0,0,0,0,0,0,0,7.951,7.951,0,0,0,0,7.950991999999999,7.950991999999999,0,0,0,0,7.950994,7.950994,0,0,0,0
EPISODE,yKaKx7ddLE6lW06ZvGAb,009,Growing Slow Builds Strong Communities: KC Bitcoiners | Ep. 009,paQkcBgzfgCJRxRDx3F6,8Zso0hGJY6bYEzVz7HZXppOqphY2,npub1z3h8afkwknffxyspvjde77sj6euy66rtyul7qlkl7f2ygktxdqasnn760f,user82925646@fountain.fm,user82925646,fountain:1vfyk3yjU8M0Eq9oxl72;npub:npub1z3h8afkwknffxyspvjde77sj6euy66rtyul7qlkl7f2ygktxdqasnn760f,2026-05-03T02:59:58.831Z,2026-05-03T03:00:01.139Z,2026-05-10T00:00:31.388Z,0,0,0,0,0,0,5000,5000,0,0,0,0,5000,5000,0,0,0,0,5000,5000,0,0,0,0,0,0,0,0,0,0,3.90821,3.90821,0,0,0,0,3.9082235,3.9082235,0,0,0,0,3.9082197449999994,3.9082197449999994,0,0,0,0
EPISODE,yKaKx7ddLE6lW06ZvGAb,009,Growing Slow Builds Strong Communities: KC Bitcoiners | Ep. 009,hXHcbDrzqj3zZ2VQaQHC,k6dGIt9k2hRnm73z7BCUVVBQwtz1,npub15ymzglvv4alrp06q85eqqmawegxf688v0gtqwhjpgtp0a4k2mesqshkwwx,shadrach@fountain.fm,shadrach,fountain:QHTmd73FmJgg0Id3Qd5S;npub:npub15ymzglvv4alrp06q85eqqmawegxf688v0gtqwhjpgtp0a4k2mesqshkwwx,2026-05-02T19:06:13.910Z,2026-05-03T14:10:25.104Z,2026-05-10T00:00:31.985Z,0,0,0,0,0,0,4151,4151,0,0,0,0,4151,4151,0,0,0,0,4151,4151,0,0,0,0,0,0,0,0,0,0,3.26099,3.26099,0,0,0,0,3.2609782969999994,3.2609782969999994,0,0,0,0,3.2609819913999996,3.2609819913999996,0,0,0,0
EPISODE,yKaKx7ddLE6lW06ZvGAb,009,Growing Slow Builds Strong Communities: KC Bitcoiners | Ep. 009,NpUrWE8TxXvBp2ebBcAq,VG78QtXuevPiJdIj5ZCyVqRX6c53,npub1mc909r6rtu2kfmzfy9u5vzy60jlhgqgzty0jqlz0qhkdraxcypcqduvk2m,logues@fountain.fm,logues,fountain:rncGzbsVVjleYJ3aIgd8;npub:npub1mc909r6rtu2kfmzfy9u5vzy60jlhgqgzty0jqlz0qhkdraxcypcqduvk2m,2026-05-10T06:57:53.856Z,2026-06-03T03:07:25.013Z,2026-07-03T00:00:54.105Z,0,0,0,0,0,0,0,0,0,0,0,0,3836,2000,1836,0,0,0,3836,2000,1836,0,0,0,0,0,0,0,0,0,0,0,0,0,0,0,2.8372070000000007,1.6142599999999998,1.222947,0,0,0,2.837211000000001,1.614264,1.222947,0,0,0
EPISODE,yKaKx7ddLE6lW06ZvGAb,009,Growing Slow Builds Strong Communities: KC Bitcoiners | Ep. 009,In8SVePH2enGosvrUCJK,c3B0J8GGNaWEbovmZJgTFBPJpjb2,npub182v84pkj2pqcvlrwwshy2fzyrs7wduxeth49qeepg24d24sj4r0q82d99a,steelmatrix@fountain.fm,steelmatrix,fountain:zjSCyV1BTZVzOBuop5qj;npub:npub182v84pkj2pqcvlrwwshy2fzyrs7wduxeth49qeepg24d24sj4r0q82d99a,2026-05-03T17:25:23.964Z,2026-05-03T17:25:26.312Z,2026-05-10T00:00:33.577Z,0,0,0,0,0,0,2100,2100,0,0,0,0,2100,2100,0,0,0,0,2100,2100,0,0,0,0,0,0,0,0,0,0,1.65394,1.65394,0,0,0,0,1.6539438299999998,1.6539438299999998,0,0,0,0,1.6539418044,1.6539418044,0,0,0,0
EPISODE,yKaKx7ddLE6lW06ZvGAb,009,Growing Slow Builds Strong Communities: KC Bitcoiners | Ep. 009,aipoNcxHwtfOgrSOs74T,fAaEkZ5rHQRe9fFCyPiCWdONNQq1,npub1zm95kw87nf6gkesg76jedyfejt0u2zgx2fxgxywdxc9ugq3z4w2q4m092t,bit_ish@fountain.fm,bit_ish,fountain:dor7UwNfuBgODLSMLmWT;npub:npub1zm95kw87nf6gkesg76jedyfejt0u2zgx2fxgxywdxc9ugq3z4w2q4m092t,2026-05-06T14:34:58.838Z,2026-05-06T15:24:18.005Z,2026-05-13T00:00:37.486Z,0,0,0,0,0,0,1260,1260,0,0,0,0,1260,1260,0,0,0,0,1260,1260,0,0,0,0,0,0,0,0,0,0,1.02982,1.02982,0,0,0,0,1.029830256,1.029830256,0,0,0,0,1.0298254191,1.0298254191,0,0,0,0
EPISODE,yKaKx7ddLE6lW06ZvGAb,009,Growing Slow Builds Strong Communities: KC Bitcoiners | Ep. 009,omCS76iL48dH7vFoF3tf,,,Sir Spencer,,uuid:f1c4c49c-56f1-4b81-a654-b1af22fc0a39,2026-05-02T20:24:38.747Z,2026-05-02T20:24:38.837Z,2026-05-09T00:00:28.690Z,0,0,0,0,0,0,799,799,0,0,0,0,799,799,0,0,0,0,799,799,0,0,0,0,0,0,0,0,0,0,0.6267,0.6267,0,0,0,0,0.6266963691,0.6266963691,0,0,0,0,0.6267,0.6267,0,0,0,0
EPISODE,yKaKx7ddLE6lW06ZvGAb,009,Growing Slow Builds Strong Communities: KC Bitcoiners | Ep. 009,kVMJl4dYc0BC5IqlbGIH,9sKOdEW7XZYQKhukQPsJjOImsJo2,npub13v5w9ylsdahkfggkaa6ya2qardpfsgt8r45n5j27c6j8en8g3nrqsacqpv,palmeyera@fountain.fm,palmeyera,fountain:CbpehmvKqug5aJfTp4Ax;npub:npub13v5w9ylsdahkfggkaa6ya2qardpfsgt8r45n5j27c6j8en8g3nrqsacqpv,2026-05-11T23:52:03.956Z,2026-05-11T23:52:06.630Z,2026-05-18T00:00:36.388Z,0,0,0,0,0,0,0,0,0,0,0,0,500,500,0,0,0,0,500,500,0,0,0,0,0,0,0,0,0,0,0,0,0,0,0,0,0.408657,0.408657,0,0,0,0,0.40865999999999997,0.40865999999999997,0,0,0,0
EPISODE,yKaKx7ddLE6lW06ZvGAb,009,Growing Slow Builds Strong Communities: KC Bitcoiners | Ep. 009,ZCjQIGKSudHDP8CSTTXg,IalGvWfaCeUDfU38Llvpsalg6T32,npub1t49ker2fyy2xc5y7qrsfxrp6g8evsxluqmaq09xt7uuhhzsurm3srw4jj5,undisciplined@fountain.fm,undisciplined,fountain:mYmb0INB75fJKxiklgyT;npub:npub1t49ker2fyy2xc5y7qrsfxrp6g8evsxluqmaq09xt7uuhhzsurm3srw4jj5,2026-05-03T15:59:54.607Z,2026-05-03T15:59:57.697Z,2026-05-10T00:00:32.589Z,0,0,0,0,0,0,420,420,0,0,0,0,420,420,0,0,0,0,420,420,0,0,0,0,0,0,0,0,0,0,0.33032,0.33032,0,0,0,0,0.3303342,0.3303342,0,0,0,0,0.33032931,0.33032931,0,0,0,0
EPISODE,yKaKx7ddLE6lW06ZvGAb,009,Growing Slow Builds Strong Communities: KC Bitcoiners | Ep. 009,yWmpRyjDxfh6Iw1UAwrS,,npub1n3ejxm6kt6ush4rgrs57hvkecxuqunscfndlsntd5apwnyr8pjmqrme7su,𝕳𝖊𝖓𝖗𝖎𝐤 𝕱𝖑𝐲𝖒𝖆𝖓,,npub:npub1n3ejxm6kt6ush4rgrs57hvkecxuqunscfndlsntd5apwnyr8pjmqrme7su,2026-05-28T02:01:14.803Z,2026-05-28T02:01:18.494Z,2026-06-27T00:01:26.201Z,0,0,0,0,0,0,0,0,0,0,0,0,334,334,0,0,0,0,334,334,0,0,0,0,0,0,0,0,0,0,0,0,0,0,0,0,0.247996,0.247996,0,0,0,0,0.248001,0.248001,0,0,0,0
EPISODE,yKaKx7ddLE6lW06ZvGAb,009,Growing Slow Builds Strong Communities: KC Bitcoiners | Ep. 009,7zJjgnMA8TAYFl8x4fEk,HbEZH8TzhNRJatbrCZTf8ABGzNa2,npub15604np6ccsk7ugph4nrg7kyq7kpme9lmcn4l0q2xk4yd5d6puu2s00dr0u,godsdeth@fountain.fm,godsdeth,fountain:9gPYvkzzyRCfpJv4YXFG;npub:npub15604np6ccsk7ugph4nrg7kyq7kpme9lmcn4l0q2xk4yd5d6puu2s00dr0u,2026-05-03T13:22:13.905Z,2026-05-03T13:22:16.311Z,2026-05-10T00:00:31.884Z,0,0,0,0,0,0,237,237,0,0,0,0,237,237,0,0,0,0,237,237,0,0,0,0,0,0,0,0,0,0,0.18644,0.18644,0,0,0,0,0.18644991450000004,0.18644991450000004,0,0,0,0,0.1864466515,0.1864466515,0,0,0,0
EPISODE,yKaKx7ddLE6lW06ZvGAb,009,Growing Slow Builds Strong Communities: KC Bitcoiners | Ep. 009,YaKRHyAw0J9SY5hObe5d,,npub1y3s99smcstupmj0txq3j26s7ue5qynuyjng5xle6jw5jy8jt85tq6kajjt,AliceA,,npub:npub1y3s99smcstupmj0txq3j26s7ue5qynuyjng5xle6jw5jy8jt85tq6kajjt,2026-05-06T00:20:19.292Z,2026-05-06T00:20:26.503Z,2026-05-13T00:00:34.482Z,0,0,0,0,0,0,218,218,0,0,0,0,218,218,0,0,0,0,218,218,0,0,0,0,0,0,0,0,0,0,0.17693,0.17693,0,0,0,0,0.17692100000000002,0.17692100000000002,0,0,0,0,0.176925,0.176925,0,0,0,0
EPISODE,yKaKx7ddLE6lW06ZvGAb,009,Growing Slow Builds Strong Communities: KC Bitcoiners | Ep. 009,y9pqQmHhiGvgXLacQXOV,8BLAfZSPMlaKySsrH3IvKPE1tQb2,npub12znrejs4k94kp5efhyhk9rzr9jxpy6ymgrlf6py4awpkkhed7cmshs6yg6,mattfinlay@fountain.fm,mattfinlay,fountain:OHwC7SqeIq7BOCDUz3t6;npub:npub12znrejs4k94kp5efhyhk9rzr9jxpy6ymgrlf6py4awpkkhed7cmshs6yg6,2026-05-03T01:04:13.918Z,2026-05-03T01:04:16.327Z,2026-05-10T00:00:30.985Z,0,0,0,0,0,0,123,123,0,0,0,0,123,123,0,0,0,0,123,123,0,0,0,0,0,0,0,0,0,0,0.09636,0.09636,0,0,0,0,0.0963495777,0.0963495777,0,0,0,0,0.09634971159999998,0.09634971159999998,0,0,0,0
EPISODE,yKaKx7ddLE6lW06ZvGAb,009,Growing Slow Builds Strong Communities: KC Bitcoiners | Ep. 009,sxuZAju2JnmG91uXRLtt,6BwQmhaZzOhFzQIb4NT1v96qPbA3,npub1jxh2kga4ve8d4ftahcqtqswvk5z5f7ya0k2kx3dm679hmw4ysesqvt62rj,NostrGang@fountain.fm,NostrGang,fountain:7yFU6TDVQCUATGqYb4xT;npub:npub1jxh2kga4ve8d4ftahcqtqswvk5z5f7ya0k2kx3dm679hmw4ysesqvt62rj,2026-05-03T13:22:28.890Z,2026-05-03T13:22:31.311Z,2026-05-10T00:00:32.377Z,0,0,0,0,0,0,112,112,0,0,0,0,112,112,0,0,0,0,112,112,0,0,0,0,0,0,0,0,0,0,0.08811,0.08811,0,0,0,0,0.088111352,0.088111352,0,0,0,0,0.088109846,0.088109846,0,0,0,0
EPISODE,yKaKx7ddLE6lW06ZvGAb,009,Growing Slow Builds Strong Communities: KC Bitcoiners | Ep. 009,NI5xEHog9uguW1Shul29,26OOjHAbUMQlSkcD0SaP1N78SH62,npub1vvcxpktswmuaqr5a27u3926m036mu43wgev4rsktcntduygdn4estgp5fy,bullishclips@fountain.fm,bullishclips,fountain:y2NBwBJsfQPbmJjtVjeY;npub:npub1vvcxpktswmuaqr5a27u3926m036mu43wgev4rsktcntduygdn4estgp5fy,2026-05-04T20:46:04.499Z,2026-05-04T20:46:07.971Z,2026-05-11T00:00:33.683Z,0,0,0,0,0,0,100,100,0,0,0,0,100,100,0,0,0,0,100,100,0,0,0,0,0,0,0,0,0,0,0.07991,0.07991,0,0,0,0,0.07991234,0.07991234,0,0,0,0,0.07991039119999999,0.07991039119999999,0,0,0,0
EPISODE,yKaKx7ddLE6lW06ZvGAb,009,Growing Slow Builds Strong Communities: KC Bitcoiners | Ep. 009,dlwBFyailnTsPzd9gG92,,,Owen,,uuid:0a28eb5e508ed66078cb74af322085fa0a6ff56b2510661da113d1058eef861f,2026-05-04T17:30:18.843Z,2026-05-04T17:30:18.913Z,2026-05-11T00:00:32.590Z,0,0,0,0,0,0,2,2,0,0,0,0,2,2,0,0,0,0,2,2,0,0,0,0,0,0,0,0,0,0,0.00161,0.00161,0,0,0,0,0.0016089714000000002,0.0016089714000000002,0,0,0,0,0.00161,0.00161,0,0,0,0
