settled_at,payment_hash,source,app,kind,sender_npub,sender_name,episode_id,episode_num,episode_title,show_level,total_sats,our_sats,divisor,total_sats_method,message,reed_sats,rev_sats,aquafox_sats,guests_sats,fountain_sats,uncertain_sats
2026-07-18T21:27:05Z,7f4baf145e235fd959a3632771eb331318bba321a792063453e26c9f5ceb7430,website,localbitcoiners.com,boost,npub1y3s99smcstupmj0txq3j26s7ue5qynuyjng5xle6jw5jy8jt85tq6kajjt,,Q48WBr6nT3mrbwMZ8ydY,,Local Bitcoiners,true,100,33,1.0,boost receipt,"Thursday, Jul 23, 7:00 PM -- find the hidden door and knock to be granted entrance 🗝️\n\nhttps://www.meetup.com/bitcoin-only-sactown/events/315540285/",33,33,34,0,0,0
2026-07-18T20:56:51Z,608e26956f2e454d429b630497743dcd12ae31db31316313e5bd9eb2b3632a96,website,localbitcoiners.com,boost,npub1a3zuwhttqgxw340qgupl24jmydnssmht05v48ecm5tvx762d358sexf24q,,Q48WBr6nT3mrbwMZ8ydY,,Local Bitcoiners,true,420,138,1.0,boost receipt,I just posted a meetup on localbitcoiners.com/meetups!\n\nnostr:naddr1qvzqqqrukvpzpmz9cawkkqsvar27q3cr74t9kgm8pphwklge20n3hgkcda55mrg0qy88wumn8ghj7mn0wvhxcmmv9uq3wamnwvaz7tmjv4kxz7fwwpexjmtpdshxuet59uq3jamnwvaz7tmswfjk66t4d5h8qunfd4skctnwv46z7qqsxguxzc3exvcr2v35vcekxdrx8qahcryx,139,139,142,0,0,0
2026-07-18T18:33:11Z,3b2ba176c2a110a43ae410ece4472a7f1c3667296696e4ec93015686f6a28c6e,website,localbitcoiners.com,boost,npub1zgy6k5c8qdw3zjvhwf6gjyqcpsdq7jgd8lndsjzpfvtfqykkj65smuswzn,,Q48WBr6nT3mrbwMZ8ydY,,Local Bitcoiners,true,420,138,1.0,boost receipt,Boosting my meetup from https://localbitcoiners.com/meetups\n\nnostr:naddr1qvzqqqrukvpzqysf4dfswq6az9yewun53ygpsrq6pays60lxmpyyzjckjqfdd94fqqkkyct5w3jhyum9vykky6t5vdhkjmn9wfej6cnfwf6xserp0yknzdeh8ycrxdfsxu6rjdfh95cqq07apk,139,139,142,0,0,0
2026-07-18T12:36:37Z,35fdd88fe997ab1a4ef323e2f23b23fb69aaca641f5c65a422ccd8cd18e8436d,fountain_boost,Fountain,boost,npub1zgy6k5c8qdw3zjvhwf6gjyqcpsdq7jgd8lndsjzpfvtfqykkj65smuswzn,,LFRAwquls7et64LTHFIF,020,"Local Bitcoiners • Chicago Bitcoin Collective w/Jon, Brady & Foise: Chicago, IL | Ep. 020",false,1000,330,1.0,fountain api,"One more from me - if anyone else sends consumables globally, Battersea Bitcoiners are having a 1 year anniversary party on August 19th in London and I would love to order in some goods from Bitcoiners! Please reach out, or Rev & Reed let me know if you have good suggestions, I'm already talking with SatsOil thanks to this episode!",330,330,0,320,20,0
2026-07-18T12:34:08Z,9c51bfa42402463a3542a16a35b4c11b306c127c7b99d91c42d189958e1eb9ed,zap,nostr zaps,zap,npub15ypxpg429uyjmp0zczuza902chuvvr4pn35wfzv8rx6cej4z8clq6jmpcx,,,,,true,21,4,0.2,zap receipt,BULLISH,0,0,4,0,0,0
2026-07-18T10:47:54Z,31da0db0f7e989efea8acd1167724ea1ebe39c96845fc1a18d7d0a1a7813a51d,fountain_boost,BoostMeBitch,boost,,anon,LFRAwquls7et64LTHFIF,020,"Chicago Bitcoin Collective w/Jon, Brady & Foise: Chicago, IL | Ep. 020",false,100,33,1.0,tardbox,,33,33,0,32,2,0
2026-07-18T05:10:24Z,e63c8092403dc447c859c2f40e380a7a13e747db132eb17de66e4b06e1c61d24,zap,nostr zaps,zap,npub1tan2cwtf8s7zxvck79qllzaa7smy03y9ftd50gk6jnag2htnslssyfhjmr,,,,,true,21,5,0.25,zap receipt,🤘,0,0,5,0,0,0
2026-07-18T02:31:22Z,babf1ebeda26a2461c09ab20a6fdb646963df5a54cb1781e78f0f36a855bd832,website,localbitcoiners.com,boost,,,Q48WBr6nT3mrbwMZ8ydY,,Local Bitcoiners,true,100,33,1.0,boost receipt,,33,33,34,0,0,0
2026-07-17T23:52:35Z,7237ee790719cf3e1ab80f243d7ebf875363c81002df98b41b71d24f5e266596,website,localbitcoiners.com,boost,npub1xgyjasdztryl9sg6nfdm2wcj0j3qjs03sq7a0an32pg0lr5l6yaqxhgu7s,,LFRAwquls7et64LTHFIF,020,"Chicago Bitcoin Collective w/Jon, Brady & Foise: Chicago, IL | Ep. 020",false,68,33,1.0,boost receipt,test,23,22,1,22,0,0
2026-07-17T23:24:55Z,6846391718f0d7a8b3040550b0f87551d90ece35efc2cafc1a5ad35609dc3653,fountain_boost,BoostMeBitch,boost,,anon,LFRAwquls7et64LTHFIF,020,"Chicago Bitcoin Collective w/Jon, Brady & Foise: Chicago, IL | Ep. 020",false,100,33,1.0,tardbox,test boost,33,33,0,32,2,0
2026-07-17T21:45:13Z,6a3b624b5e79e2484292f133232e25e9d8148a080a9e89556cf16f1dd74854fa,zap,nostr zaps,zap,npub1734r9jc3rzu00j6tsv8sx6cl96p5v95gncqsffgwtxldtuewrlsqxs8ed3,,,,,true,1000,1000,1.0,zap receipt,,0,0,1000,0,0,0
2026-07-17T21:25:04Z,44538d314380ef39b27d750e8d020d9290ce21202411de77510aad595757ed1d,fountain_boost,Fountain,boost,npub1a3zuwhttqgxw340qgupl24jmydnssmht05v48ecm5tvx762d358sexf24q,,PfxSpLSelb60eIHqjiSC,002,"Local Bitcoiners • Meetups are the Ultimate Web of Trust: Jersey City, NJ | Ep. 002",false,1000,330,1.0,fountain api,Excellent episode.  I agree that every meetup group needs to set up an online chat once it gets its legs.  We did the Telegram thing at Cleveland Bitcoin but as you pointed out to many scammers on that app.  We switched to Discord and it has blossomed.  Can’t recommend it enough.,330,330,160,160,20,0
2026-07-17T20:51:07Z,6eca9580433974b78577ab55cabb92e2e86199a5a1190c364ad7e61c497f4769,zap,nostr zaps,zap,npub1zgy6k5c8qdw3zjvhwf6gjyqcpsdq7jgd8lndsjzpfvtfqykkj65smuswzn,,,,,true,42,42,1.0,zap receipt,Onward 🫡,0,0,42,0,0,0
2026-07-17T20:51:04Z,954788fbc3f9fa22d03f2ead0a8e9e4aac50f5cda45dc71766e323cab330977c,zap,nostr zaps,zap,npub1zgy6k5c8qdw3zjvhwf6gjyqcpsdq7jgd8lndsjzpfvtfqykkj65smuswzn,,,,,true,42,42,1.0,zap receipt,Onward 🫡,0,0,42,0,0,0
2026-07-17T20:50:57Z,39f28d1c579c0ebf62f193e729b7d0f347c6f12fceaa2fbce0b87419903ac993,zap,nostr zaps,zap,npub1zgy6k5c8qdw3zjvhwf6gjyqcpsdq7jgd8lndsjzpfvtfqykkj65smuswzn,,,,,true,42,42,1.0,zap receipt,Onward 🫡,0,0,42,0,0,0
2026-07-17T20:42:08Z,374f084ef2cc5025408662af4b41a4232b42570dd0ce7e0d9b3e29179aa0a5e1,fountain_boost,BoostMeBitch,boost,,ChadF,,,,false,100,33,1.0,tardbox,boostmebitch.com has become self aware,33,33,32,0,2,0
2026-07-17T19:51:12Z,a34e73bb089de6f0c58e5eebfdfca2f859a4218ec7cd13a718b608ff6bddd46f,fountain_boost,BoostMeBitch,boost,,,,,,false,100,33,1.0,tardbox,non nostr test boost,33,33,32,0,2,0
2026-07-17T19:38:54Z,c96c70df71eba80e8073dc804c74cff92c4a2c0c1b5318da47cfbe433ad41417,website,localbitcoiners.com,boost,npub1f5pre6wl6ad87vr4hr5wppqq30sh58m4p33mthnjreh03qadcajs7gwt3z,,LFRAwquls7et64LTHFIF,020,"Chicago Bitcoin Collective w/Jon, Brady & Foise: Chicago, IL | Ep. 020",false,68,33,1.0,boost receipt,CBC Rules!,23,22,1,22,0,2
2026-07-17T18:26:04Z,de7b5d59cde3565225aa9f256520ef82b12f4b175d7cd13bcbeedd8f636e6b90,fountain_boost,Fountain,boost,npub1vvcxpktswmuaqr5a27u3926m036mu43wgev4rsktcntduygdn4estgp5fy,,LFRAwquls7et64LTHFIF,020,"Local Bitcoiners • Chicago Bitcoin Collective w/Jon, Brady & Foise: Chicago, IL | Ep. 020",false,111,37,1.0,fountain api,Bullish,36,37,0,36,2,0
2026-07-17T18:24:39Z,ee3cbdb73d9de9c8b9d0a2703aec48c61240b1676027aebbe7bec75759169721,fountain_boost,Fountain,boost,npub13v5w9ylsdahkfggkaa6ya2qardpfsgt8r45n5j27c6j8en8g3nrqsacqpv,,LFRAwquls7et64LTHFIF,020,"Local Bitcoiners • Chicago Bitcoin Collective w/Jon, Brady & Foise: Chicago, IL | Ep. 020",false,1100,363,1.0,fountain api,i love your show! \nCheckout nostr:npub1ua03t3kxfcwr0m79ld8qejuf874ntugd6j6z3syd2rqmrg553fgq2c65fk homemade goods made with care and pure ingredients.\nhttps://www.takemysats.com/sats-pit,363,363,0,352,22,0
2026-07-17T16:23:05Z,ebd105eecc3550fccc339e20eee361044dc20466a71793ac6efa88de3e3d14d3,fountain_boost,BoostMeBitch,boost,,anon,LFRAwquls7et64LTHFIF,020,"Chicago Bitcoin Collective w/Jon, Brady & Foise: Chicago, IL | Ep. 020",false,100,33,1.0,tardbox,test boost,33,33,0,32,2,0
2026-07-17T16:19:03Z,e8616270ff7fd1e93bd335050f3c26bee273711617a4cf63ae300239bbeb8b68,website,localbitcoiners.com,boost,npub1xgyjasdztryl9sg6nfdm2wcj0j3qjs03sq7a0an32pg0lr5l6yaqxhgu7s,,LFRAwquls7et64LTHFIF,020,"Chicago Bitcoin Collective w/Jon, Brady & Foise: Chicago, IL | Ep. 020",false,68,33,1.0,boost receipt,test boost,23,22,1,22,0,0
2026-07-17T15:29:05Z,41f79a817c5ed020de11c393d1d210cb06a3b4f7cd296f0895732a906372bc0a,fountain_boost,Fountain,boost,,,LFRAwquls7et64LTHFIF,020,"Local Bitcoiners • Chicago Bitcoin Collective w/Jon, Brady & Foise: Chicago, IL | Ep. 020",false,10000,3300,1.0,fountain api,CBC. Bringing bitcoiners together,3300,3300,0,3200,200,0
2026-07-17T15:23:45Z,c62970ce1fe6fb2f80bc4432db26262206ec13be9a2a7ea03a17889085b7849e,keysend,Fountain,boost,,whit6r@fountain.fm,PyYiZvwjQw13umitWd3D,001,"001. Starting and Growing Meetups | Western MA and South Bend, IN",false,1000,330,1.0,keysend boostagram,"The episode that started it all!  This is a solid foundation episode for anyone who wants to get their meetup up and running.  At Cleveland Bitcoin we use Club Orange and X.  We used Meetup.com at some point too.  But once you are consistent and a few core people stick then word of mouth really gets them to your meetups.  By the way, our group has a website.  Check it out … ClevelandBitcoin.org",330,330,320,0,20,0
2026-07-17T15:14:08Z,293a76ae770cc34d6eb03b308ecdb74888321a6682c628f6cf706638a16491d9,website,localbitcoiners.com,boost,,,LFRAwquls7et64LTHFIF,020,"Chicago Bitcoin Collective w/Jon, Brady & Foise: Chicago, IL | Ep. 020",false,68,33,1.0,boost receipt,,23,22,1,22,0,0
2026-07-17T11:48:45Z,38c999e103c8951ed36ff2a196483794f246450452adfa45a9bc4f394e2cdcc2,fountain_boost,Fountain,boost,npub1zgy6k5c8qdw3zjvhwf6gjyqcpsdq7jgd8lndsjzpfvtfqykkj65smuswzn,,LFRAwquls7et64LTHFIF,020,"Local Bitcoiners • Chicago Bitcoin Collective w/Jon, Brady & Foise: Chicago, IL | Ep. 020",false,100,33,1.0,fountain api,"Think I managed to triple boost lol, though 2 seemed to have failed splits. Enjoy the extra sats guys, hoping one day I can visit Chicago to see this awesome project.",33,33,0,32,2,0
2026-07-17T11:19:20Z,12cee8c7d955d1b66800ded1974b8a1937b0f44746da2fd1b7bc2b2d63828186,fountain_boost,Fountain,boost,npub1zgy6k5c8qdw3zjvhwf6gjyqcpsdq7jgd8lndsjzpfvtfqykkj65smuswzn,,LFRAwquls7et64LTHFIF,020,"Local Bitcoiners • Chicago Bitcoin Collective w/Jon, Brady & Foise: Chicago, IL | Ep. 020",false,500,165,1.0,fountain api,Amazing ep from the Chicago guys. Where can I get my hands on some SatsOil from Italy? Tried to search but only found an X handle and I haven't got X.,165,165,0,160,10,0
2026-07-17T06:53:12Z,e00ac123245c2d07d22c1def347b2256192620684f8f293835a6524208dabf3b,zap,nostr zaps,zap,npub14dcps797lsnqjl7d6fetkuq6a0068538e2kgt55vt4zdapxk638qj7wcyy,,,,,true,12,4,0.333333,zap receipt,,0,0,4,0,0,0
2026-07-17T03:40:15.583Z,,fountain_stream,Fountain,stream,npub1tan2cwtf8s7zxvck79qllzaa7smy03y9ftd50gk6jnag2htnslssyfhjmr,,LFRAwquls7et64LTHFIF,020,"Chicago Bitcoin Collective w/Jon, Brady & Foise: Chicago, IL | Ep. 020",false,22,,,fountain supporters firestore,,8,7,0,7,0,
2026-07-17T03:40:10Z,16a151ba2b377cdc428d3e33e1db5f02f4c2f515d048f6ac1abe3a94f935f3e8,fountain_boost,Fountain,boost,npub1tan2cwtf8s7zxvck79qllzaa7smy03y9ftd50gk6jnag2htnslssyfhjmr,,LFRAwquls7et64LTHFIF,020,"Local Bitcoiners • Chicago Bitcoin Collective w/Jon, Brady & Foise: Chicago, IL | Ep. 020",false,2000,660,1.0,fountain api,Let’s go!! It’s nice to hear you all together! Doing big things for the Bitcoin Comminity! Thank you 🧡✨,660,660,0,640,40,0
2026-07-16T22:42:19Z,8618bdf16c76ec755cb4b14ad9e96976667a147eb2b56e1b08cbc02f4646bc7b,fountain_boost,Fountain,boost,npub1jxh2kga4ve8d4ftahcqtqswvk5z5f7ya0k2kx3dm679hmw4ysesqvt62rj,,LFRAwquls7et64LTHFIF,020,"Local Bitcoiners • Chicago Bitcoin Collective w/Jon, Brady & Foise: Chicago, IL | Ep. 020",false,101,33,1.0,fountain api,Another lovely V4V podcast is the Millennial Media Offensive. Underrated IMO.,34,33,0,32,2,0
2026-07-16T21:53:26.081Z,,fountain_stream,Fountain,stream,npub13h3hhzv20uqjsyrmj95mstdvsqae3th5a2vr7ctjal2rvpw34xvsdwa57n,,LFRAwquls7et64LTHFIF,020,"Chicago Bitcoin Collective w/Jon, Brady & Foise: Chicago, IL | Ep. 020",false,460,,,fountain supporters firestore,,152,152,0,147,9,
2026-07-16T19:30:34Z,335f09ab5db38382812b15d17c1ae4988cfbda74242a89dfdc5161bf78258670,fountain_boost,Fountain,boost,npub15ymzglvv4alrp06q85eqqmawegxf688v0gtqwhjpgtp0a4k2mesqshkwwx,,Mb8UVvZvDOoSxUobeHzq,014,"Local Bitcoiners • Permaculture for Bitcoin Culture w/Sourcenode: Greenville, SC | Ep. 014",false,323,107,1.0,fountain api,Great rip.  Thank you guys 🙏\n#40HPW🎧,107,107,0,103,6,0
2026-07-16T17:53:21Z,4bbcf689f62d5037ef0d7240c15ab7b746bf620e961229df26210ff9b3069abb,zap,nostr zaps,zap,npub1jxh2kga4ve8d4ftahcqtqswvk5z5f7ya0k2kx3dm679hmw4ysesqvt62rj,,,,,true,65,65,1.0,zap receipt,,0,0,65,0,0,0
2026-07-16T16:10:38Z,df4a674977b618daee798c001ee68fb1cc7f90b874e45dbcf5c45a8ea59641cb,zap,nostr zaps,zap,npub1rqqd85qhv4pu29ahvkx7ve7l8769wc26um3ewmwj2aqh0q0wvphs6600tz,,,,,true,420,420,1.0,zap receipt,Let's go 🚀,0,0,420,0,0,0
2026-07-16T15:43:56Z,605c0923774d3c9340e71fb1559c28462230a76e4aa26dc5d93599b41c4bd559,zap,nostr zaps,zap,npub13q8evu294dnt20vacfuagj5hy2agwhfr93el8h68qlg708zrxm8qnd6vpv,,,,,true,105,105,1.0,zap receipt,,0,0,105,0,0,0
2026-07-16T15:20:32Z,27f6c69fed4820660293fb7f5df95e682d777dd576c56c37a658621d4b88e481,fountain_boost,Fountain,boost,,,LFRAwquls7et64LTHFIF,020,"Local Bitcoiners • Chicago Bitcoin Collective w/Jon, Brady & Foise: Chicago, IL | Ep. 020",false,10000,3300,1.0,fountain api,keep up the great work guys!!,3300,3300,0,3200,200,0
2026-07-16T14:46:31Z,377890f987eceac4d31e83c81a9a2d4c271ade4034001ab24e88a43908df11fb,zap,nostr zaps,zap,npub1u8umhxc4ewe7f8qvs9pxjtcs3qagnzvv5qal7kf7fq08zsuwhawqyu2gqg,,,,,true,21,21,1.0,zap receipt,Yeah buddy,0,0,21,0,0,0
2026-07-16T13:51:58Z,4f998ab68895e847a7ac09bb1ad127deaa0cc57682119174d1270f0b085284a6,fountain_boost,Fountain,boost,npub15rp8pt5u4r8m5yavdceuzsr8zcah0jtwwpfu2nmp22ss3yjawn3qhtdruw,,rPKfsikJqyzTYCuSSv6D,019,"Local Bitcoiners • Recording the Revolution w/Shannon: Columbus, OH | Ep. 019",false,100,33,1.0,fountain api,Finally had a minute to check the website a little. You guys are doing great at providing excellent value!,33,33,0,32,2,0
2026-07-16T13:19:40.576Z,,fountain_stream,Fountain,stream,npub1gdl92pgwnxjts7sa4q00kplegugav5a2an5s5pju7hkupmkqce4q0wfzsx,,LFRAwquls7et64LTHFIF,020,"Chicago Bitcoin Collective w/Jon, Brady & Foise: Chicago, IL | Ep. 020",false,2397,,,fountain supporters firestore,,791,791,0,767,48,
2026-07-16T13:18:25Z,2123406b6f046122efac0d615d7c3c5debd322952ffb3df0d53c76d91946c074,fountain_boost,Fountain,boost,npub1gdl92pgwnxjts7sa4q00kplegugav5a2an5s5pju7hkupmkqce4q0wfzsx,,LFRAwquls7et64LTHFIF,020,"Local Bitcoiners • Chicago Bitcoin Collective w/Jon, Brady & Foise: Chicago, IL | Ep. 020",false,42021,13867,1.0,fountain api,Thank you for doing what you guys do!,13867,13867,0,13447,840,0
2026-07-16T13:13:07Z,47ecf774618ae104a51d82b4b97a5bff78a48afe371e940cc5c65f558ac7e31f,fountain_boost,Fountain,boost,npub192ykrd4u20ccy265jv9d6ukuk2qq80y3t5w724k5mdcpr949jx0sr7m7yg,,LFRAwquls7et64LTHFIF,020,"Local Bitcoiners • Chicago Bitcoin Collective w/Jon, Brady & Foise: Chicago, IL | Ep. 020",false,5900,1947,0.33,sat math 0.33,Sounds like Chicago is cooking! \n\nGreat episode boys.,1947,1947,0,1888,118,0
2026-07-16T11:46:44Z,802baa82730c0005fd92ec0fc315dcd271b71845071107e5ae7be0da82bca5b4,fountain_boost,Fountain,boost,npub12xycvg8gahx3reqnj0fy052k3445wds6u4k66v2awnx7sgj7pl5s9c0s2g,,LFRAwquls7et64LTHFIF,020,"Local Bitcoiners • Chicago Bitcoin Collective w/Jon, Brady & Foise: Chicago, IL | Ep. 020",false,9216,3041,1.0,fountain api,CBC is doing amazing work. Great episode!,3042,3041,0,2949,184,0
2026-07-16T11:45:17Z,de96f1e816185deba857636daf3bc2893ae6903021041abd188f8bac8adffc5a,fountain_boost,Fountain,boost,npub1gdl92pgwnxjts7sa4q00kplegugav5a2an5s5pju7hkupmkqce4q0wfzsx,,LFRAwquls7et64LTHFIF,020,"Local Bitcoiners • Chicago Bitcoin Collective w/Jon, Brady & Foise: Chicago, IL | Ep. 020",false,420,139,1.0,fountain api,*no comment with boost*,139,139,0,134,8,0
2026-07-16T10:34:17Z,7f369b27911de1c3248b78b58d4f7b9397f5d64bd5274f438d81d8b110959e82,zap,nostr zaps,zap,npub17hzfgmd96utvzyj973h53j28vk6vkc8m5ztwkcrwhmh2u3wn007qtklhvt,,,,,true,500,500,1.0,zap receipt,,0,0,500,0,0,0
2026-07-16T10:19:51Z,ae6df0a49a3cd8bb96d6c34a1bdaab5313b9cd1d78f15430f9e9cd0d89a805ea,fountain_boost,Fountain,boost,npub1a3zuwhttqgxw340qgupl24jmydnssmht05v48ecm5tvx762d358sexf24q,,LFRAwquls7et64LTHFIF,020,"Local Bitcoiners • Chicago Bitcoin Collective w/Jon, Brady & Foise: Chicago, IL | Ep. 020",false,5000,1650,1.0,fountain api,"Great episode.  Chicago really sounds like they have their act together up there and are a great inspiration for the rest of the meetup groups across the country.  Nice job CBC!  Want to clear something funny up…. My handle is pronounced (wit sixer).  I got a kick out of the different ways to say it but thought I’d clear it up for you.  Also, want to shout out the last episode involving Columbus.  I boosted the show via the Local Bitcoiners website, but there was some sort of glitch.  And it didn’t make it on  this episode.  Shannon and his meetup gang do a great job down there. Several of our members here in Cleveland have gone to the Columbus events and we always come back home glad we made the short drive down there.  Apologies for the wordy boost this time 😎",1650,1650,0,1600,100,0
2026-07-16T04:35:46Z,748f3ad9733437076d6950615a8adb6838dcb3471ac39991a54472e4a24ba69c,zap,nostr zaps,zap,npub1p2u3tjffwlrxk47xhajdtqjjmdrwt5p845k8ux4vn23mf0p2udusts3xce,,,,,true,21000,21000,1.0,zap receipt,Just got to listening these. Great stuff,0,0,21000,0,0,0
2026-07-15T17:42:19Z,195a530d8d6298fa913d55cde041dfdce7fc76aecd570e56a34c480b657b5024,fountain_boost,Fountain,boost,npub1jxh2kga4ve8d4ftahcqtqswvk5z5f7ya0k2kx3dm679hmw4ysesqvt62rj,,D1Z2oJExWQIqEmrg95TL,007,"Local Bitcoiners • How Meetups can Benefit from V4V, Nostr and Valuechains | Ep. 007",false,101,33,1.0,fountain api,Boop,34,33,32,0,2,0
2026-07-15T15:41:05Z,cf6f5dcbbb7049b0955220217f9958d94917c45ac7a425d0936bc4a627ec46f5,website,localbitcoiners.com,boost,npub17hzfgmd96utvzyj973h53j28vk6vkc8m5ztwkcrwhmh2u3wn007qtklhvt,,bBf4IJhsERLpTYeRESOa,018,"Upping Your Meetup Game w/Steve, Scott & Tali: Louisville, KY | Ep. 018",false,1234,409,1.0,boost receipt,"I love what Reed said about the boosts bringing attention to otherwise ""dead"" npubs. I love nostr, I hate speaking to seemingly no one. The void no longer wants to be screamed into. Follow for dope interactions, or at least a humble good morning.",407,407,25,395,0,0
2026-07-15T03:50:01Z,30aaf589591b0d2db6e8acc4be667409f9d58dbbb8bd32110dc4739edd6855ca,zap,nostr zaps,zap,npub1rng2fsg5a835efg73d3h347pqdd09hwqtldzmka93h9dhz9pm5fsr2rujd,,,,,true,2,1,0.333333,zap receipt,𑣲𝄞,0,0,1,0,0,0
2026-07-14T22:46:39Z,e72eb36d1327455a0dc7ec217ec0dc3c7122637f92c60abc330bc3d1051a075d,website,localbitcoiners.com,boost,npub1y3s99smcstupmj0txq3j26s7ue5qynuyjng5xle6jw5jy8jt85tq6kajjt,,Q48WBr6nT3mrbwMZ8ydY,,Local Bitcoiners,true,100,33,1.0,boost receipt,Clicking around on the local bitcoiners website!,33,33,34,0,0,0
2026-07-14T22:45:26Z,c7fe1b9bff81cba3ba5b059b3a478cf83ccca5cee3f4d2db84e8aa7fdc7df610,website,localbitcoiners.com,boost,npub1y3s99smcstupmj0txq3j26s7ue5qynuyjng5xle6jw5jy8jt85tq6kajjt,,Q48WBr6nT3mrbwMZ8ydY,,Local Bitcoiners,true,420,138,1.0,boost receipt,"Sactown Bitcoiners Monthly Education Meetup Thursday, Jul 23\n\nFind the random door on the side of the library building!\n\nhttps://www.meetup.com/bitcoin-only-sactown/events/315540285/?eventOrigin=group_upcoming_events",139,139,142,0,0,0
2026-07-14T14:13:37Z,02de17276e292c78a853e58bdace381cb34ca2935b40d5cdfe6096d172786c13,website,localbitcoiners.com,boost,npub1zgy6k5c8qdw3zjvhwf6gjyqcpsdq7jgd8lndsjzpfvtfqykkj65smuswzn,,Q48WBr6nT3mrbwMZ8ydY,,Local Bitcoiners,true,500,165,1.0,boost receipt,Boosting my meetup from https://localbitcoiners.com/meetups\n\nnostr:naddr1qvzqqqrukvpzqysf4dfswq6az9yewun53ygpsrq6pays60lxmpyyzjckjqfdd94fqqkxyct5w3jhyum9vykky6t5vdhkjmn9wfej66n4d3uj6v3k95cnwwpjxq6ryvf3xycngdedxqnyf4d5,165,165,170,0,0,0
2026-07-13T14:59:41Z,54ea2ddb863e96fc7c91bd2ef4357523842af04418a5390dab59e2ae7ed27bf2,zap,nostr zaps,zap,npub18mv07htjfsut45rucsg8v8kxg9sq2aqf5e0sxtfyunky9shrkhdssf9ktc,,,,,true,42,14,0.333333,zap receipt,Onward 🫡,0,0,14,0,0,0
2026-07-13T12:25:32Z,e31f7ad912189ba86a0fb23bd0ff67909e554d3029f1993b3218d5b0496d9d67,fountain_boost,Fountain,boost,npub1jxh2kga4ve8d4ftahcqtqswvk5z5f7ya0k2kx3dm679hmw4ysesqvt62rj,,ALmlcUO8Jz2GtvYSbqBZ,005,"Local Bitcoiners • The Meetup Is the Farmer's Market: Kansas City, MO | Ep. 005",false,101,33,1.0,fountain api,I miss the roller skating heydays,34,33,0,32,2,0
2026-07-13T01:55:19Z,be0e659da65a86fcb28c0eb2321325c1992b0147bd4b808cb11bcf12a89cfec9,website,localbitcoiners.com,boost,npub1z3h8afkwknffxyspvjde77sj6euy66rtyul7qlkl7f2ygktxdqasnn760f,,rPKfsikJqyzTYCuSSv6D,019,"Recording the Revolution w/Shannon: Columbus, OH | Ep. 019",false,3400,1650,1.0,boost receipt,"Glad to hear cool things happening in that other city south of the border home of that one school (Columbus). Much love from Ann Arbor, home of the good guys 😁",1122,1122,68,1088,0,100
2026-07-11T20:07:52Z,47fed5d0e0c2869770bb58747c4089e1e8ce04fddacb3f337491ec7b3396cc2d,fountain_boost,Fountain,boost,npub1a6hvdlk99q83hsw8cgzdjww8m7xnxx9yg77mfmm60n45fed6kdgsaprzvp,,rPKfsikJqyzTYCuSSv6D,019,"Local Bitcoiners • Recording the Revolution w/Shannon: Columbus, OH | Ep. 019",false,2121,700,1.0,fountain api,"Join us for our first ever, third Tuesday monthly Green Bay Wisconsin and Fox River Area meet up… Tuesday, July 21 at 6 PM at All Shook Up Tavern.  Pizza will be provided and drinks available for purchase with BTC or Fiat.  This will be a casual social event to connect local bitcoiners and future bitcoiners together!  Let’s build our local network!",700,700,0,679,42,0
2026-07-11T07:53:14Z,483f2a9dc76e486e0ee14aa54587e0cf63b80f84c9526d67ec8ff2c8a26159bb,fountain_boost,Fountain,boost,npub15604np6ccsk7ugph4nrg7kyq7kpme9lmcn4l0q2xk4yd5d6puu2s00dr0u,,rPKfsikJqyzTYCuSSv6D,019,"Local Bitcoiners • Recording the Revolution w/Shannon: Columbus, OH | Ep. 019",false,1237,408,1.0,fountain api,Thank you gentleman,408,408,0,396,25,0
2026-07-10T20:07:47Z,eaacf763d1e06e1f4230f3d95fa7068c1e72c622c48220583d967ea7eff15393,fountain_boost,Fountain,boost,,,rPKfsikJqyzTYCuSSv6D,019,"Local Bitcoiners • Recording the Revolution w/Shannon: Columbus, OH | Ep. 019",false,221,73,0.33,sat math 0.33,#Circl is a web client with NIP-07 login so it can be used on mobile as well! I use it on iOS with the,73,73,0,71,4,0
2026-07-09T20:12:53Z,9ce24e3bb11c05d4e307c5e8812efb8c3fa71b8b9ef76303012a26b13bc304c5,fountain_boost,Fountain,boost,npub1vvcxpktswmuaqr5a27u3926m036mu43wgev4rsktcntduygdn4estgp5fy,,rPKfsikJqyzTYCuSSv6D,019,"Local Bitcoiners • Recording the Revolution w/Shannon: Columbus, OH | Ep. 019",false,111,37,1.0,fountain api,"Funnily enough, I didn’t know what NIP-A0 was until y’all mentioned voicemails in episode 18. Then I remembered the Nostr CEO nostr:npub1wa3jv2usx0s37tzaw7hpfla6s23p3ecagz3dm04mle9jjz7xuwqqjf5rkm created yakbak.app a while back, which is geared towards voice messages under a minute. \n\nI know how bullish you are on Nostr integrations. So when you do add support for voicemails on the site, it’ll appear on YakBak and #Circl. This is why I Nostr.",36,37,0,36,2,0
2026-07-09T12:17:03Z,fb2def246fb7aec7f56d8c8872bd444209a9bc4e42259f50849c0c83e38c45c1,fountain_boost,Fountain,boost,npub1jxh2kga4ve8d4ftahcqtqswvk5z5f7ya0k2kx3dm679hmw4ysesqvt62rj,,rPKfsikJqyzTYCuSSv6D,019,"Local Bitcoiners • Recording the Revolution w/Shannon: Columbus, OH | Ep. 019",false,111,37,1.0,fountain api,I love how you guys are just building building building 🤙🏻,36,37,0,36,2,0
2026-07-09T11:25:00.790Z,,fountain_stream,Fountain,stream,npub13h3hhzv20uqjsyrmj95mstdvsqae3th5a2vr7ctjal2rvpw34xvsdwa57n,,rPKfsikJqyzTYCuSSv6D,019,"Local Bitcoiners • Recording the Revolution w/Shannon: Columbus, OH | Ep. 019",false,1322,,,fountain supporters firestore,,437,436,0,423,26,
2026-07-09T08:29:09Z,be2b6f93a214a39cd2c3b479a1449a2b39d1afddf6d4844c206e9e34d8887dff,website,localbitcoiners.com,boost,npub1a3zuwhttqgxw340qgupl24jmydnssmht05v48ecm5tvx762d358sexf24q,,rPKfsikJqyzTYCuSSv6D,019,"Recording the Revolution w/Shannon: Columbus, OH | Ep. 019",false,3400,1650,1.0,boost receipt,"Guys, thanks again for the 21k Sats.  I woke up the other morning and was really surprised to see that zap!  Great start to the day.  To clear up a mystery (j/k) it’s pronounced ( wit sixer ).  All good fellas.  Shout out to Shannon from Columbus.  We met him at the Cleveland Bitcoin Halving Party a few years ago.  A few of us met him for breakfast the next day and he gave us great advice on how to get our meetup rolling.  Nice guy.  A few of our group have been down to C-bus for their events and I’ve heard nothing but great things.  Cheers!",1122,1122,68,1088,0,0
2026-07-09T01:17:48Z,fd487a6ba8bb8ddd5947d207d32e325fed672d3ff2e69d501e66a27e74b8f348,website,localbitcoiners.com,boost,npub1zqdpzty2mshxncqqxy2078qax6mlehsxmpx5095wtxw4tpepkr0s2ce6fj,,Q48WBr6nT3mrbwMZ8ydY,,Local Bitcoiners,true,420,138,1.0,boost receipt,I just posted a meetup on localbitcoiners.com/meetups!\n\nnostr:naddr1qvzqqqrukvpzqyq6zykg4hpwd8sqqvg5luwp6d4hln0qdkzdg7tgukva2krjrvxlqy2hwumn8ghj7un9d3shjtnyv9kh2uewd9hj7qg6waehxw309a5xzan9dch8qetjd4skuetjvshxxmmd9uq3samnwvaz7tmjv4kxz7fwvehh2mn5v95kutnxd5hsqyrzxgenzepex3jnqvpsxdjrsve52stuug,139,139,142,0,0,0
2026-07-09T01:10:16Z,8ba30b89fa58254f11ac13796bf03c17bf4cf39f1256ecfb56b1cc3d1f34bb8e,website,localbitcoiners.com,boost,npub1zqdpzty2mshxncqqxy2078qax6mlehsxmpx5095wtxw4tpepkr0s2ce6fj,,rPKfsikJqyzTYCuSSv6D,019,"Recording the Revolution w/Shannon: Columbus, OH | Ep. 019",false,1208,587,1.0,boost receipt,"Great episode guys. Shannon was another great guest. How is it that all Bitcoin Meetup organizers are so articulate. I would imagine they are good looking as well. \n\nShoutout to the Comox Valley Bitcoin at the Beach meetup. The venue was the beach and it went swimmingly. There were burgers, baked goods, tallow and lard, plants and freeze dried products for sale for BTC. I think it is a beautiful beginning to a Bitcoin market.",398,399,24,387,0,0
2026-07-08T23:55:33Z,c793b5b2afc234611b73841029b525ae686d509b0243f3067e42b329079dd680,fountain_boost,Fountain,boost,npub1t49ker2fyy2xc5y7qrsfxrp6g8evsxluqmaq09xt7uuhhzsurm3srw4jj5,,Mb8UVvZvDOoSxUobeHzq,014,"Local Bitcoiners • Permaculture for Bitcoin Culture w/Sourcenode: Greenville, SC | Ep. 014",false,420,139,1.0,fountain api,"Following up on your comments about Stacker News. It’s not that they want it to be siloed away from nostr. \n\nIt was started before nostr was a thing and they’re building integration. Right now it’s similar to Fountain: if you have an npub, your posts can go out to nostr relays and be broadcast as notes but not everyone does and their posts live entirely on the site. I believe further integration is on the devs roadmap.",139,139,0,134,8,0
2026-07-08T23:43:27Z,8b935e95a59b6cf1bdd2a6e3c6a56874573d7c76642542d32532da0e4125308e,fountain_boost,Fountain,boost,npub1t49ker2fyy2xc5y7qrsfxrp6g8evsxluqmaq09xt7uuhhzsurm3srw4jj5,,Mb8UVvZvDOoSxUobeHzq,014,"Local Bitcoiners • Permaculture for Bitcoin Culture w/Sourcenode: Greenville, SC | Ep. 014",false,420,139,1.0,fountain api,"Following up on your comments about Stacker News. It’s not that they want it to be siloed away from nostr. \n\nIt was started before nostr was a thing and they’re building integration. Right now it’s similar to Fountain: if you have an npub, your posts can go out to nostr relays and be broadcast as notes but not everyone does and their posts live entirely on the site. I believe further integration is on the devs roadmap.",139,139,0,134,8,0
2026-07-08T04:14:06Z,1c0cb1eb63e5fa7722ad4216bd8f20542def67a78bd0b13a9c1cb1087be08d86,website,localbitcoiners.com,boost,npub1mc909r6rtu2kfmzfy9u5vzy60jlhgqgzty0jqlz0qhkdraxcypcqduvk2m,,Q48WBr6nT3mrbwMZ8ydY,,Local Bitcoiners,true,420,138,1.0,boost receipt,🏎️🏎️🏎️\n\nnostr:naddr1qvzqqqrukvpzqumxj5we3tg5h3hhy6ctfdf607t3txhpwnp6ndnhxxxc52c4u0svqqgxzwpsvv6rsefc89nrvwf4v9jx2k38d80,139,139,142,0,0,0
2026-07-07T19:30:41Z,00b0bd35cc358c52b3db8a25cf6133360710a2e106c8e288dfeb4e9cb9d55cdc,website,localbitcoiners.com,boost,npub1f5pre6wl6ad87vr4hr5wppqq30sh58m4p33mthnjreh03qadcajs7gwt3z,,Q48WBr6nT3mrbwMZ8ydY,,Local Bitcoiners,true,420,138,1.0,boost receipt,"We've been cooking out at the South Bend meetup, join us for some food and discussion. Lang Lab now accepts Bitcoin and they're hodling it! Yeehaw!\nI just posted a meetup on localbitcoiners.com/meetups!\n\nnostr:naddr1qvzqqqrukvpzqngz8n5al4660uc8tw8guzzqpzlp0g0h2rrrkh08y8nwlzp6m3m9qyt8wumn8ghj7ur4wfcxcetjv4kxz7fwvdhk6tcprpmhxue69uhhyetvv9ujuen0w4h8gctfdchxvmf0qy2hwumn8ghj7un9d3shjtnyv9kh2uewd9hj7qqsv56xvvn9xvcr2wtr8y6nwdmrvym3rxzx",139,139,142,0,0,0
2026-07-07T19:25:00Z,fc454414801c28151055ca4d269b45ac8c05bdec42f70c7eac7def8d2c90ff4d,website,localbitcoiners.com,boost,npub1f5pre6wl6ad87vr4hr5wppqq30sh58m4p33mthnjreh03qadcajs7gwt3z,,Q48WBr6nT3mrbwMZ8ydY,,Local Bitcoiners,true,420,138,1.0,boost receipt,Wash the pleb slop off with a firehose of technical discussion at Chicago Bitdevs!\nI just posted a meetup on localbitcoiners.com/meetups!\n\nnostr:naddr1qvzqqqrukvpzqngz8n5al4660uc8tw8guzzqpzlp0g0h2rrrkh08y8nwlzp6m3m9qyt8wumn8ghj7ur4wfcxcetjv4kxz7fwvdhk6tcprpmhxue69uhhyetvv9ujuen0w4h8gctfdchxvmf0qy2hwumn8ghj7un9d3shjtnyv9kh2uewd9hj7qqsxc6xzetzxqmnqef4vd3r2cejxseq3f23,139,139,142,0,0,0
2026-07-07T19:23:30Z,064b88db8501af5d29db3beea8c56893bfabeb17d3d91210f22fd494172d5781,fountain_boost,Fountain,boost,npub1jxh2kga4ve8d4ftahcqtqswvk5z5f7ya0k2kx3dm679hmw4ysesqvt62rj,,PfxSpLSelb60eIHqjiSC,002,"Local Bitcoiners • Meetups are the Ultimate Web of Trust: Jersey City, NJ | Ep. 002",false,101,33,1.0,fountain api,🧡💜,34,33,16,16,2,0
2026-07-07T18:58:11Z,f92cb0059cec980c993d08976fb311585b1fa83bb60e61b9d80170293d362a6a,website,localbitcoiners.com,boost,npub1f5pre6wl6ad87vr4hr5wppqq30sh58m4p33mthnjreh03qadcajs7gwt3z,,Q48WBr6nT3mrbwMZ8ydY,,Local Bitcoiners,true,420,138,1.0,boost receipt,"The next SWMI meetup is one not to be missed. We will be celebrating the last meetup at Dwellers Co Working Space. It's been an ideal location for a meetup, this is the last chance to experience it's greatness!\nI just posted a meetup on localbitcoiners.com/meetups!\n\nnostr:naddr1qvzqqqrukvpzqngz8n5al4660uc8tw8guzzqpzlp0g0h2rrrkh08y8nwlzp6m3m9qyt8wumn8ghj7ur4wfcxcetjv4kxz7fwvdhk6tcprpmhxue69uhhyetvv9ujuen0w4h8gctfdchxvmf0qy2hwumn8ghj7un9d3shjtnyv9kh2uewd9hj7qqsxq6xyv3nv33xywrpvy6ngcnz8ywtsgdm",139,139,142,0,0,0
2026-07-07T16:45:29Z,c0d56a4b9e66b211d6bcdb96c0fe4ef4e8b8be808c4e8dc4091c2d0bbfd99a58,fountain_boost,Fountain,boost,npub1jxh2kga4ve8d4ftahcqtqswvk5z5f7ya0k2kx3dm679hmw4ysesqvt62rj,,NFBJRwFDW34wNHkujo3e,003,"Local Bitcoiners • Meetups & Podcasts are the Signal: Ottawa, CA | Ep. 003",false,101,33,1.0,fountain api,🧡💜,34,33,0,32,2,0
2026-07-07T15:37:03Z,8657b83fa8cecf40a8149892047d65c75bffe976086c5499275961ac5ef77720,fountain_boost,Fountain,boost,npub1vvcxpktswmuaqr5a27u3926m036mu43wgev4rsktcntduygdn4estgp5fy,,bBf4IJhsERLpTYeRESOa,018,"Local Bitcoiners • Upping Your Meetup Game w/Steve, Scott & Tali: Louisville, KY | Ep. 018",false,111,37,1.0,fountain api,Voicemails sound fun. Maybe nostr:npub1xgyjasdztryl9sg6nfdm2wcj0j3qjs03sq7a0an32pg0lr5l6yaqxhgu7s can cook something up with NIP-A0. Might add support in #Circl too. 👀,36,37,0,36,2,0
2026-07-07T15:32:29Z,6e8c2a321c79e99432b252661c6b3be7100b26fdc664d7b97f2f8408bfc6f8ee,fountain_boost,Fountain,boost,npub1vvcxpktswmuaqr5a27u3926m036mu43wgev4rsktcntduygdn4estgp5fy,,bBf4IJhsERLpTYeRESOa,018,"Local Bitcoiners • Upping Your Meetup Game w/Steve, Scott & Tali: Louisville, KY | Ep. 018",false,111,37,1.0,fountain api,Bullish,36,37,0,36,2,0
2026-07-06T04:37:46Z,53efc31b54e6101b3ab610078a6d7d7d233c861acee12c3ba8a58e5e955c2b7b,website,localbitcoiners.com,boost,npub1zqdpzty2mshxncqqxy2078qax6mlehsxmpx5095wtxw4tpepkr0s2ce6fj,,bBf4IJhsERLpTYeRESOa,018,"Upping Your Meetup Game w/Steve, Scott & Tali: Louisville, KY | Ep. 018",false,1234,409,1.0,boost receipt,Thanks for the #YATA love. You mentioned a voice mail possibility. It may be a fun addition to have a line for meetup reports similar to the No Agenda podcast. Let people say hey from their meetups and play them on the show. Hopefully I'm boosting the correct episode....,407,407,25,395,0,0
2026-07-06T04:34:40Z,84a3b2f35e536016214f8e43d0fb42a975c2825907b0ab53d0de11ea122b3b66,website,localbitcoiners.com,boost,npub1zqdpzty2mshxncqqxy2078qax6mlehsxmpx5095wtxw4tpepkr0s2ce6fj,,Xwgh7I9uZLY08uVepuIN,017,"The Subjective Value of Meetups w/Clay Seal: Cincinnati, OH | Ep. 017",false,1111,368,1.0,boost receipt,"I probably boosted the wrong episode. I can't seem to login to Fountain on GrapheneOS using Amber. It is my usual method of boosting and I am in the market for a new app, but none seem to fit the bill. Long live Nostr integration on localbitcoiners.com.",366,367,22,356,0,0
2026-07-06T01:20:44Z,2556b8e745210cbe98123d6ce3f64acaf6e1d3598363dd4534f6fb114a04e2d0,fountain_boost,Fountain,boost,npub13q8evu294dnt20vacfuagj5hy2agwhfr93el8h68qlg708zrxm8qnd6vpv,,Xwgh7I9uZLY08uVepuIN,017,"Local Bitcoiners • The Subjective Value of Meetups w/Clay Seal: Cincinnati, OH | Ep. 017",false,4242,1400,1.0,fountain api,V4V’ing. Thanks gents.,1400,1400,0,1357,85,0
2026-07-05T11:57:26Z,fea6dfb4626059523af94fcb4ab2849bd603f972a6427e1edea0db0ab915623f,zap,nostr zaps,zap,npub1dgpt04w4c88wc0g262xaw8zvlm4mvwtmjhl0tn2sxtyjywsn6q4qt8ka3a,,,,,true,13,13,1.0,zap receipt,,0,0,13,0,0,0
2026-07-04T12:49:17Z,c6164443a0e8e74662347b2aaed7416a659e816ace2afd42096f567e4498ba70,website,localbitcoiners.com,boost,npub1a3zuwhttqgxw340qgupl24jmydnssmht05v48ecm5tvx762d358sexf24q,,Q48WBr6nT3mrbwMZ8ydY,,Local Bitcoiners,true,420,138,1.0,boost receipt,I just posted a meetup on localbitcoiners.com/meetups!\n\nnostr:naddr1qvzqqqrukvpzpmz9cawkkqsvar27q3cr74t9kgm8pphwklge20n3hgkcda55mrg0qythwumn8ghj7un9d3shjtnswf5k6ctv9ehx2ap0qyvhwumn8ghj7urjv4kkjatd9ec8y6tdv9kzumn9wshsqypsvcmnqvfs8y6xydmx89nrqcnplk7cj7,139,139,142,0,0,0
2026-07-04T00:49:57Z,c475602d414400342d8b5669988328b2e9fad82d7a448e4d131e634558fa9ac8,website,localbitcoiners.com,boost,npub1tyl66fspw4g056jvmfk8xwy94je8yknxlpf7whjgq3d53h9elkgqdujvan,,Xwgh7I9uZLY08uVepuIN,017,"The Subjective Value of Meetups w/Clay Seal: Cincinnati, OH | Ep. 017",false,980,330,1.0,boost receipt,Great discussion on the value of Meetups! Shoutout to my homies in the Grand Rapids Bitcoin Meetup group!,323,323,20,314,0,0
2026-07-03T19:58:46Z,cbf8122134f3aa6870d8ed299648b126042564f635a0b8daad83b64d81df406c,zap,nostr zaps,zap,npub105d309x75gk4zmdvd9lzch3m89veky4hc6cw57cndvfj33aqs38qmyuhce,,,,,true,21,21,1.0,zap receipt,Great post 👍,0,0,21,0,0,0
2026-07-03T19:29:25.178Z,,fountain_stream,Fountain,stream,npub13h3hhzv20uqjsyrmj95mstdvsqae3th5a2vr7ctjal2rvpw34xvsdwa57n,,bBf4IJhsERLpTYeRESOa,018,"Upping Your Meetup Game w/Steve, Scott & Tali: Louisville, KY | Ep. 018",false,1308,,,fountain supporters firestore,,431,432,0,419,26,
2026-07-03T17:35:10Z,14791297f5a0849c1e06cfc7cb134d10d1c58edd7228a13b8da0f6ab81c6eda2,fountain_boost,Fountain,boost,,,bBf4IJhsERLpTYeRESOa,018,"Local Bitcoiners • Upping Your Meetup Game w/Steve, Scott & Tali: Louisville, KY | Ep. 018",false,6900,2277,1.0,fountain api,"Pre listen boost. Appreciate you guys, as always 🫡",2277,2277,0,2208,138,0
2026-07-03T15:19:19Z,77d930064dc8f2b0b378aae35e91de090ec79fe2641b5756a9eb514e7fea5c4b,fountain_boost,Fountain,boost,npub1qjhr8se64q78dvvpftv6lazgfukgg22wj0kjtjfr6x2gwfeg6j2ssju7c0,,bBf4IJhsERLpTYeRESOa,018,"Local Bitcoiners • Upping Your Meetup Game w/Steve, Scott & Tali: Louisville, KY | Ep. 018",false,2000,660,1.0,fountain api,separate money from state,660,660,0,640,40,0
2026-07-03T14:55:41Z,20fcc48c91611a0957f8d54e4cd87926af591ca8562ac2be80c7181c225d9c67,website,localbitcoiners.com,boost,npub1a3zuwhttqgxw340qgupl24jmydnssmht05v48ecm5tvx762d358sexf24q,,bBf4IJhsERLpTYeRESOa,018,"Upping Your Meetup Game w/Steve, Scott & Tali: Louisville, KY | Ep. 018",false,5000,1650,1.0,boost receipt,"I’m in agreement with Talia…. Social interaction is the way to go.  Knowledge of Bitcoin will grow with social interaction.  Each group can grow their base through educating those members once the members show interest in certain subjects in the bitcoin ecosphere. Each member of a group will have their strengths and weaknesses and as result there are tons of opportunities. Education programs within each group can blossom if you give the members time to be a part of a social structure that shows that their friendship is valued.  IMO.  Next Cleveland Bitcoin Meetup is on July 10, 7pm at Saucy Brew Works in Cleveland. Hope to see you there",1650,1650,100,1600,0,0
2026-07-03T13:46:27Z,572a4a6058eb6e08a3849226955850f875d41a072c55bec574819bdd202f986f,zap,nostr zaps,zap,npub1uzt238htjzpq39dxmltlx60vxym9fetk9czz6kddq6fhvkf4z3usy9qtrh,,,,,true,10,10,1.0,zap receipt,,0,0,10,0,0,0
2026-07-02T23:39:55.180Z,,fountain_stream,Fountain,stream,npub1gdl92pgwnxjts7sa4q00kplegugav5a2an5s5pju7hkupmkqce4q0wfzsx,,bBf4IJhsERLpTYeRESOa,018,"Upping Your Meetup Game w/Steve, Scott & Tali: Louisville, KY | Ep. 018",false,1020,,,fountain supporters firestore,,337,337,0,326,20,
2026-07-02T23:21:27Z,47b0bb673e92ba9e46c09429cca2170cafc98a111430aa0c624e65b20b78d84f,fountain_boost,Fountain,boost,npub1gdl92pgwnxjts7sa4q00kplegugav5a2an5s5pju7hkupmkqce4q0wfzsx,,bBf4IJhsERLpTYeRESOa,018,"Local Bitcoiners • Upping Your Meetup Game w/Steve, Scott & Tali: Louisville, KY | Ep. 018",false,421,139,0.33,sat math 0.33,*no comment with boost*,139,139,0,135,8,0
2026-07-02T23:17:24.978Z,,fountain_stream,Fountain,stream,npub10xvczstpwsljy7gqd2cselvrh5e6mlerep09m8gff87avru0ryqsg2g437,,bBf4IJhsERLpTYeRESOa,018,"Upping Your Meetup Game w/Steve, Scott & Tali: Louisville, KY | Ep. 018",false,396,,,fountain supporters firestore,,130,131,0,127,8,
2026-07-02T22:20:10Z,6b4e055de628eb794ebff8e96f56ed91fc1684706d971bf99f1d6d9f8054b48b,fountain_boost,Fountain,boost,npub1h6dm833nvxz8ykmp3me6uf46agyjwgc535jfn6ew5gzl8rmmtxdq4ysge0,,bBf4IJhsERLpTYeRESOa,018,"Local Bitcoiners • Upping Your Meetup Game w/Steve, Scott & Tali: Louisville, KY | Ep. 018",false,2000,660,1.0,fountain api,"Thanks, Gents.",660,660,0,640,40,0
2026-07-02T20:51:44Z,a48bebbc6bf12643be33797d37cbd7389afb64e8318245a9bcc941cdbad72ec9,website,localbitcoiners.com,boost,,,fwonpMx88vb8z77HIuOJ,013,"Big Upsides, Small Risks: The Value of Bitcoin Meetups | Ep. 013",false,100,33,1.0,boost receipt,Great points.,33,33,34,0,0,0
2026-07-02T18:35:59Z,598df977c07ea01e56043a65f26a00d7789dd1d29be46e39904b6ed4be72b2dc,fountain_boost,Fountain,boost,npub1jxh2kga4ve8d4ftahcqtqswvk5z5f7ya0k2kx3dm679hmw4ysesqvt62rj,,bBf4IJhsERLpTYeRESOa,018,"Local Bitcoiners • Upping Your Meetup Game w/Steve, Scott & Tali: Louisville, KY | Ep. 018",false,250,83,1.0,fountain api,I think it would be neat to make a “Cards Against Humanity” type of game…Coins for Humanity? 🤔,83,82,0,80,5,0
2026-07-02T11:23:50Z,8a15cef15bde4d78ceb4014a9370b43d2cf61aa57790e943114fa83f63674065,fountain_boost,Fountain,boost,npub1z3h8afkwknffxyspvjde77sj6euy66rtyul7qlkl7f2ygktxdqasnn760f,,bBf4IJhsERLpTYeRESOa,018,"Local Bitcoiners • Upping Your Meetup Game w/Steve, Scott & Tali: Louisville, KY | Ep. 018",false,5000,1650,1.0,fountain api,Hope you guys are enjoying the Summer 🌞,1650,1650,0,1600,100,0
2026-06-30T10:44:23Z,dbd21c145e53b091d871f9a90c21e4428d6d87f2129ad724c49ede66fd054216,fountain_boost,Fountain,boost,npub1t49ker2fyy2xc5y7qrsfxrp6g8evsxluqmaq09xt7uuhhzsurm3srw4jj5,,UwNRlGvYCau5FGkyULdo,016,"Local Bitcoiners • Parallel Systems for Silent Bitcoiners w/Bit_ish: Cleveland, OH | Ep. 016",false,420,139,1.0,fountain api,I love the idea of using meetups (and any other existing concentration of bitcoiners) as distribution hubs for bitcoin products.,139,139,0,134,8,0
2026-06-30T09:12:30Z,140c23f0e61e351bdc233ec37e410adebb552faa09dc29fee4fbf71c2e630727,fountain_boost,Fountain,boost,npub1z3h8afkwknffxyspvjde77sj6euy66rtyul7qlkl7f2ygktxdqasnn760f,,Xwgh7I9uZLY08uVepuIN,017,"Local Bitcoiners • The Subjective Value of Meetups w/Clay Seal: Cincinnati, OH | Ep. 017",false,5000,1650,1.0,fountain api,"Ohio is alright, but Michigan is better. ✋🏻",1650,1650,0,1600,100,0
2026-06-26T23:02:43Z,14e233fcd8b73b3a1e04b511992a03029c0b80f2db51c960dac5669fdb02cab6,fountain_boost,Fountain,boost,npub1y3s99smcstupmj0txq3j26s7ue5qynuyjng5xle6jw5jy8jt85tq6kajjt,,Xwgh7I9uZLY08uVepuIN,017,"Local Bitcoiners • The Subjective Value of Meetups w/Clay Seal: Cincinnati, OH | Ep. 017",false,199,66,1.0,fountain api,"Sats standard is the way! 🧡 Order a Nostr Value Pack for 210,000 sats. 📈",65,66,0,64,4,0
2026-06-26T14:57:48Z,31b650ff4afb277dbcefbf7399db270aa8916b438518a2ab86797d61e88478f1,fountain_boost,Fountain,boost,npub1a3zuwhttqgxw340qgupl24jmydnssmht05v48ecm5tvx762d358sexf24q,,Xwgh7I9uZLY08uVepuIN,017,"Local Bitcoiners • The Subjective Value of Meetups w/Clay Seal: Cincinnati, OH | Ep. 017",false,5000,1650,0.33,sat math 0.33,So many great topics in this podcast.  I can relate to many of them.  Definitely start your own meetup.  Cleveland Bitcoin had two different groups going who didn’t know of each other and one day one person (Rocko) connected the dots for our group.  We instantly doubled in size.  It can happen.  Also want to mention that the longer I’ve been in bitcoin I began to actually enjoy spending sats vs only saving them.  It will sneak up on you and it becomes very satisfying.  Save them up but spend a little too.,1650,1650,0,1600,100,0
2026-06-25T20:58:49.484Z,,fountain_stream,Fountain,stream,npub1mc909r6rtu2kfmzfy9u5vzy60jlhgqgzty0jqlz0qhkdraxcypcqduvk2m,,Xwgh7I9uZLY08uVepuIN,017,"The Subjective Value of Meetups w/Clay Seal: Cincinnati, OH | Ep. 017",false,1470,,,fountain supporters firestore,,486,485,0,470,29,
2026-06-25T20:58:37Z,9513d4a5e55025bd420ed99abcace43790107058e96281675a0de8cc4a172b13,fountain_boost,Fountain,boost,npub1mc909r6rtu2kfmzfy9u5vzy60jlhgqgzty0jqlz0qhkdraxcypcqduvk2m,,Xwgh7I9uZLY08uVepuIN,017,"Local Bitcoiners • The Subjective Value of Meetups w/Clay Seal: Cincinnati, OH | Ep. 017",false,4000,1320,1.0,fountain api,"I lean into the streaming sats feature a lot, and one reason is a way to experiment with unit of account and V4V. I'm still working out my thoughts on it. I think Rev's point about velocity is somewhere in there, and I didn't have a word for it before",1320,1320,0,1280,80,0
2026-06-25T20:32:34.575Z,,fountain_stream,Fountain,stream,npub13h3hhzv20uqjsyrmj95mstdvsqae3th5a2vr7ctjal2rvpw34xvsdwa57n,,Xwgh7I9uZLY08uVepuIN,017,"The Subjective Value of Meetups w/Clay Seal: Cincinnati, OH | Ep. 017",false,1351,,,fountain supporters firestore,,446,446,0,432,27,
2026-06-25T18:00:42Z,,castamatic_stream,Castamatic,stream,,ChadF,Xwgh7I9uZLY08uVepuIN,017,"The Subjective Value of Meetups w/Clay Seal: Cincinnati, OH | Ep. 017",false,1342,443,,castamatic stream aggregate,,443,443,0,429,27,
2026-06-25T17:35:21Z,5d90c43dd095582b788b433e256e5838a5d2cce08406be42a56dbbed4e514a69,fountain_boost,Castamatic,boost,,ChadF,Xwgh7I9uZLY08uVepuIN,017,"The Subjective Value of Meetups w/Clay Seal: Cincinnati, OH | Ep. 017",false,3333,1100,1.0,castamatic api,Guest discount is a great way of thinking about someone boosting their own episode since their split just goes back to them. Also ties any message they send to their episode going forward. ,1099,1100,0,1067,67,0
2026-06-25T14:49:26Z,33d4a40e3b27ee20c17fc0a2a35e7569d8189913fb3d2ed48a0ef2f423482f23,website,localbitcoiners.com,boost,npub1zqdpzty2mshxncqqxy2078qax6mlehsxmpx5095wtxw4tpepkr0s2ce6fj,,UwNRlGvYCau5FGkyULdo,016,"Parallel Systems for Silent Bitcoiners w/Bit_ish: Cleveland, OH | Ep. 016",false,1111,368,1.0,boost receipt,Another great episode. Thanks for continuing to produce quality content,366,367,22,356,0,0
2026-06-25T14:25:50Z,fa1a1595a07e1505a72c9c50a555fcb38fd3074af50b7c8f0a44aab70fa67147,fountain_boost,Fountain,boost,,,Xwgh7I9uZLY08uVepuIN,017,"Local Bitcoiners • The Subjective Value of Meetups w/Clay Seal: Cincinnati, OH | Ep. 017",false,2500,825,1.0,fountain api,Great rip as always fellas 🫡,825,825,0,800,50,0
2026-06-25T14:09:33Z,de6e862ff02a4491eaa79c6905c933a5c188e8c81c60aaceee20917f267f2a64,fountain_boost,Fountain,boost,npub1jxh2kga4ve8d4ftahcqtqswvk5z5f7ya0k2kx3dm679hmw4ysesqvt62rj,,Xwgh7I9uZLY08uVepuIN,017,"Local Bitcoiners • The Subjective Value of Meetups w/Clay Seal: Cincinnati, OH | Ep. 017",false,101,33,1.0,fountain api,Did he say Bitlife crisis? 🤣love it,34,33,0,32,2,0
2026-06-24T23:15:15Z,3722d191a76e4ce064a09823006b08bb9151417549c351ee5957e644321bb1da,zap,nostr zaps,zap,npub1avlfy74e7pmhtc2wxjnp5v5ag59jmz6jkaeurkaqgp9segw97s9qycq6k3,,,,,true,21,21,1.0,zap receipt,🤝🏻,0,0,21,0,0,0
2026-06-24T18:10:48Z,fb37876da7e7635e0daf39e3331f6bda79d2b97e9d311f6e0a3014115e4fb3ef,zap,nostr zaps,zap,npub15ypxpg429uyjmp0zczuza902chuvvr4pn35wfzv8rx6cej4z8clq6jmpcx,,,,,true,21,21,1.0,zap receipt,BULLISH,0,0,21,0,0,0
2026-06-24T16:19:30Z,2f3b175dd6020e3646123815f324e1a2e45be6ce0dc1dcc9bfc0f355f4146ab9,zap,nostr zaps,zap,npub15ypxpg429uyjmp0zczuza902chuvvr4pn35wfzv8rx6cej4z8clq6jmpcx,,,,,true,21,21,1.0,zap receipt,BULLISH,0,0,21,0,0,0
2026-06-24T15:31:43Z,29d2853da57eb4628d83497d4ff726df236c839eca55081746a191ddeb324baa,zap,nostr zaps,zap,npub1h8ktyt8zvqc8dcpk7yh9gq6fs0csqcujlkqdwwspwgtef9ral6xqzugdky,,,,,true,21,21,1.0,zap receipt,🧡,0,0,21,0,0,0
2026-06-24T14:50:37Z,71f9f5517bc3e6e84d9103dac2f1705793a6d51fd92db9274bc29e082c8221df,zap,nostr zaps,zap,npub1lqs30x7466guvx6r2cek8z9d4hpucycy7j08wx58cwx70m206q3qrscejr,,,,,true,10,10,1.0,zap receipt,,0,0,10,0,0,0
2026-06-24T14:41:28Z,30303843aa968cca422d20180a2a7305aa00a557a16728fa9d9b95eca75c5f9e,zap,nostr zaps,zap,npub1xgyjasdztryl9sg6nfdm2wcj0j3qjs03sq7a0an32pg0lr5l6yaqxhgu7s,,,,,true,21,21,1.0,zap receipt,,0,0,21,0,0,0
2026-06-24T02:54:03Z,97078ae3c4be291facc154efd39ba6367d322b074f39865c30c4340f87346fbd,fountain_boost,Fountain,boost,npub1avlfy74e7pmhtc2wxjnp5v5ag59jmz6jkaeurkaqgp9segw97s9qycq6k3,,aelYU8CUjGDIItw7Ec20,015,"Local Bitcoiners • Privacy is Sovereignty w/Btcwrestle: Columbia, SC | Ep. 015",false,1000,330,1.0,fountain api,Thanks for matching the boost for the Samourai heroes,330,330,0,320,20,0
2026-06-23T16:00:50Z,b80dfed48159b3005b646ede8fb57222016dd8b708e49ca5b444b32e72f72df2,fountain_boost,Fountain,boost,npub1vvcxpktswmuaqr5a27u3926m036mu43wgev4rsktcntduygdn4estgp5fy,,UwNRlGvYCau5FGkyULdo,016,"Local Bitcoiners • Parallel Systems for Silent Bitcoiners w/Bit_ish: Cleveland, OH | Ep. 016",false,888,293,1.0,fountain api,"The next #bullishMarket event is on Tuesday July 21! If you have something to sell and have been thinking about attending, reserve your booth before June 30 and take advantage of the early nostrich pricing — 1000 sats for new vendors and 500 for returning. \n\nThe website has been updated so you’ll automatically be added to the Nostr calendar event. More integrations to come. Gotta keep cooking like the Local Bitcoiners!\n \nhttps://bullishmarket.onrender.com",293,293,0,284,18,0
2026-06-23T13:35:41Z,7e4cd6c15e111b145bed6a4f09acfd3ddcbe3b2c9910d9548590722bb641cbb5,website,localbitcoiners.com,boost,npub1u8umhxc4ewe7f8qvs9pxjtcs3qagnzvv5qal7kf7fq08zsuwhawqyu2gqg,,Q48WBr6nT3mrbwMZ8ydY,,Local Bitcoiners,true,300000,99000,1.0,boost receipt,Sovreign is the geek squad for bitcoiners and bitcoin companies. Come check us out at sovreign.io (spelled SOV REIGN). Thanks Rev and Reed!,99000,99000,102000,0,0,102000
2026-06-22T21:29:23Z,c6c64ee9f6834c480f294f5619b104762cf45666248add1083d802f85b0ff41c,zap,nostr zaps,zap,npub1f4qf8gnnqjqdd5l748zesc49jj3mz8c9350y3544ajem6s77wsrsrwl37g,,,,,true,10,10,1.0,zap receipt,Feeling lucky? Try bitcoin solo mining,0,0,10,0,0,0
2026-06-22T18:52:16Z,e2275cb7a25adf289728009922464e2598bad7d0c8f6f46edc013164c1ee17c1,zap,nostr zaps,zap,npub1jxh2kga4ve8d4ftahcqtqswvk5z5f7ya0k2kx3dm679hmw4ysesqvt62rj,,,,,true,5,5,1.0,zap receipt,,0,0,5,0,0,0
2026-06-22T14:02:20Z,6b9b57a1e63387933807dabf5ad91e84cd99306561e922e5dbcb35ab6133b6df,fountain_boost,Fountain,boost,npub13q8evu294dnt20vacfuagj5hy2agwhfr93el8h68qlg708zrxm8qnd6vpv,,UwNRlGvYCau5FGkyULdo,016,"Local Bitcoiners • Parallel Systems for Silent Bitcoiners w/Bit_ish: Cleveland, OH | Ep. 016",false,2121,700,1.0,fountain api,Great rip gents. @sourcenode actually does deserve the credit for the @sovreign boost but it was an intentional zapvertising with you guys. Nice to see nostr:npub13cnlldwfhwxd6qf34hnwlfya2m2qrd2zfk0alxnrup6d2fasw9wqxwkzpe on the show too. Cheers.,700,700,0,679,42,0
2026-06-22T12:18:07Z,f16eebef94e14bb9a8db2b513292b89e4d853a57c6051ae90d99add25afefb14,zap,nostr zaps,zap,npub1uzt238htjzpq39dxmltlx60vxym9fetk9czz6kddq6fhvkf4z3usy9qtrh,,,,,true,121,121,1.0,zap receipt,,0,0,121,0,0,0
2026-06-21T17:12:33Z,e19ae0412cb102733eb1d16d100290291360243fbeef8f8efab653701e0cb5b7,fountain_boost,Fountain,boost,npub1avlfy74e7pmhtc2wxjnp5v5ag59jmz6jkaeurkaqgp9segw97s9qycq6k3,,UwNRlGvYCau5FGkyULdo,016,"Local Bitcoiners • Parallel Systems for Silent Bitcoiners w/Bit_ish: Cleveland, OH | Ep. 016",false,500,165,1.0,fountain api,*no comment with boost*,165,165,0,160,10,0
2026-06-21T13:47:05.816Z,,fountain_stream,Fountain,stream,,behybr,UwNRlGvYCau5FGkyULdo,016,"Local Bitcoiners • Parallel Systems for Silent Bitcoiners w/Bit_ish: Cleveland, OH | Ep. 016",false,440,,,fountain supporters firestore,,145,145,0,141,9,
2026-06-20T02:19:32Z,4e46d979157a8edcc36a17dcb050a0c3320605818e3c33e4af84f4b3646184bd,website,localbitcoiners.com,boost,npub1hk972k30rzux0etmqqkvz4f4gpmgsgyyk7c4yg2njhxtjxnyqqsq4kv0pw,,Mb8UVvZvDOoSxUobeHzq,014,"Permaculture for Bitcoin Culture w/Sourcenode: Greenville, SC | Ep. 014",false,420,140,1.0,boost receipt,,139,139,8,134,0,0
2026-06-20T00:11:05.756Z,,fountain_stream,Fountain,stream,npub1lldaex9dr9u2wy5cnezu0krhughxjdy5mw8rudvn5xxcsystkvrs56meh9,,PyYiZvwjQw13umitWd3D,001,"001. Starting and Growing Meetups | Western MA and South Bend, IN",false,3315,,,fountain supporters firestore,,1094,1094,1061,0,66,
2026-06-19T22:55:52Z,a95899a6c1934ef919f1c119233f75cb02d6df7922c84c825fb09b17e12466ce,zap,nostr zaps,zap,npub1p7dcnhs7yqy4785gkcfk2cgv99hxm35afdzm7arm90em63q4nl4sfg6cpu,,,,,true,10,5,0.5,zap receipt,OP_RETURN your forever message here,0,0,5,0,0,0
2026-06-19T14:52:44Z,e099d08d43fb86307bec7bbdce683b29fee2278908f6d56001d5afa80f19489e,website,localbitcoiners.com,boost,npub1ynn5qnnc95qaqjejrtyazfdgutlxvme3djywe6s9wg76k68s37sqsl2qfd,,Q48WBr6nT3mrbwMZ8ydY,,Local Bitcoiners,true,420,138,1.0,boost receipt,Boosting my meetup from https://localbitcoiners.com/meetups\n\nnostr:naddr1qvzqqqrukvpzqf88gp88stgp6p9nyxkf6yj63ch7vehnzmygan4q2u3a4d50praqqqgxzefnxd3k2wpkvenrserrx9snjtkv608,139,139,142,0,0,0
2026-06-19T14:03:15.671Z,,fountain_stream,Fountain,stream,npub13h3hhzv20uqjsyrmj95mstdvsqae3th5a2vr7ctjal2rvpw34xvsdwa57n,,UwNRlGvYCau5FGkyULdo,016,"Local Bitcoiners • Parallel Systems for Silent Bitcoiners w/Bit_ish: Cleveland, OH | Ep. 016",false,1227,,,fountain supporters firestore,,404,405,0,393,25,
2026-06-19T11:54:07Z,f9aafbf764ae66db29e3b52fd31757d9fdb491bc74bea2f71120e82c8cb2f8b7,fountain_boost,Fountain,boost,npub1zgy6k5c8qdw3zjvhwf6gjyqcpsdq7jgd8lndsjzpfvtfqykkj65smuswzn,,UwNRlGvYCau5FGkyULdo,016,"Local Bitcoiners • Parallel Systems for Silent Bitcoiners w/Bit_ish: Cleveland, OH | Ep. 016",false,500,165,1.0,fountain api,"I truly believe first-time attendees at meetups is the strongest signal we have! Great episode with bit_ish. Any listeners planning to visit London, reach out to me!",165,165,0,160,10,0
2026-06-19T10:54:15Z,b323dd156eafe12bc2f9799de57736c6bfdf0ab77af30e773fd8b16572069e26,fountain_boost,Fountain,boost,npub1jxh2kga4ve8d4ftahcqtqswvk5z5f7ya0k2kx3dm679hmw4ysesqvt62rj,,UwNRlGvYCau5FGkyULdo,016,"Local Bitcoiners • Parallel Systems for Silent Bitcoiners w/Bit_ish: Cleveland, OH | Ep. 016",false,101,33,1.0,fountain api,"Must be the name, I always assumed nostr:npub13cnlldwfhwxd6qf34hnwlfya2m2qrd2zfk0alxnrup6d2fasw9wqxwkzpe was British 🤭",34,33,0,32,2,0
2026-06-19T01:08:33Z,b103303e71105cab172a7db829055790296f8368d4684411d1b4b7593d8a5230,zap,nostr zaps,zap,npub1lldaex9dr9u2wy5cnezu0krhughxjdy5mw8rudvn5xxcsystkvrs56meh9,,,,,true,42,21,0.5,zap receipt,Onward 🫡,0,0,21,0,0,0
2026-06-19T00:38:27Z,eb211534d73d4d3f63c27d459dab1c5ba3d058287c4d78339ef983423da48422,fountain_boost,Fountain,boost,npub1lldaex9dr9u2wy5cnezu0krhughxjdy5mw8rudvn5xxcsystkvrs56meh9,,PyYiZvwjQw13umitWd3D,001,"Local Bitcoiners • 001. Starting and Growing Meetups | Western MA and South Bend, IN",false,1000,330,1.0,fountain api,*no comment with boost*,330,330,320,0,20,0
2026-06-18T17:06:07Z,0815f5f95547f91ebb652128be1be229f9445908544d338a7dc04e95126e70ae,fountain_boost,Fountain,boost,npub1srqgvupkre8hggp5new59qdnpgr9lhnz23yf78p9tdrqraq04pwq9hpxxh,,UwNRlGvYCau5FGkyULdo,016,"Local Bitcoiners • Parallel Systems for Silent Bitcoiners w/Bit_ish: Cleveland, OH | Ep. 016",false,500,165,1.0,fountain api,*no comment with boost*,165,165,0,160,10,0
2026-06-18T16:14:04Z,924e17af9cd17e357d66317b6d25e3e706e32e55a795ba872952ca93976827e6,fountain_boost,Fountain,boost,npub15rp8pt5u4r8m5yavdceuzsr8zcah0jtwwpfu2nmp22ss3yjawn3qhtdruw,,aelYU8CUjGDIItw7Ec20,015,"Local Bitcoiners • Privacy is Sovereignty w/Btcwrestle: Columbia, SC | Ep. 015",false,100,33,1.0,fountain api,Guess this is an area I don't understand. What's the advantage of buying from robosats/bisq & running through Whirlpool vs exchange run through Whirlpool? Just an extra layer of disconnection?,33,33,0,32,2,0
2026-06-18T14:48:26Z,1c71ab3ae76fce2a8b4fa8aff183a3e54bd057094e6e1fcc2085f456927ba8ed,fountain_boost,Fountain,boost,npub1z3h8afkwknffxyspvjde77sj6euy66rtyul7qlkl7f2ygktxdqasnn760f,,UwNRlGvYCau5FGkyULdo,016,"Local Bitcoiners • Parallel Systems for Silent Bitcoiners w/Bit_ish: Cleveland, OH | Ep. 016",false,5000,1650,1.0,fountain api,"Signal BIP 110 this summer on your Bitcoin node. It's happening at block 961632, right now we're at block height 954260. There's lots of cool DIY nodes you can make, or run something through a cloud service. Just have fun with it.",1650,1650,0,1600,100,0
2026-06-18T14:12:01Z,25cb23705a8ec5e0273d77216e39e517e4b6519446f0a6bec5c2a8ed7066c262,fountain_boost,Fountain,boost,npub1y3s99smcstupmj0txq3j26s7ue5qynuyjng5xle6jw5jy8jt85tq6kajjt,,UwNRlGvYCau5FGkyULdo,016,"Local Bitcoiners • Parallel Systems for Silent Bitcoiners w/Bit_ish: Cleveland, OH | Ep. 016",false,199,66,1.0,fountain api,"My feedback from a year with the CLE bitcoiners: too much fun 🍻, not enough education 📚. Glad to hear some changes are happening. 👍",65,66,0,64,4,0
2026-06-18T12:29:09Z,d2bca8ac5ed063a78f78c83141008e1ca7af429980b528d2f34f1b9868b40814,website,localbitcoiners.com,boost,npub1a3zuwhttqgxw340qgupl24jmydnssmht05v48ecm5tvx762d358sexf24q,,UwNRlGvYCau5FGkyULdo,016,"Parallel Systems for Silent Bitcoiners w/Bit_ish: Cleveland, OH | Ep. 016",false,5000,1650,1.0,boost receipt,Thanks for having Bitish on guys!  He’s a Cleveland Bitcoin OG and a hell of a good guy!  Great job as always when the podcast!,1650,1650,100,1600,0,0
2026-06-18T04:41:35Z,0f213a2c92e4f48486a4db6f43320b70b8003ac97afbc44ac6d96374c1008a66,website,localbitcoiners.com,boost,npub1zqdpzty2mshxncqqxy2078qax6mlehsxmpx5095wtxw4tpepkr0s2ce6fj,,UwNRlGvYCau5FGkyULdo,016,"Parallel Systems for Silent Bitcoiners w/Bit_ish: Cleveland, OH | Ep. 016",false,1111,368,1.0,boost receipt,Every episode is interesting and full of useful content. I end up following every guest that I wasn't aware of previously. The community is growing and it is a beautiful thing to watch.,366,367,22,356,0,0
2026-06-18T01:08:26Z,5f628299468dd945b391a39fe844741cf1f478db7f744bf2cfe05e1f0d6049b5,fountain_boost,BoostMeBitch,boost,,P13b 'N F10w,,,,false,500,166,1.0,tardbox,I started listening from the very beginning. Love the content. I am inspired to start a meetup in my area. It is dead out here. I just feel like I am too much of a newb in the space. Imposter syndrome,165,165,160,0,10,0
2026-06-17T23:02:51Z,5241bcbdd055dd0251ea2a284b87901fb20c090a608ef8e0a25b078a10734441,keysend,Podcast Index,boost,,ChadF,UwNRlGvYCau5FGkyULdo,016,"Parallel Systems for Silent Bitcoiners w/Bit_ish: Cleveland, OH | Ep. 016",false,333,110,1.0,keysend boostagram,toast,109,110,0,107,7,0
2026-06-17T22:57:56Z,3f0f7587330d6da388007881650b209dd6a0388ba99be44d421fa7d4603756ea,keysend,CurioCaster,boost,,ChadF,UwNRlGvYCau5FGkyULdo,016,"Parallel Systems for Silent Bitcoiners w/Bit_ish: Cleveland, OH | Ep. 016",false,333,109,1.0,keysend boostagram,Might as well test curiocaster while I'm at it.,109,110,0,107,7,0
2026-06-17T22:49:44Z,db6f6d12913c96416cd927ecbf4485d98965b2131a0853047fa80b2f15b5545a,keysend,PodcastGuru,boost,,ChadF,UwNRlGvYCau5FGkyULdo,016,"Parallel Systems for Silent Bitcoiners w/Bit_ish: Cleveland, OH | Ep. 016",false,333,105,1.0,keysend boostagram,👀,109,110,0,107,7,0
2026-06-17T22:47:40Z,70dfef9a29877163612de39e4d317627ff1ee1cde16b52682a2a9d43a23f630d,fountain_boost,Castamatic,boost,,ChadF,UwNRlGvYCau5FGkyULdo,016,"Parallel Systems for Silent Bitcoiners w/Bit_ish: Cleveland, OH | Ep. 016",false,333,110,1.0,castamatic api,Very sneaky Reed... I was about to fix the issue with Castamatic messages not being shown but you beat me to it. 👀,109,110,0,107,7,0
2026-06-17T21:28:55Z,8b3c350ca194146b9f050e5df6eaafc797ab6e05e8f8ed50ceea9fcb47750be5,fountain_boost,Fountain,boost,npub15604np6ccsk7ugph4nrg7kyq7kpme9lmcn4l0q2xk4yd5d6puu2s00dr0u,,UwNRlGvYCau5FGkyULdo,016,"Local Bitcoiners • Parallel Systems for Silent Bitcoiners w/Bit_ish: Cleveland, OH | Ep. 016",false,1237,408,1.0,fountain api,Thank you gentlemen,408,408,0,396,25,0
2026-06-17T20:33:36Z,,castamatic_stream,Castamatic,stream,,ChadF,UwNRlGvYCau5FGkyULdo,016,"Parallel Systems for Silent Bitcoiners w/Bit_ish: Cleveland, OH | Ep. 016",false,2750,914,,castamatic stream aggregate,,907,908,0,880,55,
2026-06-17T19:30:04Z,640078609e4eb5c34524bb1b9b474ccd7988bd1c0f7cebc51d61047b67ff00c8,fountain_boost,Castamatic,boost,,ChadF,UwNRlGvYCau5FGkyULdo,016,"Parallel Systems for Silent Bitcoiners w/Bit_ish: Cleveland, OH | Ep. 016",false,333,110,1.0,castamatic api,If a guest boost their own episode it should subtract from the total and not add. 😂\n\nLooking at you SirSpencer,109,110,0,107,7,0
2026-06-17T19:15:21Z,b403733199c43fa5b8fc95c60c470f827030e5ec578cb9162c09a5efede1d7a0,fountain_boost,Castamatic,boost,,ChadF,UwNRlGvYCau5FGkyULdo,016,"Parallel Systems for Silent Bitcoiners w/Bit_ish: Cleveland, OH | Ep. 016",false,333,110,1.0,castamatic api,Boosting for the hot keysend talk. ,109,110,0,107,7,0
2026-06-17T18:02:44Z,bde73043f9d7bf70c1db854ffdddd3c5ba28fe9fb1964b7ddfffea792ee47df7,fountain_boost,Castamatic,boost,,ChadF,UwNRlGvYCau5FGkyULdo,016,"Parallel Systems for Silent Bitcoiners w/Bit_ish: Cleveland, OH | Ep. 016",false,333,110,1.0,castamatic api,Boost to beer pipeline is something I can get behind. ,109,110,0,107,7,0
2026-06-17T18:01:45Z,3ecac9c3051b998097f5148863c7704ccb53c325bf595c5d0451a2b260b9af22,fountain_boost,Castamatic,boost,,ChadF,UwNRlGvYCau5FGkyULdo,016,"Parallel Systems for Silent Bitcoiners w/Bit_ish: Cleveland, OH | Ep. 016",false,3333,1100,1.0,castamatic api,Hello Cleveland!! I know Bitish from his work in V4V music. 🎸🥁🎤,1099,1100,0,1067,67,0
2026-06-17T17:54:03Z,d5a56c97eb7550770de3d93905561ae689e33c1d8aaa04eb315ce0d3c388b8cc,zap,nostr zaps,zap,npub1lhuex5pzy833ekxpvdmjz9k6rvv5763e4h2cgdfsx62egu0wk6hs7yd2ck,,,,,true,21000,21000,1.0,zap receipt,"Connect parallel systems and supercharge the flywheel! It can start with a small single individual action. No excuses, attend a local meetup now!",0,0,21000,0,0,0
2026-06-17T11:24:02Z,c6461f503c962749438875354ed093597ca86b905533e1b5eb2dd1744237a270,zap,nostr zaps,zap,npub1jxh2kga4ve8d4ftahcqtqswvk5z5f7ya0k2kx3dm679hmw4ysesqvt62rj,,,,,true,5,5,1.0,zap receipt,,0,0,5,0,0,0
2026-06-17T11:10:41Z,dca6c532e8da671743a171e076f2880be78bb95c27302edc3c1b4994c406a7eb,website,localbitcoiners.com,boost,npub1u8umhxc4ewe7f8qvs9pxjtcs3qagnzvv5qal7kf7fq08zsuwhawqyu2gqg,,aelYU8CUjGDIItw7Ec20,015,"Privacy is Sovereignty w/Btcwrestle: Columbia, SC | Ep. 015",false,200000,66000,1.0,boost receipt,"Sovreign focuses on helping individuals, families, and companies integrate Bitcoin into their personal and professional lives with confidence; recognizing the crucial role it plays in the broader economic picture. If you want to dig deeper into self custody, node running, or point of sale implementation, Sovreign has your back. Thanks to all the meetup organizers out there for keeping the grass roots bitcoin ethos alive! \n\nGo to sovreign.io (spelled SOV REIGN) for support on your bitcoin journey.",66000,66000,4000,64000,0,0
2026-06-16T22:08:14Z,c9fdd53475490c81563287923a01170bba6dd9a30c1af1c9ab3f5970ed880007,zap,nostr zaps,zap,npub1dgpt04w4c88wc0g262xaw8zvlm4mvwtmjhl0tn2sxtyjywsn6q4qt8ka3a,,,,,true,13,13,1.0,zap receipt,,0,0,13,0,0,0
2026-06-16T21:56:00Z,15a871c5454e1cf61ff19dfad8732db30479cad27f5148f7de0b9a906af29dfc,zap,nostr zaps,zap,npub1cwhy4k8qd2guyqz8t45u4yzyp4k4fhnjn573ukh6e77mde2dgm9s2lujc5,,,,,true,13,13,1.0,zap receipt,💜,0,0,13,0,0,0
2026-06-16T21:49:51Z,b924f99875f4ba898aa57fbd3fddb0c576171d52c97245ffebc34f06a210ab0a,zap,nostr zaps,zap,npub15ypxpg429uyjmp0zczuza902chuvvr4pn35wfzv8rx6cej4z8clq6jmpcx,,,,,true,21,21,1.0,zap receipt,BULLISH,0,0,21,0,0,0
2026-06-16T18:18:53Z,06c8bcdd2c1fe5aa96734b2c3080195e99d27a7536840b10ef5a57d46acd214a,fountain_boost,Fountain,boost,npub1vvcxpktswmuaqr5a27u3926m036mu43wgev4rsktcntduygdn4estgp5fy,,aelYU8CUjGDIItw7Ec20,015,"Local Bitcoiners • Privacy is Sovereignty w/Btcwrestle: Columbia, SC | Ep. 015",false,222,73,1.0,fountain api,"Come visit the #bullishMarket on Sunday June 21 from 9-10 AM Central. A virtual farmers market event where we use bitcoin as money. There will be tunes, auctions, door prizes, a bitcoin faucet, and, most importantly, amazing products from Nostr merchants. If you decide to buy something, post about it on Nostr and tag #bullishMarket for a 1000 sat zap! ⚡️",74,73,0,71,4,0
2026-06-15T23:31:10Z,d9c8b300893b2d8e8bc35c38671a7b7238695e8e891889eaf0e840ceea4c35b6,zap,nostr zaps,zap,npub1jcympy69pht7ptan39se4nd09e4q66qhey649uu3rczm2zh88c7s0n2890,,,,,true,42,42,1.0,zap receipt,Onward 🫡,0,0,42,0,0,0
2026-06-15T22:04:36Z,0b3c2a026e3cd76813742baf4715ad891714099187efced0b538445a40eb5db8,zap,nostr zaps,zap,npub1jxh2kga4ve8d4ftahcqtqswvk5z5f7ya0k2kx3dm679hmw4ysesqvt62rj,,,,,true,5,5,1.0,zap receipt,,0,0,5,0,0,0
2026-06-15T19:32:44Z,2296fb02f7ac1feb660c9e6b7f788e71f774ae2025152dca383d34f898fd6a8b,zap,nostr zaps,zap,npub1g3pt9825lvry8pefj0m7np663hwgwxzn54zw45u5xn46ne98zfvq5fe834,,,,,true,1000,333,0.333333,zap receipt,Coffee on me ☕,0,0,333,0,0,0
2026-06-15T17:27:45Z,8dc67c4e2e499b5dc45c3fc66c1e9afb88733a9fbbf7f512ffdd15f212b32028,zap,nostr zaps,zap,npub105d309x75gk4zmdvd9lzch3m89veky4hc6cw57cndvfj33aqs38qmyuhce,,,,,true,21,21,1.0,zap receipt,Great post 👍,0,0,21,0,0,0
2026-06-15T17:18:27Z,f7d952dbe4ea240e73cdc660600618068804303817c044a6492d0047bcdc13c2,zap,nostr zaps,zap,npub15ypxpg429uyjmp0zczuza902chuvvr4pn35wfzv8rx6cej4z8clq6jmpcx,,,,,true,21,21,1.0,zap receipt,BULLISH,0,0,21,0,0,0
2026-06-14T19:32:38Z,d2d2d9449d03e8feab5e3d16726a2933f10f32c4d3aa87f7433a9193edf073d1,fountain_boost,Fountain,boost,npub1t49ker2fyy2xc5y7qrsfxrp6g8evsxluqmaq09xt7uuhhzsurm3srw4jj5,,Mb8UVvZvDOoSxUobeHzq,014,"Local Bitcoiners • Permaculture for Bitcoin Culture w/Sourcenode: Greenville, SC | Ep. 014",false,420,139,1.0,fountain api,"Even more than the norm on nostr, I was struck by how much calmer the conversations are on Stacker News than is typical on social media.",139,139,0,134,8,0
2026-06-14T01:17:24Z,b55a269aad3be54f46ae174a50a10723316125f4c97527d89a5fa1705074209e,website,localbitcoiners.com,boost,npub1hsgepx397hx2fujq5dvzgwynpt4hnnjfhlq4vqjdntlxku67vt6s85gyeh,,PfxSpLSelb60eIHqjiSC,002,"Meetups are the Ultimate Web of Trust: Jersey City, NJ | Ep. 002",false,105000,34650,1.0,boost receipt + out-of-band backfill to 105000,"Escape to The Listening Loft Cabin in Wilmington, Vermont! A modern 2-bedroom retreat featuring a signature vinyl record listening loft, luxury bedding, and a peaceful deck. Perfect for skiing at Mount Snow or a relaxing getaway. Pay in Bitcoin and get 20% off. Visit listeningcabin.com for more information!",34650,34650,18900,16800,0,0
2026-06-13T18:20:32Z,8d6f2abee59bfea26351acdde615c2f2775b7755fde046813d4b9cbca719913f,zap,nostr zaps,zap,npub1jxh2kga4ve8d4ftahcqtqswvk5z5f7ya0k2kx3dm679hmw4ysesqvt62rj,,,,,true,5,5,1.0,zap receipt,,0,0,5,0,0,0
2026-06-13T15:38:37Z,af7b08d1a85e1da61b2e6ffb6e53774fa9c2b98a6e5c6aaf637abfd6dd87f227,zap,nostr zaps,zap,npub1uzt238htjzpq39dxmltlx60vxym9fetk9czz6kddq6fhvkf4z3usy9qtrh,,,,,true,10,10,1.0,zap receipt,,0,0,10,0,0,0
2026-06-13T12:58:45Z,a2831ac65db980d0c91f71f26066bb618c20c1ba5ff737ef179d55563323b885,fountain_boost,Fountain,boost,npub1g9ysswt67fnyqfrsgtd8l9p0eyccxlydn5eq0cn3evhm9w7e5nkssvzlky,,aelYU8CUjGDIItw7Ec20,015,"Local Bitcoiners • Privacy is Sovereignty w/Btcwrestle: Columbia, SC | Ep. 015",false,2121,700,1.0,fountain api,"Here is a free tool for people running bitcoin events to get the word out and save time - primarily for posting on Twitter/X. The idea is that you already put the time in to get your event on Luma, Meetup, or Satlantis. Paste that event link into the tool and it creates posts for Twitter as well as Nostr. https://orangedaddocs.github.io/event-megaphone",700,700,0,679,42,0
2026-06-13T11:04:17Z,48aa627a46cca6546bcbe4a695cb35b751bee52faa17e5feed283071248161e7,fountain_boost,Fountain,boost,npub15rnr0y725evntjc8whryzfgqptts5tezthq28arpea6q20tdm5gq62z5dt,,aelYU8CUjGDIItw7Ec20,015,"Local Bitcoiners • Privacy is Sovereignty w/Btcwrestle: Columbia, SC | Ep. 015",false,500,165,1.0,fountain api,"Would you give this economic model for a small UBI for all citizens a read please. It’s not an income replacement, rather an enhancement for all. Something to smooth over the transition AI is going to cause. Your critical eye would be welcome. Cheers. WTF \n\nhttps://www.patreon.com/scottsantens/posts/160333861?utm_campaign=postshare_fan",165,165,0,160,10,0
2026-06-13T06:00:36Z,e8c5e8c07f24e17b14579aa557ae630fe56a8d3ab536129960dd1e61b1d94083,fountain_boost,Fountain,boost,npub15wzuy60l6p2kg8pr2juvw4jw0ctaexyyar8qzamcvwx4kk6pdcvq07skp8,,tnzABSDublkUNKnbIbMA,010,Local Bitcoiners • Evolution & Development of a Meetup: Niagara Canada | Ep. 010,false,133,44,1.0,fountain api,*no comment with boost*,43,44,0,43,3,0
2026-06-13T00:57:05Z,b11b76f70c03bf558ff91671c6ef10c640bfa5aa34961119d192d6b4da10359d,zap,nostr zaps,zap,npub1f4qf8gnnqjqdd5l748zesc49jj3mz8c9350y3544ajem6s77wsrsrwl37g,,,,,true,10,5,0.5,zap receipt,bitcoin solo mining pay with lightning ⚡️,0,0,5,0,0,0
2026-06-12T21:23:59Z,0b729b1e410707eaaa1f67f9b8ecc876e975654fe92a52ae7ed5377e95f1af12,zap,nostr zaps,zap,npub1grzq7wnhxmvjdjetln7crn6sa44qexmelmqcl47tczehruejacuslqxjr9,,,,,true,10,5,0.5,zap receipt,Zapvertise from 10 sats,0,0,5,0,0,0
2026-06-12T18:53:20Z,36b37fe1e1bda49d3ddf18dba0ca4886a7f60c0c546f3f16377397e5adb31aed,zap,nostr zaps,zap,npub1qspus6smkn8mcdxg5jflh50s69vdgtwsd5p74gmjpzp2qekn5duqfv5afj,,,,,true,10,5,0.5,zap receipt,nostr:nevent1qqsrkmrnqtnczwl8p2kyturaxl6rv6j9xhcsenc7dchumxjcgxjn59qpzemhxue69uhkummnw3ex2mrfw3jhxtn0wfnj7q3qqspus6smkn8mcdxg5jflh50s69vdgtwsd5p74gmjpzp2qekn5duqxpqqqqqqz73e6lx,0,0,5,0,0,0
2026-06-12T17:37:32Z,77190e3e3c7dfc3936b6920be904097bc7d1e0152ab3c740746f566a7ab090b6,website,localbitcoiners.com,boost,npub1f5pre6wl6ad87vr4hr5wppqq30sh58m4p33mthnjreh03qadcajs7gwt3z,,Q48WBr6nT3mrbwMZ8ydY,,Local Bitcoiners,true,210,69,1.0,boost receipt,Southwest Michigan Bitcoin Meetup is the third Thursday every month! Next meetup is June 18. Post your meetups at localbitcoiners.com/meetups!\n\nnostr:naddr1qvzqqqrukvpzqngz8n5al4660uc8tw8guzzqpzlp0g0h2rrrkh08y8nwlzp6m3m9qyt8wumn8ghj7ur4wfcxcetjv4kxz7fwvdhk6tcpz4mhxue69uhhyetvv9ujuerpd46hxtnfduhszrnhwden5te0dehhxtnvdakz7qqs8pjx2ce4v43rxdp4893ngep5xc6t0pld,69,69,72,0,0,0
2026-06-12T17:32:50Z,074b6d2060d49a2aa6b6d29ba77841b57a42d921e6b6b2dfda7ceef863c6b5ce,website,localbitcoiners.com,boost,npub1f5pre6wl6ad87vr4hr5wppqq30sh58m4p33mthnjreh03qadcajs7gwt3z,,Q48WBr6nT3mrbwMZ8ydY,,Local Bitcoiners,true,210,69,1.0,boost receipt,South Bend Indiana Bitcoin Meetup is the first Thursday every month! Next meetup is July 2. Post your meetups at localbitcoiners.com/meetups!\n\nnostr:naddr1qvzqqqrukvpzqngz8n5al4660uc8tw8guzzqpzlp0g0h2rrrkh08y8nwlzp6m3m9qyt8wumn8ghj7ur4wfcxcetjv4kxz7fwvdhk6tcpz4mhxue69uhhyetvv9ujuerpd46hxtnfduhszrnhwden5te0dehhxtnvdakz7qqsx9jnyvnzxqcnsvfcx33k2c3evy25l2fa,69,69,72,0,0,0
2026-06-12T13:05:35Z,5f108f62bd160e17f1b5b2a429a49cf157d747024cc6721015e1670a6c1da81f,zap,nostr zaps,zap,npub1jxh2kga4ve8d4ftahcqtqswvk5z5f7ya0k2kx3dm679hmw4ysesqvt62rj,,,,,true,5,5,1.0,zap receipt,,0,0,5,0,0,0
2026-06-12T10:17:50Z,81f758f4769e4a08201da3957f6a9dd6a78119a0975bf7b0457a60f0f52710c3,fountain_boost,Fountain,boost,npub1jxh2kga4ve8d4ftahcqtqswvk5z5f7ya0k2kx3dm679hmw4ysesqvt62rj,,aelYU8CUjGDIItw7Ec20,015,"Local Bitcoiners • Privacy is Sovereignty w/Btcwrestle: Columbia, SC | Ep. 015",false,101,33,1.0,fountain api,Good morning and thanks again 💜🧡🎧,34,33,0,32,2,0
2026-06-11T18:31:15.771Z,,fountain_stream,Fountain,stream,npub13h3hhzv20uqjsyrmj95mstdvsqae3th5a2vr7ctjal2rvpw34xvsdwa57n,,aelYU8CUjGDIItw7Ec20,015,"Local Bitcoiners • Privacy is Sovereignty w/Btcwrestle: Columbia, SC | Ep. 015",false,1211,,,fountain supporters firestore,,399,400,0,388,24,
2026-06-11T18:19:20Z,05a8d6cb00cc76a328481998b6f19c72008b5554f3dce3e7f9a6d341d129cca5,website,localbitcoiners.com,boost,npub1xgyjasdztryl9sg6nfdm2wcj0j3qjs03sq7a0an32pg0lr5l6yaqxhgu7s,,aelYU8CUjGDIItw7Ec20,015,"Privacy is Sovereignty w/Btcwrestle: Columbia, SC | Ep. 015",false,100,33,1.0,boost receipt,Testing new bug fixes,33,33,2,32,0,0
2026-06-11T16:23:55Z,5debc0b2c158d925b3dd329896bfba3430e7b1d0c98fd574853305081ed5cc4f,website,localbitcoiners.com,boost,npub1zqdpzty2mshxncqqxy2078qax6mlehsxmpx5095wtxw4tpepkr0s2ce6fj,,Q48WBr6nT3mrbwMZ8ydY,,Local Bitcoiners,true,209,69,0.33,rss split 0.33,Shout out to the Comox Valley Meetup. It was a great experience. It was my first time and everyone was very gentle with me. Looking forward to doing it again.,69,69,71,0,0,
2026-06-11T16:14:47Z,9e946408f44b8e0b5d87aa9a111f5ec1acab81b1278382dcde72b649dd783e9c,website,localbitcoiners.com,boost,npub1z3h8afkwknffxyspvjde77sj6euy66rtyul7qlkl7f2ygktxdqasnn760f,,aelYU8CUjGDIItw7Ec20,015,"Privacy is Sovereignty w/Btcwrestle: Columbia, SC | Ep. 015",false,5000,1650,1.0,30078 amount_total,"First Thursday of the month Troy meetup is happening at the Orange Pill Pharmacy. Thursday, July 2nd 298 Town Center Dr. Troy, MI. 7-9 PM",1650,1650,100,1600,0,
2026-06-11T14:30:07Z,8871f4dc4b01ccf7861ed89e5d91c65937bff08adbbfd902be8fba23af4f8e90,fountain_boost,Fountain,boost,npub1srqgvupkre8hggp5new59qdnpgr9lhnz23yf78p9tdrqraq04pwq9hpxxh,,aelYU8CUjGDIItw7Ec20,015,"Local Bitcoiners • Privacy is Sovereignty w/Btcwrestle: Columbia, SC | Ep. 015",false,500,165,1.0,fountain api,No message. Just value,165,165,0,160,10,
2026-06-11T02:58:15Z,e18bf0635e50ec7de8df3aa0951b88629cc01140a6f9ff1987e71d264968baae,fountain_boost,Fountain,boost,npub1gwac0cnpv6kpud92qexz60474x0mwvk2ut35wt6acc5azykvnjuqne97aw,,aelYU8CUjGDIItw7Ec20,015,"Local Bitcoiners • Privacy is Sovereignty w/Btcwrestle: Columbia, SC | Ep. 015",false,121,40,0.33,sat math 0.33,Great rip,40,40,0,39,2,
2026-06-11T02:34:05Z,41241e2be76a080b9629f196d424addee4b995ce7519369677620d9650c687d0,website,localbitcoiners.com,boost,npub1xgyjasdztryl9sg6nfdm2wcj0j3qjs03sq7a0an32pg0lr5l6yaqxhgu7s,,yKaKx7ddLE6lW06ZvGAb,009,Growing Slow Builds Strong Communities: KC Bitcoiners | Ep. 009,false,494,163,0.33,kind 30078 + sat math 0.33,Hey nostr:npub177fz5zkm87jdmf0we2nz7mm7uc2e7l64uzqrv6rvdrsg8qkrg7yqx0aaq7 (ChadF) how are my NIP-73 GUID tags lookin 👀 Thank you for the PR!,163,163,10,158,0,
2026-06-11T02:17:17Z,ea71c5ee029bb5c5311ad655842c0d2620a9d33cd4a197d306b48268e789ce10,website,localbitcoiners.com,boost,npub1xgyjasdztryl9sg6nfdm2wcj0j3qjs03sq7a0an32pg0lr5l6yaqxhgu7s,,fwonpMx88vb8z77HIuOJ,013,"Big Upsides, Small Risks: The Value of Bitcoin Meetups | Ep. 013",false,100,33,0.33,kind 30078 + sat math 0.33,Boost testing: new features are being built on localbitcoiners.com,33,33,34,0,0,
2026-06-11T00:25:31Z,c36b4491d983d2b08426d308f69e4d4dd31b0d0fda320dbaa981e85957595df0,fountain_boost,Fountain,boost,,btcwrestle,aelYU8CUjGDIItw7Ec20,015,"Local Bitcoiners • Privacy is Sovereignty w/Btcwrestle: Columbia, SC | Ep. 015",false,69421,22909,0.33,sat math 0.33,"Attend your local meetup and if there isn't one in your area, start one! \n\nLocal Bitcoiners is an essential part of my 40HPW\n\n\n\nnpub1q8ks84vvjr9gyqs6mwnr6s8q4esaff3e60nykzzm6xtkmjns7dfqyhp6gc",22909,22909,0,22215,1388,
2026-06-10T23:08:27Z,62e24cd57e90a2f2ccdd34df2006471eaf84164db2e4fb4ea7198494297739a7,zap,nostr zaps,zap,npub1dgpt04w4c88wc0g262xaw8zvlm4mvwtmjhl0tn2sxtyjywsn6q4qt8ka3a,,,,,true,13,13,1.0,zap receipt,,0,0,13,0,0,0
2026-06-10T22:16:49Z,367576b61b974e6aba096b33571ca3d28adff113e57e578a5d9c83bd00ccfb6d,website,localbitcoiners.com,boost,npub1zqdpzty2mshxncqqxy2078qax6mlehsxmpx5095wtxw4tpepkr0s2ce6fj,,aelYU8CUjGDIItw7Ec20,015,"Privacy is Sovereignty w/Btcwrestle: Columbia, SC | Ep. 015",false,1000,330,0.33,kind 30078 + sat math 0.33,Another banger episode (is that still what the kids say?). If you aren't listening to the Local Bitcoiners Podcast you should be. #YATA,330,330,20,320,0,
2026-06-10T21:57:17Z,b4cc2e0007e281a647bfb7146bb6e30c36f038c209fb5d6e3996c10e36097fc4,fountain_boost,Fountain,boost,npub1yanyn2d7862md22tl9qrufgt2l8thn0ejdxklec5mpasjveagpxs7qsnkl,,aelYU8CUjGDIItw7Ec20,015,"Local Bitcoiners • Privacy is Sovereignty w/Btcwrestle: Columbia, SC | Ep. 015",false,500,165,0.33,sat math 0.33,*no comment with boost*,165,165,0,160,10,
2026-06-10T21:16:22Z,909fb4b54f0314dd2fc4ede82fed6d530d35d31439935ec30816fe390aeefeb0,zap,nostr zaps,zap,npub1jxh2kga4ve8d4ftahcqtqswvk5z5f7ya0k2kx3dm679hmw4ysesqvt62rj,,,,,true,5,5,1.0,zap receipt,,0,0,5,0,0,0
2026-06-10T19:43:46.064Z,,fountain_stream,Fountain,stream,npub1mc909r6rtu2kfmzfy9u5vzy60jlhgqgzty0jqlz0qhkdraxcypcqduvk2m,,Mb8UVvZvDOoSxUobeHzq,014,"Local Bitcoiners • Permaculture for Bitcoin Culture w/Sourcenode: Greenville, SC | Ep. 014",false,2812,,,fountain supporters firestore,,928,928,0,900,56,
2026-06-09T16:56:34Z,d22beb9ab76bc77a8ff7c664e4b5c7410bc6fe757be4f7ebbefdefc5dd8c395f,fountain_boost,Fountain,boost,npub15wzuy60l6p2kg8pr2juvw4jw0ctaexyyar8qzamcvwx4kk6pdcvq07skp8,,tnzABSDublkUNKnbIbMA,010,Local Bitcoiners • Evolution & Development of a Meetup: Niagara Canada | Ep. 010,false,133,44,0.33,sat math 0.33,I had to laugh when I heard - the first thing I did was make a multi-sig wallet 🤭,43,44,0,43,3,
2026-06-09T15:47:37Z,5a957e21d2b92f8a7e34ad129c0077121140c04580162fe26fc883b49c94e787,fountain_boost,Fountain,boost,npub1vvcxpktswmuaqr5a27u3926m036mu43wgev4rsktcntduygdn4estgp5fy,,Mb8UVvZvDOoSxUobeHzq,014,"Local Bitcoiners • Permaculture for Bitcoin Culture w/Sourcenode: Greenville, SC | Ep. 014",false,221,73,0.33,sat math 0.33,"The June #bullishMarket is coming up on Sunday the 21st! Mobile support has been added recently to make it more convenient for shoppers to pop in and hang out. And if you’ve got something to sell, there’s still time to reserve a booth! The more vendors, the merrier. Save the date and bookmark bullishmarket.onrender.com",73,73,0,71,4,
2026-06-09T12:55:03Z,7f027cea4009c736879e4ef6c1307dec48abfa19d24fdd06a6c91bcca63412c7,zap,nostr zaps,zap,npub1ljswqt5rr5hpd3ee86n4qp9uvqafk233wlsvndxu7sxg8q889fxse79q6n,,,,,true,42,14,0.333333,zap receipt,Onward 🫡,0,0,14,0,0,0
2026-06-09T10:37:30Z,ea0069e0949f1c68965a82f56d0346be1f5914de674a982223c927c690c825d5,website,localbitcoiners.com,boost,,,fwonpMx88vb8z77HIuOJ,013,"Big Upsides, Small Risks: The Value of Bitcoin Meetups | Ep. 013",false,100,33,0.33,kind 30078 + sat math 0.33,Bear markets are for building meetups.,33,33,34,0,0,
2026-06-08T23:17:53Z,733f60fd96deba18768da6c9828ba4107cb863f99989ed4a67746c6a50279903,zap,nostr zaps,zap,npub1jxh2kga4ve8d4ftahcqtqswvk5z5f7ya0k2kx3dm679hmw4ysesqvt62rj,,,,,true,5,5,1.0,zap receipt,,0,0,5,0,0,0
2026-06-08T18:05:12Z,07595f97ceee14c0142c091ac1b8974c47a656b3c5bb0bcd738c1f6728bf502d,fountain_boost,Fountain,boost,npub15ymzglvv4alrp06q85eqqmawegxf688v0gtqwhjpgtp0a4k2mesqshkwwx,,aCokvqoB5KnXfRvFUs99,012,"Local Bitcoiners • Leveraging Social Capital in Charlotte & Peru: Charlotte, NC | Ep. 012",false,324,107,0.33,sat math 0.33,Great rip gents.  Love the energy and bless the message 🙏\n#40HPW🎧,107,107,0,104,6,
2026-06-08T17:05:30Z,cefef26532b7d2990bf5754d40fed1c42af6345cf6b6aa179a352dfeb470437a,zap,nostr zaps,zap,npub15ypxpg429uyjmp0zczuza902chuvvr4pn35wfzv8rx6cej4z8clq6jmpcx,,,,,true,21,10,0.5,zap receipt,BULLISH,0,0,10,0,0,0
2026-06-08T16:32:48Z,d2ef898fa485a9153ff8f3b9ab061fef6cd698d3635e49a552f3ce55ee7be3be,website,localbitcoiners.com,boost,npub1xgyjasdztryl9sg6nfdm2wcj0j3qjs03sq7a0an32pg0lr5l6yaqxhgu7s,,fwonpMx88vb8z77HIuOJ,013,"Big Upsides, Small Risks: The Value of Bitcoin Meetups | Ep. 013",false,100,33,0.33,kind 30078 + sat math 0.33,Boost testing: new features are being built on localbitcoiners.com,33,33,34,0,0,
2026-06-08T16:08:44Z,5fca393ca606525fb740769ce6933e73ef7b2cc741ce8b7bd435495073f46eb8,website,localbitcoiners.com,boost,npub1xgyjasdztryl9sg6nfdm2wcj0j3qjs03sq7a0an32pg0lr5l6yaqxhgu7s,,fwonpMx88vb8z77HIuOJ,013,"Big Upsides, Small Risks: The Value of Bitcoin Meetups | Ep. 013",false,100,33,0.33,kind 30078 + sat math 0.33,Boost testing: new features are being built on localbitcoiners.com,33,33,34,0,0,
2026-06-08T15:55:47Z,7e41fad9fa3af84f28c074e2007923e0638b2b035991c57be07d62ff45ee2a48,website,localbitcoiners.com,boost,npub1xgyjasdztryl9sg6nfdm2wcj0j3qjs03sq7a0an32pg0lr5l6yaqxhgu7s,,fwonpMx88vb8z77HIuOJ,013,"Big Upsides, Small Risks: The Value of Bitcoin Meetups | Ep. 013",false,1000,330,0.33,kind 30078 + sat math 0.33,Boost testing: new features are being built on localbitcoiners.com,330,330,340,0,0,
2026-06-08T12:26:17Z,ccd6c8269e564c63cdd8deb0e86464596bb2d2a616c2aa6e9309ee6aee1ca18e,website,localbitcoiners.com,boost,npub1z3h8afkwknffxyspvjde77sj6euy66rtyul7qlkl7f2ygktxdqasnn760f,,Mb8UVvZvDOoSxUobeHzq,014,"Permaculture for Bitcoin Culture w/Sourcenode: Greenville, SC | Ep. 014",false,5000,1650,0.33,kind 30078 + sat math 0.33,"Environmentalism is knowing that fiat money is killing the planet. Whether it's exploitation of the soil resource via factory farming, or coercing global South into endless debt traps to finance unsustainable practices. We choose proof of work mining over proof of war, every Bitcoin transaction heals the earth and moves us closer towards peace.",1650,1650,100,1600,0,
2026-06-08T10:45:11Z,f1681879697eafc8a28878809d1f0cec431211547e46108286283e7f7033f9d8,fountain_boost,Fountain,boost,npub15ymzglvv4alrp06q85eqqmawegxf688v0gtqwhjpgtp0a4k2mesqshkwwx,,My7odT0MuyDuyh3Y3fw8,011,"Local Bitcoiners • Attendee to Organizer to Conference Host: Portland, OR | Ep. 011",false,324,107,0.33,sat math 0.33,Great episode.  Portland conference in 2024 was my favorite that year 🧡,107,107,0,104,6,
2026-06-07T20:45:05Z,571a04de887fef46d5860fe99cd0552196927f36fecf094df2ae45f12091e8e2,website,localbitcoiners.com,boost,npub1xgyjasdztryl9sg6nfdm2wcj0j3qjs03sq7a0an32pg0lr5l6yaqxhgu7s,,fwonpMx88vb8z77HIuOJ,013,"Big Upsides, Small Risks: The Value of Bitcoin Meetups | Ep. 013",false,100,33,0.33,kind 30078 + sat math 0.33,Boost testing: new features are being built on localbitcoiners.com,33,33,34,0,0,
2026-06-07T16:59:01Z,8d587c170f22ab8b1fe3b6e782956ff716df01933a946d8817cddae9936c6031,zap,nostr zaps,zap,npub1je9a79rmae4ukvsgu2nkseep35auhmd435spvj25wj894g4s5v4szmurtv,,,,,true,21,21,1.0,zap receipt,,0,0,21,0,0,0
2026-06-07T15:51:03Z,bdf1373e074ec3d3d624841b816f954d621b46a095a150fad1fa8ca98de56993,fountain_boost,BoostMeBitch,boost,,ChadF and 33 others,Mb8UVvZvDOoSxUobeHzq,014,"Permaculture for Bitcoin Culture w/Sourcenode: Greenville, SC | Ep. 014",false,100,36,1.0,tardbox,Testing spark,33,33,0,32,2,
2026-06-07T14:59:23Z,24242600f8688972b431141d5bf2240523be03deb251b28369fd3b64116ad58b,zap,nostr zaps,zap,npub1h6dm833nvxz8ykmp3me6uf46agyjwgc535jfn6ew5gzl8rmmtxdq4ysge0,,,,,true,10,10,1.0,zap receipt,,0,0,10,0,0,0
2026-06-07T03:17:52Z,f369110219513e37c1ffe68e89952118277991032f652aaf09d36c227e8ad379,website,localbitcoiners.com,boost,npub1zqdpzty2mshxncqqxy2078qax6mlehsxmpx5095wtxw4tpepkr0s2ce6fj,,Q48WBr6nT3mrbwMZ8ydY,,Local Bitcoiners,true,209,69,0.33,kind 30078 + show split,One more generic one for good measure.,69,69,71,0,0,
2026-06-07T03:17:23Z,750ffcc91db2a32129a3a67b9b9676fc84c91932959cf4e741cff977f741f631,website,localbitcoiners.com,boost,npub1zqdpzty2mshxncqqxy2078qax6mlehsxmpx5095wtxw4tpepkr0s2ce6fj,,Mb8UVvZvDOoSxUobeHzq,014,"Permaculture for Bitcoin Culture w/Sourcenode: Greenville, SC | Ep. 014",false,212,70,0.33,kind 30078 + sat math 0.33,Waiting for the next episode to boost!,70,70,4,68,0,
2026-06-07T03:17:03Z,d4a3e1be9b6735add562f0e3000c34d0aa081d09e51976a79923085923abb947,website,localbitcoiners.com,boost,npub1zqdpzty2mshxncqqxy2078qax6mlehsxmpx5095wtxw4tpepkr0s2ce6fj,,fwonpMx88vb8z77HIuOJ,013,"Big Upsides, Small Risks: The Value of Bitcoin Meetups | Ep. 013",false,209,69,0.33,kind 30078 + sat math 0.33,almost there,69,69,71,0,0,
2026-06-07T03:16:13Z,25b3a23cee40c5c4ca811f62c13fe19f66a89f664d14d38c2055abcf4bc9e791,website,localbitcoiners.com,boost,npub1zqdpzty2mshxncqqxy2078qax6mlehsxmpx5095wtxw4tpepkr0s2ce6fj,,aCokvqoB5KnXfRvFUs99,012,"Leveraging Social Capital in Charlotte & Peru: Charlotte, NC | Ep. 012",false,212,70,0.33,kind 30078 + sat math 0.33,up to 12,70,70,4,68,0,
2026-06-07T03:15:52Z,9b0906b734e10743103cc0fc9335c875fe176e96c36efd36a47f4c5968b87c5e,website,localbitcoiners.com,boost,npub1zqdpzty2mshxncqqxy2078qax6mlehsxmpx5095wtxw4tpepkr0s2ce6fj,,My7odT0MuyDuyh3Y3fw8,011,"Attendee to Organizer to Conference Host: Portland, OR | Ep. 011",false,212,70,0.33,kind 30078 + sat math 0.33,Did I boost this one already? Well let's do it again if I did.,70,70,4,68,0,
2026-06-07T03:14:36Z,a40a3efd4233b53b7d894585700cfa79efae8ae00ddf95a34c185ab1ee8324ed,website,localbitcoiners.com,boost,npub1zqdpzty2mshxncqqxy2078qax6mlehsxmpx5095wtxw4tpepkr0s2ce6fj,,My7odT0MuyDuyh3Y3fw8,011,"Attendee to Organizer to Conference Host: Portland, OR | Ep. 011",false,212,70,0.33,kind 30078 + sat math 0.33,Let's go boys,70,70,4,68,0,
2026-06-07T03:14:23Z,055157da91975b910bb963ef951baa9d8a83cbc188ec4f99d958bd1248e1940d,website,localbitcoiners.com,boost,npub1zqdpzty2mshxncqqxy2078qax6mlehsxmpx5095wtxw4tpepkr0s2ce6fj,,tnzABSDublkUNKnbIbMA,010,Evolution & Development of a Meetup: Niagara Canada | Ep. 010,false,212,70,0.33,kind 30078 + sat math 0.33,Not even tired yet,70,70,4,68,0,
2026-06-07T03:14:19Z,3d32aed15d83a6ceab336800c9e866540f8feb9582c74b6f25adf7682611f722,website,localbitcoiners.com,boost,npub1zqdpzty2mshxncqqxy2078qax6mlehsxmpx5095wtxw4tpepkr0s2ce6fj,,yKaKx7ddLE6lW06ZvGAb,009,Growing Slow Builds Strong Communities: KC Bitcoiners | Ep. 009,false,312,103,0.33,kind 30078 + sat math 0.33,Yo,103,103,6,100,0,
2026-06-07T03:13:26Z,7aeaaa03e2f1ff910648e54c09d4b644ff0c35bd4c246565d30d793ebf3fcd37,website,localbitcoiners.com,boost,npub1zqdpzty2mshxncqqxy2078qax6mlehsxmpx5095wtxw4tpepkr0s2ce6fj,,pmNA13rcCFrIvdNlUjfA,008,Making Meetups Fun & Sustainable: Bitcoin Bay | Ep. 008,false,215,71,0.33,kind 30078 + sat math 0.33,Again,71,71,4,69,0,
2026-06-07T03:12:25Z,c67b75bbc68b9d73f7a1f088f495d806949ee9578941a2a260061cec077ba5e0,website,localbitcoiners.com,boost,npub1zqdpzty2mshxncqqxy2078qax6mlehsxmpx5095wtxw4tpepkr0s2ce6fj,,D1Z2oJExWQIqEmrg95TL,007,"How Meetups can Benefit from V4V, Nostr and Valuechains | Ep. 007",false,330,109,0.33,kind 30078 + sat math 0.33,Hear me roar!,109,109,112,0,0,
2026-06-07T03:11:53Z,ccee1ef8f71055720bce1c743a35967bbceb4677850346c49538c344c662a37b,website,localbitcoiners.com,boost,npub1zqdpzty2mshxncqqxy2078qax6mlehsxmpx5095wtxw4tpepkr0s2ce6fj,,9bujoMt5jRPVOwtIZmop,006,Grassroots Recap: Philly Suburbs & Bitcoin Park Nashville | Ep. 006,false,339,112,0.33,kind 30078 + sat math 0.33,I am man!,112,112,7,108,0,
2026-06-07T03:11:26Z,da91e14b9c11c4121ac9b2de2bdf04e5996ae19ee6ba85fe02038f5f03f1e668,website,localbitcoiners.com,boost,npub1zqdpzty2mshxncqqxy2078qax6mlehsxmpx5095wtxw4tpepkr0s2ce6fj,,ALmlcUO8Jz2GtvYSbqBZ,005,"The Meetup Is the Farmer's Market: Kansas City, MO | Ep. 005",false,212,70,0.33,kind 30078 + sat math 0.33,I'm on fire,70,70,4,68,0,
2026-06-07T03:11:11Z,a0bd22b6f6153bc1bef546db03418e907b3dac439b5c93bad57f7e255b19ed6a,website,localbitcoiners.com,boost,npub1zqdpzty2mshxncqqxy2078qax6mlehsxmpx5095wtxw4tpepkr0s2ce6fj,,RA7xsAHQKExrM4RcExQQ,004,"Cypherpunks Write Code: AI, Meetups & the Meshtadel | Ep. 004",false,209,69,0.33,kind 30078 + sat math 0.33,Still going,69,69,71,0,0,
2026-06-07T03:10:54Z,ead6e0108e771e78feb265be5ad9184316ba2bf87af0941ca2920c83848c1780,website,localbitcoiners.com,boost,npub1zqdpzty2mshxncqqxy2078qax6mlehsxmpx5095wtxw4tpepkr0s2ce6fj,,NFBJRwFDW34wNHkujo3e,003,"Meetups & Podcasts are the Signal: Ottawa, CA | Ep. 003",false,212,70,0.33,kind 30078 + sat math 0.33,You can't stop me,70,70,4,68,0,
2026-06-07T03:09:16Z,3345d8d5057c3a82987ee2b5d13dc738363c2dedf2d81e0df043522412c792cc,website,localbitcoiners.com,boost,npub1zqdpzty2mshxncqqxy2078qax6mlehsxmpx5095wtxw4tpepkr0s2ce6fj,,PfxSpLSelb60eIHqjiSC,002,"Meetups are the Ultimate Web of Trust: Jersey City, NJ | Ep. 002",false,215,71,0.33,kind 30078 + sat math 0.33,Every episode,71,71,39,34,0,
2026-06-07T03:08:25Z,b9d0739d0b5d2bb3382c1e5ad5b6d07c49be6d9ac4c09658f586c6f5090bc225,website,localbitcoiners.com,boost,npub1zqdpzty2mshxncqqxy2078qax6mlehsxmpx5095wtxw4tpepkr0s2ce6fj,,PyYiZvwjQw13umitWd3D,001,"001. Starting and Growing Meetups | Western MA and South Bend, IN",false,209,69,0.33,kind 30078 + sat math 0.33,Boosting every episode,69,69,71,0,0,
2026-06-06T21:12:16.021Z,,fountain_stream,Fountain,stream,npub13h3hhzv20uqjsyrmj95mstdvsqae3th5a2vr7ctjal2rvpw34xvsdwa57n,,Mb8UVvZvDOoSxUobeHzq,014,"Local Bitcoiners • Permaculture for Bitcoin Culture w/Sourcenode: Greenville, SC | Ep. 014",false,1150,,,fountain supporters firestore,,379,380,0,368,23,
2026-06-06T17:56:01Z,d51797b36a2cd1f2f36df3b23a20ad50c93c1029ab2f545c0b5ffc498b69d03c,fountain_boost,Fountain,boost,npub1zqdpzty2mshxncqqxy2078qax6mlehsxmpx5095wtxw4tpepkr0s2ce6fj,,Mb8UVvZvDOoSxUobeHzq,014,"Local Bitcoiners • Permaculture for Bitcoin Culture w/Sourcenode: Greenville, SC | Ep. 014",false,1000,330,0.33,sat math 0.33,Great discussion. Someday I aspire to be as smart and well spoken as these three. Although I have ridden a motorbike in Thailand quite a bit. This show is a must listen if you want to get smarter.,330,330,0,320,20,
2026-06-06T12:57:30Z,355f2dbf975f12fb13926ea61405fedc9c7ec4a291747bca0aed681ed10d9eb2,fountain_boost,Fountain,boost,npub1zgy6k5c8qdw3zjvhwf6gjyqcpsdq7jgd8lndsjzpfvtfqykkj65smuswzn,,Mb8UVvZvDOoSxUobeHzq,014,"Local Bitcoiners • Permaculture for Bitcoin Culture w/Sourcenode: Greenville, SC | Ep. 014",false,500,165,0.33,sat math 0.33,"Great episode as always. Bitcoiners really do have friends everywhere - the organiser of Savannah Georgia BTC reached out to me when he was in London and we met up. Was amazing, hope he's listening!!",165,165,0,160,10,
2026-06-05T01:34:14Z,7e69fee163f8d1158f2cbad1303d0a90fa9ef3b124d32ec156908ff99ff38b50,zap,nostr zaps,zap,npub13q8evu294dnt20vacfuagj5hy2agwhfr93el8h68qlg708zrxm8qnd6vpv,,,,,true,105,35,0.333333,zap receipt,,0,0,35,0,0,0
2026-06-05T00:48:14Z,ef2375412b056360bb53965373213250c2c810a74e86437e8313dae76c015a2c,fountain_boost,Fountain,boost,npub1jxh2kga4ve8d4ftahcqtqswvk5z5f7ya0k2kx3dm679hmw4ysesqvt62rj,,Mb8UVvZvDOoSxUobeHzq,014,"Local Bitcoiners • Permaculture for Bitcoin Culture w/Sourcenode: Greenville, SC | Ep. 014",false,121,40,0.33,sat math 0.33,Thank you 🧡💜,40,40,0,39,2,
2026-06-05T00:46:34Z,f35c2d3dc17aaf5ba93902cd839b0561ba5958404f49304225ddb36b65d8f972,website,localbitcoiners.com,boost,npub1u8umhxc4ewe7f8qvs9pxjtcs3qagnzvv5qal7kf7fq08zsuwhawqyu2gqg,,Mb8UVvZvDOoSxUobeHzq,014,"Permaculture for Bitcoin Culture w/Sourcenode: Greenville, SC | Ep. 014",false,100000,33000,0.33,kind 30078 + sat math 0.33,"Here's what I'm thinking \n\nSovreign focuses on helping individuals, families, and companies integrate Bitcoin into their personal and professional lives with confidence; recognizing the crucial role it plays in the broader economic picture. If you want to dig deeper into self custody, node running, or point of sale implementation,  Sovreign has your back. Thanks to all the meetup organizers out there for keeping the grass roots bitcoin ethos alive! \n\nGo to sovreign.io (spelled SOV REIGN) for support on your bitcoin journey.",33000,33000,2000,32000,0,
2026-06-04T18:30:57Z,e5671ffd49e0625bb3db6ec84694584f03b939d82db2ab18b90ad510bc5d9aa5,fountain_boost,Fountain,boost,npub1srqgvupkre8hggp5new59qdnpgr9lhnz23yf78p9tdrqraq04pwq9hpxxh,,Mb8UVvZvDOoSxUobeHzq,014,"Local Bitcoiners • Permaculture for Bitcoin Culture w/Sourcenode: Greenville, SC | Ep. 014",false,500,165,0.33,sat math 0.33,*no comment with boost*,165,165,0,160,10,
2026-06-04T12:37:23Z,b0fe9ffa6f5b210cf9630a5b20ceb3b229596e0ecb160fc616e7703aa1c63d4a,website,localbitcoiners.com,boost,npub1f5pre6wl6ad87vr4hr5wppqq30sh58m4p33mthnjreh03qadcajs7gwt3z,,Q48WBr6nT3mrbwMZ8ydY,,Local Bitcoiners,true,118,39,0.33,kind 30078 + show split,South Bend Indiana Bitcoin Meetup meets first Thursday every month at Lang Lab 630 eastern.\n\nnostr:naddr1qvzqqqrukvpzqngz8n5al4660uc8tw8guzzqpzlp0g0h2rrrkh08y8nwlzp6m3m9qyt8wumn8ghj7ur4wfcxcetjv4kxz7fwvdhk6tcprpmhxue69uhhyetvv9ujuen0w4h8gctfdchxvmf0qy2hwumn8ghj7un9d3shjtnyv9kh2uewd9hj7qqgvyerqdphvycrg6np4ep,39,39,40,0,0,
2026-06-03T03:07:25.013Z,,fountain_stream,Fountain,stream,npub1mc909r6rtu2kfmzfy9u5vzy60jlhgqgzty0jqlz0qhkdraxcypcqduvk2m,,yKaKx7ddLE6lW06ZvGAb,009,Growing Slow Builds Strong Communities: KC Bitcoiners | Ep. 009,false,1836,,,fountain supporters firestore,,605,606,0,588,37,
2026-06-03T02:02:40Z,87f80b2d596922f3b7f469266cd515665365121096c083ab20bf6b44fa4770e3,website,localbitcoiners.com,boost,npub1jfn4ghffz7uq7urllk6y4rle0yvz26800w4qfmn4dv0sr48rdz9qyzt047,,aCokvqoB5KnXfRvFUs99,012,"Leveraging Social Capital in Charlotte & Peru: Charlotte, NC | Ep. 012",false,22224,7334,0.33,kind 30078 + sat math 0.33,Jhonny's hotsauce is the bomb,7334,7334,444,7112,0,
2026-06-03T01:20:34.471Z,,fountain_stream,Fountain,stream,npub1mc909r6rtu2kfmzfy9u5vzy60jlhgqgzty0jqlz0qhkdraxcypcqduvk2m,,fwonpMx88vb8z77HIuOJ,013,"Big Upsides, Small Risks: The Value of Bitcoin Meetups | Ep. 013",false,4069,,,fountain supporters firestore,,1343,1343,1302,0,81,
2026-06-02T22:15:20Z,8e24d217b7026133f6c87e38894cba557c3d76446fa6deec8efa6ee3b37277ad,website,localbitcoiners.com,boost,npub177fz5zkm87jdmf0we2nz7mm7uc2e7l64uzqrv6rvdrsg8qkrg7yqx0aaq7,,yKaKx7ddLE6lW06ZvGAb,009,Growing Slow Builds Strong Communities: KC Bitcoiners | Ep. 009,false,621,205,0.33,kind 30078 + sat math 0.33,Just doing some .local dev testing...,205,205,12,199,0,
2026-06-02T10:29:35Z,ab4e574b19104967d06fe190f98c8edbaa9151178b550c912784b132475dc87a,fountain_boost,Fountain,boost,npub1vvcxpktswmuaqr5a27u3926m036mu43wgev4rsktcntduygdn4estgp5fy,,fwonpMx88vb8z77HIuOJ,013,"Local Bitcoiners • Big Upsides, Small Risks: The Value of Bitcoin Meetups | Ep. 013",false,221,73,0.33,sat math 0.33,"The #bullishMarket is on the 21st of every month! If that falls on a weekday, the event will be in the evening (6-7 PM). And if it falls on a weekend, it’ll be in the morning (9-10 AM). Central time. \n\nBeen doing it this way for almost a year! I know it’s not a consistent day of the week but hopefully that means someone can make it on a weekend that couldn’t make it on a weekday and vice versa.",73,73,71,0,4,
2026-05-31T12:47:01Z,3833c902605b53d6dd42c4718cfc6ed17118b0529504653d26af979045f80f16,fountain_boost,Fountain,boost,npub1zgy6k5c8qdw3zjvhwf6gjyqcpsdq7jgd8lndsjzpfvtfqykkj65smuswzn,,fwonpMx88vb8z77HIuOJ,013,"Local Bitcoiners • Big Upsides, Small Risks: The Value of Bitcoin Meetups | Ep. 013",false,100,33,0.33,sat math 0.33,"PS: Simon James is ""TheMeetupBreakdown"", which as you say is the UK newsletter for all meetups!",33,33,32,0,2,
2026-05-31T10:20:33Z,6ffe0534883e166b8b119bb6d7682ee2f0b23c943cb5cb6aafd063edf1afc3e5,fountain_boost,Fountain,boost,npub1zgy6k5c8qdw3zjvhwf6gjyqcpsdq7jgd8lndsjzpfvtfqykkj65smuswzn,,fwonpMx88vb8z77HIuOJ,013,"Local Bitcoiners • Big Upsides, Small Risks: The Value of Bitcoin Meetups | Ep. 013",false,500,165,0.33,sat math 0.33,"Great ep guys, i learnt a lot. Though i thought I'd zapped at least 3 episodes but I'm not on the leaderboard, could there be a bug? Guess I'll have to keep zapping to find out!",165,165,160,0,10,
2026-05-30T09:53:44Z,eff7e7042a080739689d5369546c795bf3b4724ade4a42356016056f0b8f9db3,zap,nostr zaps,zap,npub15ypxpg429uyjmp0zczuza902chuvvr4pn35wfzv8rx6cej4z8clq6jmpcx,,,,,true,21,5,0.25,zap receipt,BULLISH,0,0,5,0,0,0
2026-05-29T23:59:42Z,6960f0553ec8c5449f6d310121a7c8b57b2ab3af35a112f0a6645a2a05cda21d,zap,nostr zaps,zap,npub1xgyjasdztryl9sg6nfdm2wcj0j3qjs03sq7a0an32pg0lr5l6yaqxhgu7s,,,,,true,100,50,0.5,zap receipt,,0,0,50,0,0,0
2026-05-29T23:53:27Z,7a68e9a8a820d6a9ea27048226d7974f00439470b5008bfa61cebcd55896a59a,website,localbitcoiners.com,boost,npub1z3h8afkwknffxyspvjde77sj6euy66rtyul7qlkl7f2ygktxdqasnn760f,,fwonpMx88vb8z77HIuOJ,013,"Big Upsides, Small Risks: The Value of Bitcoin Meetups | Ep. 013",false,5000,1650,0.33,kind 30078 + sat math 0.33,Lake Satoshi tickets are now up on the website. July 31st-August 2nd is the Michigan Bitcoin gathering you won't want to miss (sorry Reed). I'll be bringing the soap again this year.,1650,1650,1700,0,0,
2026-05-29T19:42:34Z,47a141b47784999de91d35c08b0d218b31637d1a90a857151daf2e9764a1391e,zap,nostr zaps,zap,npub168h60e5jj0t89kx08fd7x2nee4s2kr0zqqecdrfsdmka9htqn22qepwz7s,,,,,true,6,6,1.0,zap receipt,,0,0,6,0,0,0
2026-05-29T17:01:49Z,e3a1784dc458971f50df4de12e10a9ea639a9e53070e1c0a2dcbce076ee7ef4e,fountain_boost,Fountain,boost,npub15ymzglvv4alrp06q85eqqmawegxf688v0gtqwhjpgtp0a4k2mesqshkwwx,,fwonpMx88vb8z77HIuOJ,013,"Local Bitcoiners • Big Upsides, Small Risks: The Value of Bitcoin Meetups | Ep. 013",false,324,107,0.33,sat math 0.33,Keep up the great work 🙏\n#40HPW🎧,107,107,104,0,6,
2026-05-29T04:35:23Z,4fdb1b70c84f8d94f8a30e255d8a038f66c7fea7e7aa7904d58df4dfcfe4808f,fountain_boost,Fountain,boost,npub1srqgvupkre8hggp5new59qdnpgr9lhnz23yf78p9tdrqraq04pwq9hpxxh,,fwonpMx88vb8z77HIuOJ,013,"Local Bitcoiners • Big Upsides, Small Risks: The Value of Bitcoin Meetups | Ep. 013",false,500,165,0.33,sat math 0.33,*no comment with boost*,165,165,160,0,10,
2026-05-28T20:36:55Z,f3b1372c97724461595f8612d572a723fe255b487d953a22b418d28842b9c5f3,fountain_boost,Fountain,boost,npub15wzuy60l6p2kg8pr2juvw4jw0ctaexyyar8qzamcvwx4kk6pdcvq07skp8,,fwonpMx88vb8z77HIuOJ,013,"Local Bitcoiners • Big Upsides, Small Risks: The Value of Bitcoin Meetups | Ep. 013",false,3333,1100,0.33,sat math 0.33,LFG🍻,1099,1100,1067,0,67,
2026-05-28T20:06:57Z,644667bb5439984c6f59d2400ab902e85faa0eb1ea0547313fe1b45da213107e,fountain_boost,Fountain,boost,npub1zqdpzty2mshxncqqxy2078qax6mlehsxmpx5095wtxw4tpepkr0s2ce6fj,,fwonpMx88vb8z77HIuOJ,013,"Local Bitcoiners • Big Upsides, Small Risks: The Value of Bitcoin Meetups | Ep. 013",false,500,165,0.33,sat math 0.33,So much signal. This is a must listen podcast featuring two forward thinking Bitstrs. (Feeble attempt at combing Bitcoin and Nostr. It is solidly in my podcast rotation. Cheers guys.,165,165,160,0,10,
2026-05-28T12:12:34Z,9c222dc42c7f18dc3b23664b9b4ba125e0c496a951a4e5188dd5f060226c3dff,fountain_boost,Fountain,boost,npub1jxh2kga4ve8d4ftahcqtqswvk5z5f7ya0k2kx3dm679hmw4ysesqvt62rj,,fwonpMx88vb8z77HIuOJ,013,"Local Bitcoiners • Big Upsides, Small Risks: The Value of Bitcoin Meetups | Ep. 013",false,121,40,0.33,sat math 0.33,Thank you,40,40,39,0,2,
2026-05-28T09:38:48Z,ff514bcbd40936599470c441467e5a022e79fbdbdf2ee25d9461cc81e6911a28,fountain_boost,Fountain,boost,npub15604np6ccsk7ugph4nrg7kyq7kpme9lmcn4l0q2xk4yd5d6puu2s00dr0u,,fwonpMx88vb8z77HIuOJ,013,"Local Bitcoiners • Big Upsides, Small Risks: The Value of Bitcoin Meetups | Ep. 013",false,1236,408,0.33,sat math 0.33,Thank you gentlemen,407,408,396,0,25,
2026-05-28T02:01:07Z,1e1fde05a98e6066666a0738e362f0f7ad7e9b879643c2e287706e05a814a9fb,fountain_boost,Fountain,boost,npub1n3ejxm6kt6ush4rgrs57hvkecxuqunscfndlsntd5apwnyr8pjmqrme7su,,yKaKx7ddLE6lW06ZvGAb,009,Local Bitcoiners • Growing Slow Builds Strong Communities: KC Bitcoiners | Ep. 009,false,333,110,0.33,sat math 0.33,🎸🎸🎸,109,110,0,107,7,
2026-05-27T20:16:24Z,4af2406fd982a31255636d25ea3a3dd9067b88ea60c016a989f1eb2a081eb571,fountain_boost,Fountain,boost,npub13v5w9ylsdahkfggkaa6ya2qardpfsgt8r45n5j27c6j8en8g3nrqsacqpv,,aCokvqoB5KnXfRvFUs99,012,"Local Bitcoiners • Leveraging Social Capital in Charlotte & Peru: Charlotte, NC | Ep. 012",false,300,99,0.33,sat math 0.33,"Crossing the Lake Satoshi channel with nostr:npub1y3s99smcstupmj0txq3j26s7ue5qynuyjng5xle6jw5jy8jt85tq6kajjt  was epic.\n 🧡  Also, “I love you, thank you for your podcast.” Ha ha\n💜 Currently passionate about the Nostr Value Pack project and selling my natural deodorant sats pit, bitcoin only. Find it at sats pit - Nostr Value Pack",99,99,0,96,6,
2026-05-26T22:05:03Z,3b94e8a6f85820d800e434b762bddf536c929518b9cffb973021df4b2d116036,zap,nostr zaps,zap,npub1tan2cwtf8s7zxvck79qllzaa7smy03y9ftd50gk6jnag2htnslssyfhjmr,,,,,true,21,7,0.333333,zap receipt,🤘,0,0,7,0,0,0
2026-05-26T18:17:53Z,17cf73197a9f139e81dc9bb9927e7368f41f3d78ef4e76417d7e6256a3cf41b0,fountain_boost,Fountain,boost,npub1a6hvdlk99q83hsw8cgzdjww8m7xnxx9yg77mfmm60n45fed6kdgsaprzvp,,aCokvqoB5KnXfRvFUs99,012,"Local Bitcoiners • Leveraging Social Capital in Charlotte & Peru: Charlotte, NC | Ep. 012",false,2221,733,0.33,sat math 0.33,Love all the work you are doing pioneering in this space!,733,733,0,711,44,
2026-05-25T14:13:42Z,5e58dbb6de8bf8cbc83f165e1337b02935302cc8ecac57f066afbf9b4e52c855,website,localbitcoiners.com,boost,npub1z3h8afkwknffxyspvjde77sj6euy66rtyul7qlkl7f2ygktxdqasnn760f,,aCokvqoB5KnXfRvFUs99,012,"Leveraging Social Capital in Charlotte & Peru: Charlotte, NC | Ep. 012",false,5000,1650,0.33,kind 30078 + sat math 0.33,"Boosting from the website for the first time using Blitz Wallet via NWC. Sometimes it just takes a little push for me to use the tools. This took a little bit of work on my part, but I had fun doing it! \n\nCheck out Blitz Wallet, it's a great wallet with very active development.",1650,1650,100,1600,0,
2026-05-25T00:04:19Z,1eb60e67822d1f5542298d72be3d84ad98b12bf778d1c7f23b3bfcdd2843d7eb,website,localbitcoiners.com,boost,npub1ynn5qnnc95qaqjejrtyazfdgutlxvme3djywe6s9wg76k68s37sqsl2qfd,,Q48WBr6nT3mrbwMZ8ydY,,Local Bitcoiners,true,418,138,0.33,kind 30078 + show split,Boosting our next meetup from https://localbitcoiners.com/meetups\n\nnostr:naddr1qvzqqqrukvpzqf88gp88stgp6p9nyxkf6yj63ch7vehnzmygan4q2u3a4d50praqqqgrzwfnv56xvctyxc6rjdnrve3rs3dklj2,138,138,142,0,0,
2026-05-24T04:17:55Z,6ec98a0b8173368dc4ac4e41a07717bb9130e7f2a01912050529c5beaa3808a0,fountain_boost,Fountain,boost,npub1vvcxpktswmuaqr5a27u3926m036mu43wgev4rsktcntduygdn4estgp5fy,,aCokvqoB5KnXfRvFUs99,012,"Local Bitcoiners • Leveraging Social Capital in Charlotte & Peru: Charlotte, NC | Ep. 012",false,100,33,0.33,sat math 0.33,Bullish on y’alls thoughts on the #bullishMarket! Hope to see you at the next one nostr:npub1xgyjasdztryl9sg6nfdm2wcj0j3qjs03sq7a0an32pg0lr5l6yaqxhgu7s and looking forward to seeing some teas from nostr:npub1f5pre6wl6ad87vr4hr5wppqq30sh58m4p33mthnjreh03qadcajs7gwt3z 🤙,33,33,0,32,2,
2026-05-23T21:14:09Z,5ef4f77738a0f9db6c26973cbbdc4e055f9c302366ef011cfc196a99f9ad7489,zap,nostr zaps,zap,npub1fm63ra7uru9q9ve36ccwh6wcf0ytg9ecc5vufvh9snz4qalm4ytsxgcfrr,,,,,true,21,7,0.333333,zap receipt,Onward 🫡,0,0,7,0,0,0
2026-05-22T21:52:13Z,42fec43bf1b844b00f22607bc7247d8a2304f5509bf998a8ecbaed5ea7f16705,zap,nostr zaps,zap,npub1ean56pfrg498d5fv5hlchjrmtchpwhuajn3czwnjev40gnq78upqzw6swd,,,,,true,42,42,1.0,zap receipt,Onward 🫡,0,0,42,0,0,0
2026-05-22T19:32:05Z,81648787437d664840ad416552c137605f91906eba03226c917484eece79b375,fountain_boost,Fountain,boost,npub1y3s99smcstupmj0txq3j26s7ue5qynuyjng5xle6jw5jy8jt85tq6kajjt,,tnzABSDublkUNKnbIbMA,010,Local Bitcoiners • Evolution & Development of a Meetup: Niagara Canada | Ep. 010,false,221,73,0.33,sat math 0.33,"I have reservations onboarding merchants to coinos.io. My local hot dawg merchant was using it for a few years, had his entire balance swept, 200,000+ sats...🤷‍♀️",73,73,0,71,4,
2026-05-22T06:40:13Z,755a5e53bd9281c06f82680aa1400adfc515fa0fb6f7c84ed7ebaa6aa8322d73,fountain_boost,Fountain,boost,npub1f69t2s7uzljr626ctm0k3mufx5vlv4a2jqwac0w0gxwghp4w5zpq0jva3d,,aCokvqoB5KnXfRvFUs99,012,"Local Bitcoiners • Leveraging Social Capital in Charlotte & Peru: Charlotte, NC | Ep. 012",false,2021,667,0.33,sat math 0.33,"Sitting in my car listening to the pod when I suddenly hear a shoutout from Battersea Bitcoiners!\n\nGreat show, guys. This is the signal. 💪🏼",667,667,0,647,40,
2026-05-22T04:40:53.877Z,,fountain_stream,Fountain,stream,npub1tan2cwtf8s7zxvck79qllzaa7smy03y9ftd50gk6jnag2htnslssyfhjmr,,aCokvqoB5KnXfRvFUs99,012,"Local Bitcoiners • Leveraging Social Capital in Charlotte & Peru: Charlotte, NC | Ep. 012",false,104,,,fountain supporters firestore,,35,34,0,33,2,
2026-05-21T23:13:27Z,7c036dafff0d168de4af2921504bc570dcd300c4ab5b72f8f28179684c9bdfd0,fountain_boost,Fountain,boost,npub1jxh2kga4ve8d4ftahcqtqswvk5z5f7ya0k2kx3dm679hmw4ysesqvt62rj,,aCokvqoB5KnXfRvFUs99,012,"Local Bitcoiners • Leveraging Social Capital in Charlotte & Peru: Charlotte, NC | Ep. 012",false,112,37,0.33,sat math 0.33,Website looks great 😊,37,37,0,36,2,
2026-05-21T18:42:19Z,863cec3ba05b73363d848fb0fa36378937f0c15fa638264f1f88bcfc72f318c9,zap,nostr zaps,zap,npub1jz5pyzg6zrqqtqafslg95r8hhp2wcnr7zupgm20a9spd7pagxklqzfvd4d,,,,,true,42,42,1.0,zap receipt,Onward 🫡,0,0,42,0,0,0
2026-05-21T18:42:14Z,26a86c71e8f65d60105ec4d64b2edec103621392a40d892a24dc1e8478240d06,zap,nostr zaps,zap,npub1jz5pyzg6zrqqtqafslg95r8hhp2wcnr7zupgm20a9spd7pagxklqzfvd4d,,,,,true,42,42,1.0,zap receipt,Onward 🫡,0,0,42,0,0,0
2026-05-21T18:42:11Z,f9c325d27b1d06c9c7c739a77cba110ead60e483b90ae942df99a89d9a8d1456,zap,nostr zaps,zap,npub1jz5pyzg6zrqqtqafslg95r8hhp2wcnr7zupgm20a9spd7pagxklqzfvd4d,,,,,true,42,14,0.333333,zap receipt,Onward 🫡,0,0,14,0,0,0
2026-05-21T18:42:04Z,f42afc9bd12fba386789a0910927093a24c84567f7d8bdf1546aab34d3c51141,zap,nostr zaps,zap,npub1jz5pyzg6zrqqtqafslg95r8hhp2wcnr7zupgm20a9spd7pagxklqzfvd4d,,,,,true,42,14,0.333333,zap receipt,Onward 🫡,0,0,14,0,0,0
2026-05-21T17:25:23Z,7d9c8f781c45560c4099a83092fd8ee14d949510d2e8c8537a0e11f9421b4863,zap,nostr zaps,zap,npub16eumpaxffppswucpeysysrya9uk39j06d5gr2tsnf6cupq3f4jdqyft6jc,,,,,true,21,21,1.0,zap receipt,,0,0,21,0,0,0
2026-05-21T15:55:07Z,34ad6f39e2a1bc593119c67587af68db11f3d8d73f1dda27bf9cdc5a076e2e60,fountain_boost,Fountain,boost,npub10gudflxfrvk6dzm3gwr8vwllnatsw2anlkuzjl6mw77a4hgj9aaqjagxvq,,aCokvqoB5KnXfRvFUs99,012,"Local Bitcoiners • Leveraging Social Capital in Charlotte & Peru: Charlotte, NC | Ep. 012",false,1000,330,0.33,sat math 0.33,"Genuinely enjoying this space, so different than “number go up” 24/7, thank you for that. Question, is there any folklore around the 21 million number? Why did Satoshi decide on 21?  Many thanks.",330,330,0,320,20,
2026-05-21T14:52:19Z,ca30d4331a7aa14b37181e0d1292152e98c0da94f128a706c4e7aa21b6da618e,zap,nostr zaps,zap,npub15ypxpg429uyjmp0zczuza902chuvvr4pn35wfzv8rx6cej4z8clq6jmpcx,,,,,true,21,4,0.2,zap receipt,𝘽𝙐𝙇𝙇𝙄𝙎𝙃,0,0,4,0,0,0
2026-05-21T11:56:51Z,f68bf812a0281dec6ab96d8ce3e0e54da6fc7836106f85ee3bfbc173d5d4d093,zap,nostr zaps,zap,npub1cvcgs83gw6pcrhvtmlf8gdqaegx93qkznwry96jteqhh2cexgkfq45rtya,,,,,true,21,21,1.0,zap receipt,⚡ #valuechain ⚡,0,0,21,0,0,0
2026-05-20T16:46:53Z,15d2c68ee21ffff140b1805492ac35c539aa345e8e10e75dabc0ba8066c8a0de,zap,nostr zaps,zap,npub1f5pre6wl6ad87vr4hr5wppqq30sh58m4p33mthnjreh03qadcajs7gwt3z,,,,,true,21,4,0.2,zap receipt,,0,0,4,0,0,0
2026-05-20T14:55:05.726Z,,fountain_stream,Fountain,stream,npub1a3um269aaf3u5cy37kuykrrrnsg2pyv7za06pxjduv25lq5sdujs2qmdj6,,ALmlcUO8Jz2GtvYSbqBZ,005,"Local Bitcoiners • The Meetup Is the Farmer's Market: Kansas City, MO | Ep. 005",false,1277,,,fountain supporters firestore,,421,421,0,409,26,
2026-05-19T23:21:20Z,c744ea1f628a212b669965860e6167250e9a8d9e966ea925a76a5a62ea2f1916,zap,nostr zaps,zap,npub1cvcgs83gw6pcrhvtmlf8gdqaegx93qkznwry96jteqhh2cexgkfq45rtya,,,,,true,1121,560,0.5,zap receipt,⚡ #valuechain ⚡,0,0,560,0,0,0
2026-05-19T21:42:48Z,639d4b182d5e814eb3445097eb480382a5088f15e73ce47c44591bb59676090f,website,localbitcoiners.com,boost,npub1klq6x28dylnqz8049smrq6cy87el0xvsjprkg83s4jvn6srwl4uqjrecxl,,Q48WBr6nT3mrbwMZ8ydY,,Local Bitcoiners,true,209,69,0.33,kind 30078 + show split,CT Bitcoin's first meetup event is happening Wednesday May 20th at Conspiracy in Middletown. This meetup is for ALL bitcoiners from OGs to newcomers.\n\nhttps://www.conspiracyct.com/\n\nhttps://ctbitcoin.com/\n\nCome hang out and meet CT local bitcoiners!,69,69,71,0,0,
2026-05-19T19:20:00Z,389e2a31426e9644eee2ff497e80e0f532e8e57196a2872b9a817e64e6bddc6b,website,localbitcoiners.com,boost,npub1lhuex5pzy833ekxpvdmjz9k6rvv5763e4h2cgdfsx62egu0wk6hs7yd2ck,,Q48WBr6nT3mrbwMZ8ydY,,Local Bitcoiners,true,11109,3666,0.33,kind 30078 + show split,"Cleveland Bitcoin presents Bitcoin Pizza Day 2026! Friday May 22, 7pm at Saucy Brew Works downtown. FREE pizza by Rhino Bitcoin. Venue accepts sats for beer. Win prizes, meet plebs. See you there!\n\nnostr:naddr1qvzqqqrukvpzpl0ejdgzyg0rrnvvzcmhyytd5xcefa4rntw4ss6nqd54j3c7ad40qy2hwumn8ghj7un9d3shjtnyv9kh2uewd9hj7qqsvs6kvd3jvf3nwcfnvfjr2c3jx5zrxzgs",3666,3666,3777,0,0,
2026-05-19T18:54:23Z,719116bf6679efb5131c2de981c7e67ed4a1dc6c6fc507c5e5c06684ddbd740c,website,localbitcoiners.com,boost,npub129v9dmq755fmy4xfs75k7uw0ydsp92uc2c9nl2k5ff65er84af5qlht6js,,Q48WBr6nT3mrbwMZ8ydY,,Local Bitcoiners,true,500,165,0.33,kind 30078 + show split,"Come to the #bullishMarket this Thursday from 6-7 PM CST. It’s a virtual farmers market with a jukebox, bitcoin faucet, and more. Come support our Nostr merchants and use bitcoin as money! \n\nSet your reminder and bookmark bullishmarket.onrender.com\n\nnostr:naddr1qvzqqqrukvpzq52c2mkpafgnkf2vnpafdacu7gmqz24es4st874dgjn4fjx0t6ngqqwk6mmww35xc7fdvf6kcmrfwd5z6mtpwf4k2apdxgcryd3sx5vgqfc7",165,165,170,0,0,
2026-05-19T18:17:13Z,1b9e1568fe2b77aa8ec6c186c6534bced6f513f5a02c66248a7e963342f4e98f,zap,nostr zaps,zap,npub1f5pre6wl6ad87vr4hr5wppqq30sh58m4p33mthnjreh03qadcajs7gwt3z,,,,,true,21,21,1.0,zap receipt,,0,0,21,0,0,0
2026-05-19T18:16:28Z,70f28da98deaf0dbce6c826dcda214cb146f1b64402f44f5f8f910eebfa6485b,zap,nostr zaps,zap,npub1f5pre6wl6ad87vr4hr5wppqq30sh58m4p33mthnjreh03qadcajs7gwt3z,,,,,true,21,21,1.0,zap receipt,,0,0,21,0,0,0
2026-05-19T15:32:32.268Z,,fountain_stream,Fountain,stream,npub1mc909r6rtu2kfmzfy9u5vzy60jlhgqgzty0jqlz0qhkdraxcypcqduvk2m,,My7odT0MuyDuyh3Y3fw8,011,"Local Bitcoiners • Attendee to Organizer to Conference Host: Portland, OR | Ep. 011",false,1201,,,fountain supporters firestore,,397,396,0,384,24,
2026-05-18T14:21:37Z,47c7a713904a203a75dc4096733171f89dcb771b175b3f175a25281bbfedbbb5,fountain_boost,Fountain,boost,npub1vpx9596duxdsmx4kwksycm2u4qy0gr6mzg289m52q96gdy97s9zsnkjspj,,yKaKx7ddLE6lW06ZvGAb,009,Local Bitcoiners • Growing Slow Builds Strong Communities: KC Bitcoiners | Ep. 009,false,10421,3439,0.33,sat math 0.33,"Top tier #40hpw for the #firstturning. We’re only scratching the surface of what is possible with communities built on abundance and v4v. All three of you are an inspiration. \n\nSpeaking of v4v, The First Turning Supper Club is collective of folks planning a collaborative feast of y(our) dreams during Lake Satoshi. This is an opportunity to play with v4v in the flesh. Send me a message to lend your time, treasure, or talent\n\nhttps://fountain.fm/episode/yKaKx7ddLE6lW06ZvGAb\n\nnostr:nevent1qvzqqqpxqupzpwrxeemtukuzv62esqjgxg4cmaxrs9sgl7j6tdrufuaturv0wea9qqs85n837y44xfj6rt85rcs8agasgasp7rl09t2lq8x8rh0t6530ksgx9g452",3439,3439,0,3335,208,
2026-05-17T18:06:01Z,053e344248967b1209f1a2a9d0963548630ee29136d7b88695567207c15089c1,website,localbitcoiners.com,boost,npub1xgyjasdztryl9sg6nfdm2wcj0j3qjs03sq7a0an32pg0lr5l6yaqxhgu7s,,Q48WBr6nT3mrbwMZ8ydY,,Local Bitcoiners,true,209,69,0.33,kind 30078 + show split,nostr:npub1ynn5qnnc95qaqjejrtyazfdgutlxvme3djywe6s9wg76k68s37sqsl2qfd Tonight! \n\nHere are my Socratic Seminar slides for this month - we're doing a nostr onboarding workshop so we can use our website for NIP-99 classifieds. \n\nhttps://reeds-agent-team.github.io/MeetupSlides/meetup-45/\n\nnostr:naddr1qvzqqqrukvpzqf88gp88stgp6p9nyxkf6yj63ch7vehnzmygan4q2u3a4d50praqqqgxvcfsxqcrjdrxxgmnydtp8p3rzh0f39q,69,69,71,0,0,
2026-05-17T17:37:35Z,fa9c439156bbe344548bccf722c21ad70deb63f9696b9c5d962a38c47bb52e17,fountain_boost,Fountain,boost,npub10hapemlpfhemcx5wrmdld07xswr8q4p42vexp0xqtfh94vhg5n0qt6k0u6,,My7odT0MuyDuyh3Y3fw8,011,"Local Bitcoiners • Attendee to Organizer to Conference Host: Portland, OR | Ep. 011",false,221,73,0.33,sat math 0.33,Check out NVP at www.takemysats.com/nostr-value-pack and use the promo code for 11% off (emojis only no spaces):⚡👑⚡,73,73,0,71,4,
2026-05-17T14:31:15Z,29356fcd970c37633d2a619b55342709af231f42aa5144d7e71be5170f3818da,fountain_boost,Fountain,boost,npub1jxh2kga4ve8d4ftahcqtqswvk5z5f7ya0k2kx3dm679hmw4ysesqvt62rj,,My7odT0MuyDuyh3Y3fw8,011,"Local Bitcoiners • Attendee to Organizer to Conference Host: Portland, OR | Ep. 011",false,100,33,0.33,sat math 0.33,Gang gang\n\nhttps://fountain.fm/episode/My7odT0MuyDuyh3Y3fw8\n\nnostr:nevent1qvzqqqpxqupzpwrxeemtukuzv62esqjgxg4cmaxrs9sgl7j6tdrufuaturv0wea9qqs0d5l4rgmnfczamq7k0wtxu3vgkx7uqav7f9w0pqpl232ks5h076spvtc3v,33,33,0,32,2,
2026-05-17T01:56:49Z,e2cbce4919ea5db026f56d709b64d9fe5184a554a007c4b33fc075ae038df7bc,website,localbitcoiners.com,boost,npub1ynn5qnnc95qaqjejrtyazfdgutlxvme3djywe6s9wg76k68s37sqsl2qfd,,My7odT0MuyDuyh3Y3fw8,011,"Attendee to Organizer to Conference Host: Portland, OR | Ep. 011",false,2100,693,0.33,kind 30078 + sat math 0.33,I've started a monthly blog post for the meetup that I share with the group as a long form nostr note. These have been helpful when I have something I've been thinking about but don't have a place for it in the monthly meetup. Here's the May 2026 edition:\n\nnostr:naddr1qvzqqqr4gupzqf88gp88stgp6p9nyxkf6yj63ch7vehnzmygan4q2u3a4d50praqqq5kyated9hxwtt5dpjj6en4w36hyefdwa5hg6pdwpex2erfvd6xjmmw94kkzuntv468xe9vqgx,693,693,42,672,0,
2026-05-16T13:52:46Z,e7ca8e3addcb7c247b40ad463722d486509a014f862bbbccddc5f0e1f6bb3d82,zap,nostr zaps,zap,npub1z3h8afkwknffxyspvjde77sj6euy66rtyul7qlkl7f2ygktxdqasnn760f,,,,,true,42,42,1.0,zap receipt,Nature,0,0,42,0,0,0
2026-05-16T12:11:39Z,baa07e9205444daa9c93723770d70e5595843269e79bd1c6e3610f3b30f05e90,fountain_boost,Fountain,boost,npub1zgy6k5c8qdw3zjvhwf6gjyqcpsdq7jgd8lndsjzpfvtfqykkj65smuswzn,,My7odT0MuyDuyh3Y3fw8,011,"Local Bitcoiners • Attendee to Organizer to Conference Host: Portland, OR | Ep. 011",false,500,165,0.33,sat math 0.33,Thanks again! Loved hearing about all the Portland meetups and learnt a lot\n\nhttps://fountain.fm/episode/My7odT0MuyDuyh3Y3fw8\n\nnostr:nevent1qvzqqqpxqupzpwrxeemtukuzv62esqjgxg4cmaxrs9sgl7j6tdrufuaturv0wea9qqsv6tz2h3qt5s5t6dgufvp0rpml3m62cc8arkhwez74aqn3ccyqx6sgx4d9h,165,165,0,160,10,
2026-05-15T17:02:56Z,e8f0f4e6c0056bb018afa5ff1a1281c24de3b2524a7639403da8bd73b2839561,zap,nostr zaps,zap,npub1tx5ccpregnm9afq0xaj42hh93xl4qd3lfa7u74v5cdvyhwcnlanqplhd8g,,,,,true,21,21,1.0,zap receipt,,0,0,21,0,0,0
2026-05-15T12:03:05Z,758c7020a091cc7cfa6a5aba016ce7c39ded8e9c610199ab66bd1c1126d7b5ee,zap,nostr zaps,zap,npub1f7fg0u3py6h55c52z2a53e3yscmez6cxcvg24vgaxdna6ag2r8gq7d35sy,,,,,true,3,3,1.0,zap receipt,Nostr.boutique says hi - launch your sovereign shop at Nostr.Boutique,0,0,3,0,0,0
2026-05-15T11:43:39Z,a7591327a9d2e86e930f9c3759b3198352ddb696dca657219f3a2511bc2acf8f,fountain_boost,Fountain,boost,npub1z3h8afkwknffxyspvjde77sj6euy66rtyul7qlkl7f2ygktxdqasnn760f,,NFBJRwFDW34wNHkujo3e,003,"Local Bitcoiners • Meetups & Podcasts are the Signal: Ottawa, CA | Ep. 003",false,5000,1650,0.33,sat math 0.33,Boosting episode three. This was the one I missed. 🍻\n\nhttps://fountain.fm/episode/NFBJRwFDW34wNHkujo3e\n\nnostr:nevent1qvzqqqpxqupzpwrxeemtukuzv62esqjgxg4cmaxrs9sgl7j6tdrufuaturv0wea9qqsvdah2pulj0tc5ks8da2mfn7qepdew36j0qgc4ndkmta8qmsfurhgzndp6m,1650,1650,0,1600,100,
2026-05-15T11:40:47Z,ec61c1be0c6e4f469334262abb3f9599b40fc6a95eaa2f803e0fa1a4e3eaf155,fountain_boost,Fountain,boost,npub1z3h8afkwknffxyspvjde77sj6euy66rtyul7qlkl7f2ygktxdqasnn760f,,My7odT0MuyDuyh3Y3fw8,011,"Local Bitcoiners • Attendee to Organizer to Conference Host: Portland, OR | Ep. 011",false,5000,1650,0.33,sat math 0.33,"Great to hear there's a big BTC scene out in Portland. It's a beautiful city, I'd love to make it back out there and get to a meet up. \n\nAnn Arbor meet up is the last Tuesday of the month 5/26 at Venue by 4M from 6-8 PM.\n\nhttps://fountain.fm/episode/My7odT0MuyDuyh3Y3fw8\n\nnostr:nevent1qvzqqqpxqupzpwrxeemtukuzv62esqjgxg4cmaxrs9sgl7j6tdrufuaturv0wea9qqsxylhffh32zv23pcrxetxra73tl8wdz5jedee5cx2yvkv604vmemq77th2w",1650,1650,0,1600,100,
2026-05-14T17:02:36Z,5430a97e9f4c16013ce4cb0ae88f12a54aa32cecefd398f0b1b8f61ebc0ce87b,zap,nostr zaps,zap,npub17exm4s7zmaxuyeljm0w22gfuhqlf82zedqjf3eaxk55m7tv3ug9see3cl4,,,,,true,21,21,1.0,zap receipt,Loving the pod!,0,0,21,0,0,0
2026-05-14T00:04:35Z,ea6e2a01bffbe7fe39eb5728b0fff3efcf3d50cbb3f878214fb0a8814f2bc25c,zap,nostr zaps,zap,npub1xgyjasdztryl9sg6nfdm2wcj0j3qjs03sq7a0an32pg0lr5l6yaqxhgu7s,,,,,true,21,7,0.333333,zap receipt,,0,0,7,0,0,0
2026-05-13T23:29:35Z,739364a61de03ec49924d00e47594d8beea1ddcedf377d109593afd1c832ea29,zap,nostr zaps,zap,npub1ljswqt5rr5hpd3ee86n4qp9uvqafk233wlsvndxu7sxg8q889fxse79q6n,,,,,true,42,10,0.25,zap receipt,Onward 🫡,0,0,10,0,0,0
2026-05-13T23:21:12Z,1c29540000172b4f08f96d0da428ec296c2a9aabcda29ab673ca53b3b7d565ee,fountain_boost,Fountain,boost,npub1zqdpzty2mshxncqqxy2078qax6mlehsxmpx5095wtxw4tpepkr0s2ce6fj,,My7odT0MuyDuyh3Y3fw8,011,"Local Bitcoiners • Attendee to Organizer to Conference Host: Portland, OR | Ep. 011",false,1000,330,0.33,sat math 0.33,"Here's some V4V cross pollination Nostr sat-vertising. Join nostr:npub1uzt238htjzpq39dxmltlx60vxym9fetk9czz6kddq6fhvkf4z3usy9qtrh and myself discuss Bitcoin businesses, Nostr and other intriguing topics on the You Are The Algorithm podcast. End of note.\n\nhttps://fountain.fm/episode/My7odT0MuyDuyh3Y3fw8\n\nnostr:nevent1qvzqqqpxqupzpwrxeemtukuzv62esqjgxg4cmaxrs9sgl7j6tdrufuaturv0wea9qqsd7xz35xr5aj8h7qxxlxcyunwj79x9uu2lyk888uezaaapn6fnm6gm9ltv8",330,330,0,320,20,
2026-05-13T13:36:47Z,8f2df8be8e60b97a631a62307c2e607b345a9f50c1e5c14435a2d9a5c61c9c02,zap,nostr zaps,zap,npub1xgyjasdztryl9sg6nfdm2wcj0j3qjs03sq7a0an32pg0lr5l6yaqxhgu7s,,,,,true,100,50,0.5,zap receipt,,0,0,50,0,0,0
2026-05-13T13:01:30Z,aea8dac8d3e70db333b056829d9ab524b9b252723498c3487fb805f5bc4f76a7,fountain_boost,BoostMeBitch,boost,npub1xgyjasdztryl9sg6nfdm2wcj0j3qjs03sq7a0an32pg0lr5l6yaqxhgu7s,,tnzABSDublkUNKnbIbMA,010,Evolution & Development of a Meetup: Niagara Canada | Ep. 010,false,420,138,1.0,tardbox,More boosting options! Check out boostmebitch.com for other ways to boost the show! Great site nostr:npub177fz5zkm87jdmf0we2nz7mm7uc2e7l64uzqrv6rvdrsg8qkrg7yqx0aaq7 !,139,139,0,134,8,
2026-05-13T11:33:23Z,e76f0c0b7964e2ba87e4d6ae6f692839b8de934686cadef6e4973fd44241adfd,fountain_boost,Fountain,boost,npub1zgy6k5c8qdw3zjvhwf6gjyqcpsdq7jgd8lndsjzpfvtfqykkj65smuswzn,,tnzABSDublkUNKnbIbMA,010,Local Bitcoiners • Evolution & Development of a Meetup: Niagara Canada | Ep. 010,false,500,165,0.33,sat math 0.33,"Great episode guys. Shout out to Simon who runs TheMeetupBreakdown, a weekly newsletter detailing all upcoming UK bitcoin meetups each week. You guys should check it out!\n\nhttps://fountain.fm/episode/tnzABSDublkUNKnbIbMA\n\nnostr:nevent1qvzqqqpxqupzpwrxeemtukuzv62esqjgxg4cmaxrs9sgl7j6tdrufuaturv0wea9qqsxpk4jcnaenu3znagtmvvh2cqy7kxqexnaf0dym943znclte5eqnql8e97x",165,165,0,160,10,
2026-05-12T23:07:32Z,27d171d815b124561b75a4a72302abf27d915e90c4964f6fb9c1e815599a67e4,fountain_boost,Fountain,boost,npub1h6dm833nvxz8ykmp3me6uf46agyjwgc535jfn6ew5gzl8rmmtxdq4ysge0,,tnzABSDublkUNKnbIbMA,010,Local Bitcoiners • Evolution & Development of a Meetup: Niagara Canada | Ep. 010,false,1000,330,0.33,sat math 0.33,Can’t get enough of these rips!\n\nhttps://fountain.fm/episode/tnzABSDublkUNKnbIbMA\n\nnostr:nevent1qvzqqqpxqupzpwrxeemtukuzv62esqjgxg4cmaxrs9sgl7j6tdrufuaturv0wea9qqsvelejhca7a2puscs7dpm0ganyd8ppg4q73y6tg54lwvd4z39sk3sdux50t,330,330,0,320,20,
2026-05-12T17:01:09Z,a2032972513fa734968854877398f23fa20a2499e4b28fd0c13125d2f8c29245,zap,nostr zaps,zap,npub15ymzglvv4alrp06q85eqqmawegxf688v0gtqwhjpgtp0a4k2mesqshkwwx,,,,,true,40,40,1.0,zap receipt,#40HPW🎧 🚬,0,0,40,0,0,0
2026-05-11T23:51:59Z,4a17a547a2bed6a670bca71a55ddfc5153261eebb1413108be660c07916dab09,fountain_boost,Fountain,boost,npub13v5w9ylsdahkfggkaa6ya2qardpfsgt8r45n5j27c6j8en8g3nrqsacqpv,,yKaKx7ddLE6lW06ZvGAb,009,Local Bitcoiners • Growing Slow Builds Strong Communities: KC Bitcoiners | Ep. 009,false,500,165,0.33,sat math 0.33,i want it! ⚡️🚀\n\nhttps://fountain.fm/episode/yKaKx7ddLE6lW06ZvGAb\n\nnostr:nevent1qvzqqqpxqupzpwrxeemtukuzv62esqjgxg4cmaxrs9sgl7j6tdrufuaturv0wea9qqs8f0hfqz6t4vfkq5rgj4qwt6j32tfhpm22552uxumaky3zcsrze9ceh8vds,165,165,0,160,10,
2026-05-11T20:49:30Z,8b9bb12d66d03768f30cdb0fb4cff0d115cc133ba58bb0f59759b9a7e7a4ac81,zap,nostr zaps,zap,npub1kggjz5vzyxc0qvdag8cppth0reqptsd26hvty5ua9hwdvrrlsenqs68ews,,,,,true,21,21,1.0,zap receipt,Freedom units,0,0,21,0,0,0
2026-05-11T19:41:05Z,c476a20add049d076ec45fa5637707d7515c360fbc8aa9d4c649a6dcccb48161,website,localbitcoiners.com,boost,npub1l5khqwq3hyw2q9698zj4ujvuxapmldjmtlrnvmq472553wmhg5wq9y8emr,,Q48WBr6nT3mrbwMZ8ydY,,Local Bitcoiners,true,209,69,0.33,kind 30078 + show split,I just posted a meetup on localbitcoiners.com/newevent!\n\nnostr:naddr1qvzqqqrukvpzplfdwquprwgu5qt52w99teyecd6rh7m9kh78xekptu4ffzahw3guqy2hwumn8ghj7un9d3shjtnhv95xjepwd4uj7qg4waehxw309aex2mrp0yhxgctdw4eju6t09uq3wamnwvaz7tmjv4kxz7fwwpexjmtpdshxuet59uqpqdt9xs6rvct9xpnxxet9vdjn2esevyezw,69,69,71,0,0,
2026-05-11T11:31:37Z,a736219fcac87245c8f246d43883dea468059380e38e3da71ea26541d960f23e,fountain_boost,Fountain,boost,npub1z3h8afkwknffxyspvjde77sj6euy66rtyul7qlkl7f2ygktxdqasnn760f,,tnzABSDublkUNKnbIbMA,010,Local Bitcoiners • Evolution & Development of a Meetup: Niagara Canada | Ep. 010,false,5000,1650,0.33,sat math 0.33,"whitepaper street soap is building along with local bitcoiners pod. I can't accept BTC yet through my square website, but if you want soap hit me up on nostr.\n\nhttps://fountain.fm/episode/tnzABSDublkUNKnbIbMA\n\nnostr:nevent1qvzqqqpxqupzpwrxeemtukuzv62esqjgxg4cmaxrs9sgl7j6tdrufuaturv0wea9qqs9ulmz9mg5rlf8g9u35ycq27l5p7rlahp078lywkml3sh843pdkvcyvryc5",1650,1650,0,1600,100,
2026-05-11T10:23:26Z,05adfeba1b56bb84547bb7bee65a9363091a3e0ab617e204ed1d06e13a244998,fountain_boost,Fountain,boost,npub1jxh2kga4ve8d4ftahcqtqswvk5z5f7ya0k2kx3dm679hmw4ysesqvt62rj,,tnzABSDublkUNKnbIbMA,010,Local Bitcoiners • Evolution & Development of a Meetup: Niagara Canada | Ep. 010,false,100,33,0.33,sat math 0.33,🧡💜\n\nhttps://fountain.fm/episode/tnzABSDublkUNKnbIbMA\n\nnostr:nevent1qvzqqqpxqupzpwrxeemtukuzv62esqjgxg4cmaxrs9sgl7j6tdrufuaturv0wea9qqs88jydp35tdpz8fh37ry4etkpq7jcn0y3zf8qj4j832x6pkz9vsrgqwx6zt,33,33,0,32,2,
2026-05-11T00:19:11Z,9dff724959f69665af90fbf88f396922df09ac9ec67a9dc147bcbb40f6e682de,fountain_boost,Fountain,boost,npub15604np6ccsk7ugph4nrg7kyq7kpme9lmcn4l0q2xk4yd5d6puu2s00dr0u,,tnzABSDublkUNKnbIbMA,010,Local Bitcoiners • Evolution & Development of a Meetup: Niagara Canada | Ep. 010,false,1236,408,0.33,sat math 0.33,Thank you gentlemen\n\nhttps://fountain.fm/episode/tnzABSDublkUNKnbIbMA\n\nnostr:nevent1qvzqqqpxqupzpwrxeemtukuzv62esqjgxg4cmaxrs9sgl7j6tdrufuaturv0wea9qqs2pd40etwr4vpuumt9ygulx9m64yq9w9wgndklyxwfu98wtkafkcs2jymm2,407,408,0,396,25,
2026-05-10T16:46:05Z,33a0311dc1fba27f04329569e6ec3c9b2be4163ee378b2e6bea9f05b307bf298,fountain_boost,Fountain,boost,,,pmNA13rcCFrIvdNlUjfA,008,Local Bitcoiners • Making Meetups Fun & Sustainable: Bitcoin Bay | Ep. 008,false,500,165,0.33,sat math 0.33,*no comment with boost*,165,165,0,160,10,
2026-05-10T16:41:58Z,991112c3b4e6d725f2f5a07fcb54c3df5c741ad048a8d44d7c1f53411deac51f,fountain_boost,Fountain,boost,,,pmNA13rcCFrIvdNlUjfA,008,Local Bitcoiners • Making Meetups Fun & Sustainable: Bitcoin Bay | Ep. 008,false,500,165,0.33,sat math 0.33,*no comment with boost*,165,165,0,160,10,
2026-05-10T06:57:50Z,268b7c487681f7a265f4dd29f180b4b2c53d4fb79e7e73b9b43110964199a2da,fountain_boost,Fountain,boost,npub1mc909r6rtu2kfmzfy9u5vzy60jlhgqgzty0jqlz0qhkdraxcypcqduvk2m,,yKaKx7ddLE6lW06ZvGAb,009,Local Bitcoiners • Growing Slow Builds Strong Communities: KC Bitcoiners | Ep. 009,false,2000,660,0.33,sat math 0.33,https://fountain.fm/episode/yKaKx7ddLE6lW06ZvGAb\n\nnostr:nevent1qvzqqqpxqupzpwrxeemtukuzv62esqjgxg4cmaxrs9sgl7j6tdrufuaturv0wea9qqs98x8rgxtauv2h6f57y4ujp6wypxn4csrzzxgkuumz6xlecd85uqqg0w9ej,660,660,0,640,40,
2026-05-10T00:05:44Z,a2057fd8ae002304d368cdc85f993f27d1d79b53b924e7b3e9ba0e3ddf6902ef,zap,nostr zaps,zap,npub130306t8henn954hssg9sygf9ax45q3x8m30ygn3vps82kagpkrtsyj2p7f,,,,,true,2100,2100,1.0,zap receipt,⚡️🤘,0,0,2100,0,0,0
2026-05-08T18:00:32Z,8179b73488e745a68645a7e1e61c1eca93bdbdaeaf96cf27143c5016b1adaeeb,website,localbitcoiners.com,boost,npub1f5pre6wl6ad87vr4hr5wppqq30sh58m4p33mthnjreh03qadcajs7gwt3z,,Q48WBr6nT3mrbwMZ8ydY,,Local Bitcoiners,true,209,69,0.33,kind 30078 + show split,South West Michigan Bitcoin Meetup \nThird Thursday every month\n630pm at Dwellers Co-working Space\nBenton Harbor Michigan\n\nnostr:naddr1qvzqqqrukvpzqngz8n5al4660uc8tw8guzzqpzlp0g0h2rrrkh08y8nwlzp6m3m9qq4k66trdp5kwctw943xjarrda5kuttdv4jhgats953n2dfdxymnwwp38qerswp38qunxtfs6m9ezf,69,69,71,0,0,
2026-05-08T15:03:38Z,5a5caf0c66d9c6a35512635384c0c129df610c35868515a132cf13023593dd8d,fountain_boost,Fountain,boost,,,pmNA13rcCFrIvdNlUjfA,008,Local Bitcoiners • Making Meetups Fun & Sustainable: Bitcoin Bay | Ep. 008,false,1000,330,0.33,sat math 0.33,*no comment with boost*,330,330,0,320,20,
2026-05-08T02:46:58Z,fae20514e5e7138dda8eeae09fb43e5afbc05bbbd92ffb671e6d45da00f18454,fountain_boost,Fountain,boost,,,pmNA13rcCFrIvdNlUjfA,008,Local Bitcoiners • Making Meetups Fun & Sustainable: Bitcoin Bay | Ep. 008,false,1000,330,0.33,sat math 0.33,*no comment with boost*,330,330,0,320,20,
2026-05-07T06:02:25Z,a2dd693923a3b9e9152ddd60c24f32831700a519f6d8eb0c0c9659173480b5e2,zap,nostr zaps,zap,npub1tan2cwtf8s7zxvck79qllzaa7smy03y9ftd50gk6jnag2htnslssyfhjmr,,,,,true,21,7,0.333333,zap receipt,🤘,0,0,7,0,0,0
2026-05-07T03:51:02Z,f90425b80c2553e4f58bd1587cfd5b1139000f1f9a8769e3d3c274dc5aa7801d,zap,nostr zaps,zap,npub1lhuex5pzy833ekxpvdmjz9k6rvv5763e4h2cgdfsx62egu0wk6hs7yd2ck,,,,,true,250,50,0.2,zap receipt,,0,0,50,0,0,0
2026-05-07T00:26:37Z,9f4c128beb2d6c71ef9691569cadec3f26e70560d47b115966336bb399f3f78e,zap,nostr zaps,zap,npub1atyrdmagtrl2cfxvcy5nlt39d0ueu8zv85u24rh6w52qelz7ekts29q3wc,,,,,true,21,5,0.25,zap receipt,,0,0,5,0,0,0
2026-05-07T00:20:03Z,a34e1c3e446a6b55f4934af91fc96dd128b3dad548b5fd3a9f4d25610113c695,fountain_boost,Fountain,boost,npub15ymzglvv4alrp06q85eqqmawegxf688v0gtqwhjpgtp0a4k2mesqshkwwx,,D1Z2oJExWQIqEmrg95TL,007,"Local Bitcoiners • How Meetups can Benefit from V4V, Nostr and Valuechains | Ep. 007",false,324,107,0.33,sat math 0.33,*no comment with boost*,107,107,104,0,6,
2026-05-07T00:18:42Z,37afc503c5db5bbe1fad33e96145af07b6dbe95d94a3dd030bd0de9aaded59eb,fountain_boost,Fountain,boost,npub15ymzglvv4alrp06q85eqqmawegxf688v0gtqwhjpgtp0a4k2mesqshkwwx,,9bujoMt5jRPVOwtIZmop,006,Local Bitcoiners • Grassroots Recap: Philly Suburbs & Bitcoin Park Nashville | Ep. 006,false,324,107,0.33,sat math 0.33,#40HPW🎧,107,107,0,104,6,
2026-05-07T00:18:29Z,9d6bb933be9f50aa2f6a592b3c9ac82bd300479887608c5a6de896eb62612a2d,fountain_boost,Fountain,boost,npub15ymzglvv4alrp06q85eqqmawegxf688v0gtqwhjpgtp0a4k2mesqshkwwx,,9bujoMt5jRPVOwtIZmop,006,Local Bitcoiners • Grassroots Recap: Philly Suburbs & Bitcoin Park Nashville | Ep. 006,false,324,107,0.33,sat math 0.33,#40HPW🎧,107,107,0,104,6,
2026-05-07T00:16:06Z,64779bf4aec99906ebc9fcd2ff806ecb58054ad59fbddd7768f34d0cc5e4a244,fountain_boost,Fountain,boost,,,RA7xsAHQKExrM4RcExQQ,004,"Local Bitcoiners • Cypherpunks Write Code: AI, Meetups & the Meshtadel | Ep. 004",false,324,107,0.33,sat math 0.33,*no comment with boost*,107,107,104,0,6,
2026-05-07T00:14:32Z,47bab985f60c461a0a6fad62501e0801601ccee439889b43687e7010fba6cff0,fountain_boost,Fountain,boost,,,PyYiZvwjQw13umitWd3D,001,"Local Bitcoiners • 001. Starting and Growing Meetups | Western MA and South Bend, IN",false,324,107,0.33,sat math 0.33,*no comment with boost*,107,107,104,0,6,
2026-05-06T23:52:35Z,3e34d49cbcb72d28968be52d93bd204364126afab79f6371b1ad4b73554bd5ea,zap,nostr zaps,zap,npub15ymzglvv4alrp06q85eqqmawegxf688v0gtqwhjpgtp0a4k2mesqshkwwx,,,,,true,40,8,0.2,zap receipt,#40HPW🎧,0,0,8,0,0,0
2026-05-06T22:33:24Z,5a5d47f5002f7d60d8b5cce5f899abfb682156d7751e71699a84bea3a1c98075,website,localbitcoiners.com,boost,npub1xgyjasdztryl9sg6nfdm2wcj0j3qjs03sq7a0an32pg0lr5l6yaqxhgu7s,,NFBJRwFDW34wNHkujo3e,003,"Meetups & Podcasts are the Signal: Ottawa, CA | Ep. 003",false,2100,693,0.33,kind 30078 + sat math 0.33,If you liked this episode you should definitely Check out nostr:npub1phvflpwfkevj50jlvaw5lerl7avynpwt5tl9kpmt07kwmnsw04vqe9n97v 's new podcast The 49th Parallel: https://fountain.fm/show/vARGbgr25lkUBWbjn4ss,693,693,42,672,0,
2026-05-06T21:36:33Z,ce60a75d1e7aba0a94221a8cb5b79eb266ea79d32ab6456e0238e80a5a297847,website,localbitcoiners.com,boost,npub1xgyjasdztryl9sg6nfdm2wcj0j3qjs03sq7a0an32pg0lr5l6yaqxhgu7s,,Q48WBr6nT3mrbwMZ8ydY,,Local Bitcoiners,true,209,69,0.33,kind 30078 + show split,nostr:npub1cvcgs83gw6pcrhvtmlf8gdqaegx93qkznwry96jteqhh2cexgkfq45rtya Boost bots have been made public for transparency: https://github.com/ReedBTC/localbitcoiners/tree/main/bots,69,69,71,0,0,
2026-05-06T15:24:08Z,7cad94e18645be3a5382e3d369c4463a498693cb245242620138122a621eee04,fountain_boost,Fountain,boost,npub1zm95kw87nf6gkesg76jedyfejt0u2zgx2fxgxywdxc9ugq3z4w2q4m092t,,yKaKx7ddLE6lW06ZvGAb,009,Local Bitcoiners • Growing Slow Builds Strong Communities: KC Bitcoiners | Ep. 009,false,421,139,0.33,sat math 0.33,The deeper social connection with your audience is extremely important. Nostr + pc2.0 communities. Massive value that spotify cannot replicate.\n\nhttps://fountain.fm/episode/yKaKx7ddLE6lW06ZvGAb\n\nnostr:nevent1qvzqqqpxqupzpwrxeemtukuzv62esqjgxg4cmaxrs9sgl7j6tdrufuaturv0wea9qqs8gge7glmu6hkt7pv40jjdpzz4da4pghxut8r2hjpux5mwq7ud86crpvvl7,139,139,0,135,8,
2026-05-06T15:22:25Z,b8ccac37d3106dd9202864229fb3bf99a3494a92781bf2160e47722df41bbce8,fountain_boost,Fountain,boost,npub1zm95kw87nf6gkesg76jedyfejt0u2zgx2fxgxywdxc9ugq3z4w2q4m092t,,yKaKx7ddLE6lW06ZvGAb,009,Local Bitcoiners • Growing Slow Builds Strong Communities: KC Bitcoiners | Ep. 009,false,421,139,0.33,sat math 0.33,"Reed, this is what we do with musicians IRL! They wont get it right away and it depends on what stage theyre in. Each artist is diff. Its not usually abt money... talk abt the ""other stuff"" like publishing and distro. If you need support thru the journey, reach out, we r relatively local to you and happy to help with all of it!\n\nhttps://fountain.fm/episode/yKaKx7ddLE6lW06ZvGAb\n\nnostr:nevent1qvzqqqpxqupzpwrxeemtukuzv62esqjgxg4cmaxrs9sgl7j6tdrufuaturv0wea9qqst6d4l34hwf3ce3ackx03md75e9c5xredfucg2a5045dr77lxg7ksgtq3hz",139,139,0,135,8,
2026-05-06T14:34:57Z,2486db82b058bbf605e27737bb1e48cadcd7103046bfea96726c30e4db0a73a4,fountain_boost,Fountain,boost,npub1zm95kw87nf6gkesg76jedyfejt0u2zgx2fxgxywdxc9ugq3z4w2q4m092t,,yKaKx7ddLE6lW06ZvGAb,009,Local Bitcoiners • Growing Slow Builds Strong Communities: KC Bitcoiners | Ep. 009,false,421,139,0.33,sat math 0.33,"Boost on behalf of Cleveland Bitcoin - #valuechain increases the velocity of value, supercharging the flywheel.\n\nhttps://fountain.fm/episode/yKaKx7ddLE6lW06ZvGAb\n\nnostr:nevent1qvzqqqpxqupzpwrxeemtukuzv62esqjgxg4cmaxrs9sgl7j6tdrufuaturv0wea9qqs055hvl69avqqxn9ux6e4spdh8dzpghnchcxcz6kcvf57q4expxyqzh3zds",139,139,0,135,8,
2026-05-06T00:20:16Z,a99234fa3ab3853e82afb028b481ccb8d1ee8075dae7b1427b85bf5e64c82dc8,fountain_boost,Fountain,boost,npub1y3s99smcstupmj0txq3j26s7ue5qynuyjng5xle6jw5jy8jt85tq6kajjt,,yKaKx7ddLE6lW06ZvGAb,009,Local Bitcoiners • Growing Slow Builds Strong Communities: KC Bitcoiners | Ep. 009,false,321,106,0.33,sat math 0.33,"nostr:npub16jq5v5q7gfx6dnprmzxyjdu6ncmah0mfajavfmwcsm82c7ljtj0q5dzvfc is hosting Pizza Night at the Winery, Thursday May 22nd, in Winters, CA\n\nhttps://web.cluborange.org/home/search/event/69e151d5b8bc05e1190cf595",106,106,0,103,6,
2026-05-05T03:32:14Z,52a48b337e2bd0291aa44c0cd90025a10a466337744319dcc0c88c073aacd4d6,website,localbitcoiners.com,boost,npub1f5pre6wl6ad87vr4hr5wppqq30sh58m4p33mthnjreh03qadcajs7gwt3z,,pmNA13rcCFrIvdNlUjfA,008,Making Meetups Fun & Sustainable: Bitcoin Bay | Ep. 008,false,100,33,0.33,kind 30078 + sat math 0.33,,33,33,2,32,0,
2026-05-04T20:46:02Z,c197214a953ec888920452be779b0da127779b087f31a1e7216ca420a027b1fc,fountain_boost,Fountain,boost,npub1vvcxpktswmuaqr5a27u3926m036mu43wgev4rsktcntduygdn4estgp5fy,,yKaKx7ddLE6lW06ZvGAb,009,Local Bitcoiners • Growing Slow Builds Strong Communities: KC Bitcoiners | Ep. 009,false,100,33,0.33,sat math 0.33,So many good ideas and not even halfway through the episode. Bullish.\n\nhttps://fountain.fm/episode/yKaKx7ddLE6lW06ZvGAb\n\nnostr:nevent1qvzqqqpxqupzpwrxeemtukuzv62esqjgxg4cmaxrs9sgl7j6tdrufuaturv0wea9qqs92ynv32yjpkn6jfu5w6dxn4hyqgp9e33exf9rxrnueg20kdgq3xcg5zvqc,33,33,0,32,2,
2026-05-04T20:45:40Z,48f86d5e9c92218e31320203cfd678802acc4de95e167d4e9298d9b31dd474e8,website,localbitcoiners.com,boost,npub177fz5zkm87jdmf0we2nz7mm7uc2e7l64uzqrv6rvdrsg8qkrg7yqx0aaq7,,Q48WBr6nT3mrbwMZ8ydY,,Local Bitcoiners,true,209,69,0.33,kind 30078 + show split,Testing primal signer on ios,69,69,71,0,0,
2026-05-04T17:29:47Z,ed94607232d3bc6aa8c707da0f28d7f45cb6448b0a271e977a32535f3259e889,fountain_boost,BoostMeBitch,boost,,Owen,yKaKx7ddLE6lW06ZvGAb,009,Growing Slow Builds Strong Communities: KC Bitcoiners | Ep. 009,false,121,41,1.0,tardbox,Test Boost using ChadF's Boost Me Bitch (https://www.boostmebitch.com/),40,40,0,39,2,
2026-05-04T17:23:16Z,e373796bf93e9907261dc0b2f41679707cde54ff040ac9e23426d93721af2989,zap,nostr zaps,zap,npub1z3h8afkwknffxyspvjde77sj6euy66rtyul7qlkl7f2ygktxdqasnn760f,,,,,true,42,42,1.0,zap receipt,Nature,0,0,42,0,0,0
2026-05-04T15:55:07Z,2f6150a197cf1628c3be345fa56920390a3e237011e23dc4a24a63bc890e6e1f,website,localbitcoiners.com,boost,npub1pg5wkhjs3mtxq7xtwjhnygy9lg9xlatty5gxv8dpz0gstrh0sc0s24u78v,,Q48WBr6nT3mrbwMZ8ydY,,Local Bitcoiners,true,100,33,0.33,kind 30078 + show split,Test boost!,33,33,34,0,0,
2026-05-04T15:29:48Z,1526ce075e8c352e1472c0948770ff87ce51736342d9e410ce72ec651d11ae52,fountain_boost,Fountain,boost,,,Q48WBr6nT3mrbwMZ8ydY,,Local Bitcoiners,true,5000,1650,0.33,sat math 0.33,Great rip as usual fellas. Always come away with some new ideas for my meetup!\n\nnpub1q8ks84vvjr9gyqs6mwnr6s8q4esaff3e60nykzzm6xtkmjns7dfqyhp6gc,1650,1650,1600,0,100,
2026-05-03T17:25:21Z,76e5b229845b0ef684a12f183f385c111b4b574b680488b7e287d7a69132c004,fountain_boost,Fountain,boost,npub182v84pkj2pqcvlrwwshy2fzyrs7wduxeth49qeepg24d24sj4r0q82d99a,,yKaKx7ddLE6lW06ZvGAb,009,Local Bitcoiners • Growing Slow Builds Strong Communities: KC Bitcoiners | Ep. 009,false,2100,693,0.33,sat math 0.33,Thanks for the show.\n\nhttps://fountain.fm/episode/yKaKx7ddLE6lW06ZvGAb\n\nnostr:nevent1qvzqqqpxqupzpwrxeemtukuzv62esqjgxg4cmaxrs9sgl7j6tdrufuaturv0wea9qqs97xwkzlaekdedwnpt5gqk84kvyywwkqzeul283wytmgl7xvl8gxg5tj6dt,693,693,0,672,42,
2026-05-03T15:59:49Z,13d14a7239459ae8e1d7f80795964a53e4bd3e6b83aca071da103e4989a8cadb,fountain_boost,Fountain,boost,npub1t49ker2fyy2xc5y7qrsfxrp6g8evsxluqmaq09xt7uuhhzsurm3srw4jj5,,yKaKx7ddLE6lW06ZvGAb,009,Local Bitcoiners • Growing Slow Builds Strong Communities: KC Bitcoiners | Ep. 009,false,421,139,0.33,sat math 0.33,Great discussion about organic growth. Slow is smooth and smooth is fast.\n\nhttps://fountain.fm/episode/yKaKx7ddLE6lW06ZvGAb\n\nnostr:nevent1qvzqqqpxqupzpwrxeemtukuzv62esqjgxg4cmaxrs9sgl7j6tdrufuaturv0wea9qqsduhjzxrk30tmh5t7xntaa8v90gf8092f4h9asjklz6kufxrd8x0syxksay,139,139,0,135,8,
2026-05-03T14:10:19Z,8d69ec6d41177e10e0867094fe68c31238c8f3996eabfcee563726b722ae96df,fountain_boost,Fountain,boost,npub15ymzglvv4alrp06q85eqqmawegxf688v0gtqwhjpgtp0a4k2mesqshkwwx,,yKaKx7ddLE6lW06ZvGAb,009,Local Bitcoiners • Growing Slow Builds Strong Communities: KC Bitcoiners | Ep. 009,false,324,107,0.33,sat math 0.33,Build tools for the next generation.  Teach the children to earn sats by doing shit.\n\nhttps://fountain.fm/episode/yKaKx7ddLE6lW06ZvGAb\n\nnostr:nevent1qvzqqqpxqupzpwrxeemtukuzv62esqjgxg4cmaxrs9sgl7j6tdrufuaturv0wea9qqs0yyfxt5gghh6v8l6ts53lt9azvn40clnjj99c22ff8fxudgu8ydqg5ukuq,107,107,0,104,6,
2026-05-03T13:22:26Z,8e39f5f8143bf2672045f9708958313001b7a0f5b9bf95f17b942f1930fdb60f,fountain_boost,Fountain,boost,npub1jxh2kga4ve8d4ftahcqtqswvk5z5f7ya0k2kx3dm679hmw4ysesqvt62rj,,yKaKx7ddLE6lW06ZvGAb,009,Local Bitcoiners • Growing Slow Builds Strong Communities: KC Bitcoiners | Ep. 009,false,112,37,0.33,sat math 0.33,🧡\n\nhttps://fountain.fm/episode/yKaKx7ddLE6lW06ZvGAb\n\nnostr:nevent1qvzqqqpxqupzpwrxeemtukuzv62esqjgxg4cmaxrs9sgl7j6tdrufuaturv0wea9qqszuz8j79nkjfgqpamcd9anrfm628tg32ggpf3pjjss8r2t7d5mm9qlwne8l,37,37,0,36,2,
2026-05-03T13:22:12Z,cb0d78bbd70aac0f094de818ea39df4799c98b47a6ce3f910cc31bcd943fd9f4,fountain_boost,Fountain,boost,npub15604np6ccsk7ugph4nrg7kyq7kpme9lmcn4l0q2xk4yd5d6puu2s00dr0u,,yKaKx7ddLE6lW06ZvGAb,009,Local Bitcoiners • Growing Slow Builds Strong Communities: KC Bitcoiners | Ep. 009,false,236,78,0.33,sat math 0.33,Thank you gentlemen\n\nhttps://fountain.fm/episode/yKaKx7ddLE6lW06ZvGAb\n\nnostr:nevent1qvzqqqpxqupzpwrxeemtukuzv62esqjgxg4cmaxrs9sgl7j6tdrufuaturv0wea9qqsrg6l7m6aqfmc49agvk9jl7wl5jxxs8mnuy4wv9j4zkky092xcqmce0dy9g,77,78,0,76,5,
2026-05-03T02:59:53Z,061ce07eb59eab600edce8d56454ea53cab753ef0b1b48c8d0b08a8d59229f78,fountain_boost,Fountain,boost,npub1z3h8afkwknffxyspvjde77sj6euy66rtyul7qlkl7f2ygktxdqasnn760f,,yKaKx7ddLE6lW06ZvGAb,009,Local Bitcoiners • Growing Slow Builds Strong Communities: KC Bitcoiners | Ep. 009,false,5000,1650,0.33,sat math 0.33,Thursday May 21 at 6 PM MiBTC is having a party at the devos place in Grand rapids Michigan. It's political if that's your bag. Tickets at misesbitcoinball.com\n\nhttps://fountain.fm/episode/yKaKx7ddLE6lW06ZvGAb\n\nnostr:nevent1qvzqqqpxqupzpwrxeemtukuzv62esqjgxg4cmaxrs9sgl7j6tdrufuaturv0wea9qqszsnl5axkmryng8rvmvfewds827ht9ykfrj4q02qek0wj8gmdkvqc52jr3k,1650,1650,0,1600,100,
2026-05-03T01:44:10Z,,castamatic_stream,Castamatic,stream,,ChadF,yKaKx7ddLE6lW06ZvGAb,009,Growing Slow Builds Strong Communities: KC Bitcoiners | Ep. 009,false,5536,1827,,castamatic stream aggregate,,1826,1827,0,1772,111,
2026-05-03T01:04:07Z,804dd167267d375daabf5c494008eb76a39d5ab39307e6e1991d24d366af2696,fountain_boost,Fountain,boost,npub12znrejs4k94kp5efhyhk9rzr9jxpy6ymgrlf6py4awpkkhed7cmshs6yg6,,yKaKx7ddLE6lW06ZvGAb,009,Local Bitcoiners • Growing Slow Builds Strong Communities: KC Bitcoiners | Ep. 009,false,124,41,0.33,sat math 0.33,Really great discussion 👍\n\nhttps://fountain.fm/episode/yKaKx7ddLE6lW06ZvGAb\n\nnostr:nevent1qvzqqqpxqupzpwrxeemtukuzv62esqjgxg4cmaxrs9sgl7j6tdrufuaturv0wea9qqs9mv5y0awv25c0sg2plca0tn95fxuvundyaxurc0n894cttczn79gmj7zgw,41,41,0,40,2,
2026-05-03T00:17:53Z,fe61e10aa2dd586a9d7f1d53309a85d0d9c62b9f461bbfd057efab498e467549,zap,nostr zaps,zap,npub1tmdt7ksm2pl5cftdpnt6fmslnvtjdsy4wdm73krxcamk7stupuhs92flxu,,,,,true,5,5,1.0,zap receipt,Earning While Learning I withdrew to my wallet more than 70k SATs https://shorturl.at/Qwlyb,0,0,5,0,0,0
2026-05-02T23:07:35Z,bfe7a46efa438ad67ade8de1499cb33296d83f803673ee1165ed0bb8ae979244,fountain_boost,Castamatic,boost,,ChadF,yKaKx7ddLE6lW06ZvGAb,009,Growing Slow Builds Strong Communities: KC Bitcoiners | Ep. 009,false,333,110,1.0,castamatic api,,109,110,0,107,7,
2026-05-02T23:04:24Z,3a68c0b7e3be3ec82336d98668ca0341bfddd41745497067673f2e1f90b29679,fountain_boost,Fountain,boost,npub15ymzglvv4alrp06q85eqqmawegxf688v0gtqwhjpgtp0a4k2mesqshkwwx,,yKaKx7ddLE6lW06ZvGAb,009,Local Bitcoiners • Growing Slow Builds Strong Communities: KC Bitcoiners | Ep. 009,false,1112,367,0.33,sat math 0.33,Don't forget the hang... Build in joy together.\n#40HPW🎧\n\nhttps://fountain.fm/episode/yKaKx7ddLE6lW06ZvGAb\n\nnostr:nevent1qvzqqqpxqupzpwrxeemtukuzv62esqjgxg4cmaxrs9sgl7j6tdrufuaturv0wea9qqsfmhxyl0axuxjd77p3ydp3xrxg2kat3nmryg7readyq0wey9d25hc2jwpr7,367,367,0,356,22,
2026-05-02T23:01:50Z,0e754ffff8a151e8bc53c2e3443a6cfb658d5524845e1e7991d64467ec81b03e,zap,nostr zaps,zap,npub15ymzglvv4alrp06q85eqqmawegxf688v0gtqwhjpgtp0a4k2mesqshkwwx,,,,,true,40,20,0.5,zap receipt,#40HPW🎧,0,0,20,0,0,0
2026-05-02T22:46:28Z,e308d91991f7bcd69e834f36992b37d1b1d26a471e9fe083f3bb35cb256cd5c3,website,localbitcoiners.com,boost,,,Q48WBr6nT3mrbwMZ8ydY,,Local Bitcoiners,true,100,33,0.33,kind 30078 + show split,,33,33,34,0,0,
2026-05-02T22:26:01Z,fcafdad4374784a4b7e04e0ffec11bb694208d6132c655b198e656a0a5598169,fountain_boost,Fountain,boost,npub16djxdyd6tvwhjmq7rv6rphcqlcgcnmyuyv580tw7rry0v440rrcq4ukhtp,,yKaKx7ddLE6lW06ZvGAb,009,Local Bitcoiners • Growing Slow Builds Strong Communities: KC Bitcoiners | Ep. 009,false,100,33,0.33,sat math 0.33,Fuck I didn't know you guys did Paynyms. Keep an eye out!,33,33,0,32,2,
2026-05-02T22:20:22Z,68e618cecb064ef7f1fa718975a6004beae1b54849f0cc623067f605ec16d70d,fountain_boost,Fountain,boost,npub16djxdyd6tvwhjmq7rv6rphcqlcgcnmyuyv580tw7rry0v440rrcq4ukhtp,,yKaKx7ddLE6lW06ZvGAb,009,Local Bitcoiners • Growing Slow Builds Strong Communities: KC Bitcoiners | Ep. 009,false,10000,3300,0.33,sat math 0.33,Looking forward to listening boys. Pre-boosting,3300,3300,0,3200,200,
2026-05-02T21:27:35Z,d762d82a4482d6d84e4d1739df7784cff8deac9950e01b09a80ff2fef71fb353,lb_donation,localbitcoiners.com,boost,npub1xgyjasdztryl9sg6nfdm2wcj0j3qjs03sq7a0an32pg0lr5l6yaqxhgu7s,,,,localbitcoiners.com,false,21,21,1.0,full amount received,Testing WebLN payments on localbitcoiners.com - the people have spoken!,11,10,0,0,0,
2026-05-02T20:24:09Z,3ea283ab225cb5ad18f66f4030adf00f3fa7dac92d710603eee920bda5bf08be,keysend,PodcastGuru,boost,npub1yvscx9vrmpcmwcmydrm8lauqdpngum4ne8xmkgc2d4rcaxrx7tkswdwzdu,,yKaKx7ddLE6lW06ZvGAb,009,Growing Slow Builds Strong Communities: KC Bitcoiners | Ep. 009,false,42069,13189,1.0,keysend boostagram,"Thanks for having me on! hope to continue to improve bowlafterbowl.com and continue to evolve alongside your localbitcoiners.com site. Iron sharpens iron, and I greatly value hearing what you guys are discovering on your value for value journey 🙏 long live the value chain!",13883,13883,0,13462,841,
2026-05-02T20:23:27Z,0fb801c69c53d1fa4bf6a8b724c17ed7ab6f4d1453f1513f5a075834b18c6093,zap,nostr zaps,zap,npub15ymzglvv4alrp06q85eqqmawegxf688v0gtqwhjpgtp0a4k2mesqshkwwx,,,,,true,40,40,1.0,zap receipt,#40HPW🎧,0,0,40,0,0,0
2026-05-02T19:06:09Z,a71f694b4fa0e66ce1175c9aefa3e4db587f440dae1443cc79ce16c870275c6e,fountain_boost,Fountain,boost,npub1cvcgs83gw6pcrhvtmlf8gdqaegx93qkznwry96jteqhh2cexgkfq45rtya,,yKaKx7ddLE6lW06ZvGAb,009,Local Bitcoiners • Growing Slow Builds Strong Communities: KC Bitcoiners | Ep. 009,false,3994,1318,0.33,sat math 0.33,⚡ New boost on Local Bitcoiners!\n💰 3994 sats 📱 via Fountain\n💬 Hell yeah gents.  Loving the show 🙏\nGreat guest 💪\n#40HPW🎧🚬\n🎙️ Local Bitcoiners • Growing Slow Builds Strong Communities: KC Bitcoiners | Ep. 009 - Guest(s): nostr:npub1yvscx9vrmpcmwcmydrm8lauqdpngum4ne8xmkgc2d4rcaxrx7tkswdwzdu\n🔗 https://fountain.fm/episode/yKaKx7ddLE6lW06ZvGAb\n\n#LocalBitcoiners,1318,1318,0,1278,80,
2026-05-02T16:38:00Z,88520f80653c19625be41273c8a8ba0e88a173f8da8719890a607e73fcd14cfe,website,localbitcoiners.com,boost,npub177fz5zkm87jdmf0we2nz7mm7uc2e7l64uzqrv6rvdrsg8qkrg7yqx0aaq7,,yKaKx7ddLE6lW06ZvGAb,009,Growing Slow Builds Strong Communities: KC Bitcoiners | Ep. 009,false,100,33,0.33,kind 30078 + sat math 0.33,Testing my webln fix on the site.,33,33,2,32,0,
2026-05-02T14:21:08Z,dabe835750a1ebdfa719e882e6be93d46ce3c41a8342298ebe9380c3668659c8,lb_donation,localbitcoiners.com,boost,npub177fz5zkm87jdmf0we2nz7mm7uc2e7l64uzqrv6rvdrsg8qkrg7yqx0aaq7,,,,localbitcoiners.com,false,210,210,1.0,full amount received,If you guys want to really lean into nostr having a nostr thread for each episode on the site would be cool.,105,105,0,0,0,
2026-05-02T14:17:54Z,34ae7d2fad9cb92c23f674bf23a99bedcfbb8b455a298f1ac8647429899285c8,lb_donation,localbitcoiners.com,boost,npub177fz5zkm87jdmf0we2nz7mm7uc2e7l64uzqrv6rvdrsg8qkrg7yqx0aaq7,,,,localbitcoiners.com,false,210,210,1.0,full amount received,Yall even got a download button right on the site. Based,105,105,0,0,0,
2026-05-02T04:32:56Z,cc82293433d29de1551b613ea625ba1ec6574390d87af4f46d0c4266e474ab74,lb_donation,localbitcoiners.com,boost,npub177fz5zkm87jdmf0we2nz7mm7uc2e7l64uzqrv6rvdrsg8qkrg7yqx0aaq7,,,,localbitcoiners.com,false,21,21,1.0,full amount received,webln test,11,10,0,0,0,
2026-05-02T03:42:05Z,,keysend_stream,CurioCaster,stream,,ericpp,,,,true,181,181,,keysend stream aggregate,,59,60,58,0,4,
2026-05-02T03:29:55Z,,keysend_stream,CurioCaster,stream,,ericpp,yKaKx7ddLE6lW06ZvGAb,009,Growing Slow Builds Strong Communities: KC Bitcoiners | Ep. 009,false,1216,1216,,keysend stream aggregate,,402,401,0,389,24,
2026-05-02T03:28:09Z,1a447ada2859f7478127d4b564c9fa9e9fa5826dbf171a5d350fecaf5315e60d,lb_donation,localbitcoiners.com,boost,npub177fz5zkm87jdmf0we2nz7mm7uc2e7l64uzqrv6rvdrsg8qkrg7yqx0aaq7,,,,localbitcoiners.com,false,210,210,1.0,full amount received,Testing Amber sign in and NWC on the website,105,105,0,0,0,
2026-05-02T02:09:46Z,e1c3343707511c388abee78d030177301ef70d441e86f9015241806c54d49437,keysend,CurioCaster,boost,,ericpp,yKaKx7ddLE6lW06ZvGAb,009,Growing Slow Builds Strong Communities: KC Bitcoiners | Ep. 009,false,3333,1100,1.0,keysend boostagram,,1099,1100,0,1067,67,
2026-05-02T01:49:35Z,be655090b1e0a40d12cfe83740cb25e9137777a7150c7a936591b2b44fd9961f,lb_donation,localbitcoiners.com,boost,npub19ha7tju4teqp3dmwv4p28wrcy9zd6h6hxkg5mwvjrlfycweazpkse2q0fa,,,,localbitcoiners.com,false,210,210,1.0,full amount received,Testing from the site! Love the boost button.,105,105,0,0,0,
2026-05-02T01:49:34Z,c8866f8ec2a92bf3943a8eb6a28891749022802331aba9ac570434ede3055523,keysend,PodcastGuru,boost,,DuhLaurien,yKaKx7ddLE6lW06ZvGAb,009,Growing Slow Builds Strong Communities: KC Bitcoiners | Ep. 009,false,3333,1045,1.0,keysend boostagram,"Abundance mentality, open source everything. V4V takes commitment + consistency but goes so far beyond money! It demands responsibility of both value givers + receivers but leads to limitless collaboration, community, + fun. 💜 Those experiences CAN be evaluated in monetary terms if mentally necessary despite being priceless (and great memories.)",1099,1100,0,1067,67,
2026-05-02T01:49:31Z,407e457dbbf7a81e20d6a9d13f6d8cf1ddb8751991ac33c289d0902530da2263,keysend,PodcastGuru,boost,,DuhLaurien,yKaKx7ddLE6lW06ZvGAb,009,Growing Slow Builds Strong Communities: KC Bitcoiners | Ep. 009,false,100,32,1.0,keysend boostagram,test,33,33,0,32,2,
2026-05-02T00:57:00Z,0804c80687acba785a4de2e4fcdbd3f8c9f3f6c41bb777b485c8a929294312e5,fountain_boost,Castamatic,boost,,ChadF,yKaKx7ddLE6lW06ZvGAb,009,Growing Slow Builds Strong Communities: KC Bitcoiners | Ep. 009,false,333,110,1.0,castamatic api,,109,110,0,107,7,
2026-05-02T00:54:14Z,d7a093f72750d89ce9a5b4a79803ab1f129a29fb914228f5a3e0d149fb716c84,keysend,PodcastGuru,boost,,Sir Spencer,yKaKx7ddLE6lW06ZvGAb,009,Growing Slow Builds Strong Communities: KC Bitcoiners | Ep. 009,false,420,131,1.0,keysend boostagram,testing o7,139,139,0,134,8,
2026-05-01T22:06:06Z,46e0dd6bc55499eadd5dafbed3e45d5dd467578e7751211c9e8852597bc2aa89,lb_donation,localbitcoiners.com,boost,npub1yvscx9vrmpcmwcmydrm8lauqdpngum4ne8xmkgc2d4rcaxrx7tkswdwzdu,,,,localbitcoiners.com,false,420,420,1.0,full amount received,Testing the website boost :),210,210,0,0,0,
2026-05-01T21:12:27Z,5121422cfc049be52c13abb149013fccbd6b32c29059a358a6430a3265f394a2,lb_donation,localbitcoiners.com,boost,npub177fz5zkm87jdmf0we2nz7mm7uc2e7l64uzqrv6rvdrsg8qkrg7yqx0aaq7,,,,localbitcoiners.com,false,333,333,1.0,full amount received,test,167,166,0,0,0,
2026-05-01T10:29:17Z,a3e21b36a6394ea8537f8230c056831dcef9b90bae870f78f8ed1dbd39761cf3,fountain_boost,Fountain,boost,npub1xgyjasdztryl9sg6nfdm2wcj0j3qjs03sq7a0an32pg0lr5l6yaqxhgu7s,,Q48WBr6nT3mrbwMZ8ydY,,Local Bitcoiners,true,2100,693,0.33,sat math 0.33,More v4v ideas incoming ⚡⚡\n\nhttps://fountain.fm/show/Q48WBr6nT3mrbwMZ8ydY\n\nnostr:nevent1qvzqqqpxqupzpwrxeemtukuzv62esqjgxg4cmaxrs9sgl7j6tdrufuaturv0wea9qqswputzx37884dlgn3d43qcc3uqyn96ft0qrm4l866e4t4u5ddlu5gtxph3y,693,693,672,0,42,
2026-05-01T02:33:00Z,87e8a46589b4c11729589ffe978a70d93381a44bb9548f58c673673e3f8c0df3,zap,nostr zaps,zap,npub1xgyjasdztryl9sg6nfdm2wcj0j3qjs03sq7a0an32pg0lr5l6yaqxhgu7s,,,,,true,25,6,0.25,zap receipt,,0,0,6,0,0,0
2026-05-01T02:25:52Z,d523365d1ee97b92de1895264dd250f684c37e08096f34f654a98112b1b5eba5,website,localbitcoiners.com,boost,npub1xgyjasdztryl9sg6nfdm2wcj0j3qjs03sq7a0an32pg0lr5l6yaqxhgu7s,,pmNA13rcCFrIvdNlUjfA,008,Making Meetups Fun & Sustainable: Bitcoin Bay | Ep. 008,false,100,33,0.33,kind 30078 + sat math 0.33,Every website will be a nostr client 😎,33,33,2,32,0,
2026-04-30T17:09:56Z,7cf4b77934efdec4d1610e4cb4e002c5a7c9d5d70f0166247f00223a1818ac4c,website,localbitcoiners.com,boost,,,pmNA13rcCFrIvdNlUjfA,008,Making Meetups Fun & Sustainable: Bitcoin Bay | Ep. 008,false,100,33,0.33,kind 30078 + sat math 0.33,Sustainability is key for an internet with no ads and no paywalls - v4v will rely to some degree on a change in mindset for internet users. #valuechain will hopefully help people get over that mental hurdle.,33,33,2,32,0,
2026-04-30T04:19:45Z,2cacd3577cd4896cae947156b2d801581020c24104f4e857bc9de7f42127c44e,website,localbitcoiners.com,boost,npub1f5pre6wl6ad87vr4hr5wppqq30sh58m4p33mthnjreh03qadcajs7gwt3z,,pmNA13rcCFrIvdNlUjfA,008,Making Meetups Fun & Sustainable: Bitcoin Bay | Ep. 008,false,327,108,0.33,kind 30078 + sat math 0.33,Boosting Local Bitcoiners podcast directly from the website is fun and sustainable!,107,108,7,105,0,
2026-04-30T02:43:13Z,0e0b47fa3c7d8c5613a410f03263995f18664509f322936481d67fba91080825,website,localbitcoiners.com,boost,npub1xgyjasdztryl9sg6nfdm2wcj0j3qjs03sq7a0an32pg0lr5l6yaqxhgu7s,,pmNA13rcCFrIvdNlUjfA,008,Making Meetups Fun & Sustainable: Bitcoin Bay | Ep. 008,false,100,33,0.33,kind 30078 + sat math 0.33,One more test tonight,33,33,2,32,0,
2026-04-30T02:33:22Z,5f047835ba56f0af254969a010949ce5f9e26f724ce676fc80d69fc0037ce324,website,localbitcoiners.com,boost,npub1xgyjasdztryl9sg6nfdm2wcj0j3qjs03sq7a0an32pg0lr5l6yaqxhgu7s,,pmNA13rcCFrIvdNlUjfA,008,Making Meetups Fun & Sustainable: Bitcoin Bay | Ep. 008,false,100,33,0.33,kind 30078 + sat math 0.33,Another boost in the name of science!,33,33,2,32,0,
2026-04-30T01:56:49Z,adffb90ed263076cf84ec9eccc215c09e625132044dbec7110f6d998809bfcc0,website,localbitcoiners.com,boost,npub1xgyjasdztryl9sg6nfdm2wcj0j3qjs03sq7a0an32pg0lr5l6yaqxhgu7s,,D1Z2oJExWQIqEmrg95TL,007,"How Meetups can Benefit from V4V, Nostr and Valuechains | Ep. 007",false,100,33,0.33,kind 30078 + sat math 0.33,Can't wait to talk more v4v soon - some cool stuff on the horizon!,33,33,34,0,0,
2026-04-30T01:50:38Z,e29bf7bf6cdd642ffeb07a59be861b754349f8316a600d9e18f79bcc01db5e19,website,localbitcoiners.com,boost,,,pmNA13rcCFrIvdNlUjfA,008,Making Meetups Fun & Sustainable: Bitcoin Bay | Ep. 008,false,100,33,0.33,kind 30078 + sat math 0.33,Great rip 💪,33,33,2,32,0,
2026-04-29T23:43:41Z,1ffa7792d67df6852e98a4187fab8dafaa58193a98c99b37447bb500a4f0ad6a,lb_donation,localbitcoiners.com,boost,,,,,localbitcoiners.com,false,21,21,1.0,full amount received,Anon website boost 🍻,11,10,0,0,0,
2026-04-29T20:07:57Z,4df5fc007bf699efcc33f571b9764291eea1e0f70b0b8b4e73d339cafae31bd1,website,localbitcoiners.com,boost,,,pmNA13rcCFrIvdNlUjfA,008,Making Meetups Fun & Sustainable: Bitcoin Bay | Ep. 008,false,118,39,0.33,kind 30078 + sat math 0.33,Is this the dawn of Podcasting 3.0? Go to localBitcoiners.com and see for yourself 👀,39,39,2,38,0,
2026-04-29T19:11:24Z,9fc4393a420c5b61cd12b9bf2c2486bcb5226729b065e253349b1dd5d551d45e,website,localbitcoiners.com,boost,npub1ynn5qnnc95qaqjejrtyazfdgutlxvme3djywe6s9wg76k68s37sqsl2qfd,,pmNA13rcCFrIvdNlUjfA,008,Making Meetups Fun & Sustainable: Bitcoin Bay | Ep. 008,false,420,138,0.33,kind 30078 + sat math 0.33,The next Western Mass Bitcoin Meetup is coming up on May 17th at 6pm at THCC in Easthampton: naddr1qvzqqqrukvpzqf88gp88stgp6p9nyxkf6yj63ch7v,139,139,8,134,0,
2026-04-29T13:58:32Z,7de789aa8fb493689fa04cfa56a81eaf45fe82f6021b6eac3bcea63df3e57fb3,fountain_boost,Fountain,boost,npub1xgyjasdztryl9sg6nfdm2wcj0j3qjs03sq7a0an32pg0lr5l6yaqxhgu7s,,pmNA13rcCFrIvdNlUjfA,008,Local Bitcoiners • Making Meetups Fun & Sustainable: Bitcoin Bay | Ep. 008,false,2100,693,0.33,sat math 0.33,This was a great episode especially for anyone considering a 501c3 non-profit for their meetup 🔥🔥\n\nhttps://fountain.fm/episode/pmNA13rcCFrIvdNlUjfA\n\nnostr:nevent1qvzqqqpxqupzpwrxeemtukuzv62esqjgxg4cmaxrs9sgl7j6tdrufuaturv0wea9qqsxgw34nkhrzygzypqk0s7ghdp4hv4f9nxjd2g90fhpte2ga5d24js6gnfnv,693,693,0,672,42,
2026-04-29T12:51:04Z,0f1f7e1cd22e6010eeea9ef70ee776c60bcfaa0dcd2b8fab2a8f81773f0bd970,website,localbitcoiners.com,boost,npub1xgyjasdztryl9sg6nfdm2wcj0j3qjs03sq7a0an32pg0lr5l6yaqxhgu7s,,pmNA13rcCFrIvdNlUjfA,008,Making Meetups Fun & Sustainable: Bitcoin Bay | Ep. 008,false,100,33,0.33,kind 30078 + sat math 0.33,Just doing some more bot testing 😎,33,33,2,32,0,
2026-04-28T23:43:32Z,07859081144bea3ea103db92839fdf94ed8d68518626cf08b23fa35992c5dfed,lb_donation,localbitcoiners.com,boost,,,,,localbitcoiners.com,false,40,40,1.0,full amount received,#40HPW,20,20,0,0,0,
2026-04-28T22:52:30Z,1032355bbe1009782333d3b62db21892694be9187e6da7d05bc8f1153e33da3e,zap,nostr zaps,zap,npub1f5pre6wl6ad87vr4hr5wppqq30sh58m4p33mthnjreh03qadcajs7gwt3z,,,,,true,21,5,0.25,zap receipt,#valuechain,0,0,5,0,0,0
2026-04-28T22:17:40Z,be218ce0726da98dcdef7420c6516ca2fdf4457d3285bbf580e4794a47b737c8,zap,nostr zaps,zap,npub1xgyjasdztryl9sg6nfdm2wcj0j3qjs03sq7a0an32pg0lr5l6yaqxhgu7s,,,,,true,21,5,0.25,zap receipt,,0,0,5,0,0,0
2026-04-28T18:42:36Z,5a1f35328d1982d502a1b18122068d318abaae4daf4ce938f73209f7b6a341f3,zap,nostr zaps,zap,npub1cvcgs83gw6pcrhvtmlf8gdqaegx93qkznwry96jteqhh2cexgkfq45rtya,,,,,true,21,2,0.1,zap receipt,⚡ #valuechain ⚡,0,0,2,0,0,0
2026-04-28T11:37:35Z,d7f161fd4bfe0485152eebbe5c9769067be181fdf10493421fb5a3a8af68094e,lb_donation,localbitcoiners.com,boost,npub1f5pre6wl6ad87vr4hr5wppqq30sh58m4p33mthnjreh03qadcajs7gwt3z,,,,localbitcoiners.com,false,21,21,1.0,full amount received,"Thanks for listening to Local Bitcoiners, check out my vlogs! nevent1qqsv3rg23nslc7fceac52s9s8yasa0t04x9aurzsgh3sjvucd3la6wspzamhxue69uhhyet",11,10,0,0,0,
2026-04-27T17:02:29Z,5c7bc794bb170e6a340b721b5cf88c73c659d44542e2d5f7d16cac529cee5ce1,fountain_boost,Fountain,boost,npub1zgy6k5c8qdw3zjvhwf6gjyqcpsdq7jgd8lndsjzpfvtfqykkj65smuswzn,,pmNA13rcCFrIvdNlUjfA,008,Local Bitcoiners • Making Meetups Fun & Sustainable: Bitcoin Bay | Ep. 008,false,500,165,0.33,sat math 0.33,"Love this series, keep it up guys! From London, UK. \nShout out to Si and TheMeetupBreakdown - Si reports all the upcoming UK meetups each week and supports new meetups being made here in the UK too.\n\nhttps://fountain.fm/episode/pmNA13rcCFrIvdNlUjfA\n\nnostr:nevent1qvzqqqpxqupzpwrxeemtukuzv62esqjgxg4cmaxrs9sgl7j6tdrufuaturv0wea9qqswx8tlhmy93g2dhe9r6rchmxc2e357knymm4k73rk637w9tgqk0wclymncq",165,165,0,160,10,
2026-04-27T12:49:40Z,5a5c69f303b6953f54dfd0ffa55a43bb84c99102618cfff43ceef9939690b21c,fountain_boost,Fountain,boost,npub1yanyn2d7862md22tl9qrufgt2l8thn0ejdxklec5mpasjveagpxs7qsnkl,,9bujoMt5jRPVOwtIZmop,006,Local Bitcoiners • Grassroots Recap: Philly Suburbs & Bitcoin Park Nashville | Ep. 006,false,500,165,0.33,sat math 0.33,https://fountain.fm/episode/9bujoMt5jRPVOwtIZmop\n\nnostr:nevent1qvzqqqpxqupzpwrxeemtukuzv62esqjgxg4cmaxrs9sgl7j6tdrufuaturv0wea9qqst60yc56c3zld3gu5ngn999rctkmhhv8r5dgtf0wrahq79q035zys4l5w6v,165,165,0,160,10,
2026-04-27T11:34:26Z,c777927d161a54dceb29fdf74810a2b214f4e96d96dd4d47e960f951862784c2,zap,nostr zaps,zap,npub1gdl92pgwnxjts7sa4q00kplegugav5a2an5s5pju7hkupmkqce4q0wfzsx,,,,,true,21,21,1.0,zap receipt,Take my sats 🫡,0,0,21,0,0,0
2026-04-27T11:34:23Z,2146bd6133dd1acb27adee62c511f2150c4745966db10a6a7ff3787256884ccb,zap,nostr zaps,zap,npub1gdl92pgwnxjts7sa4q00kplegugav5a2an5s5pju7hkupmkqce4q0wfzsx,,,,,true,21,21,1.0,zap receipt,Take my sats 🫡,0,0,21,0,0,0
2026-04-27T11:34:16Z,7a6e160bf6078610700086362bf50b4f8e5c250f11e5820bfdece5198ce4b9eb,zap,nostr zaps,zap,npub1gdl92pgwnxjts7sa4q00kplegugav5a2an5s5pju7hkupmkqce4q0wfzsx,,,,,true,21,21,1.0,zap receipt,Take my sats 🫡,0,0,21,0,0,0
2026-04-27T11:34:15Z,2ad540e1eb1cfa0d8668242351b94c391ebf5fca7093167e7acbfe95528c083e,zap,nostr zaps,zap,npub1gdl92pgwnxjts7sa4q00kplegugav5a2an5s5pju7hkupmkqce4q0wfzsx,,,,,true,21,21,1.0,zap receipt,Take my sats 🫡,0,0,21,0,0,0
2026-04-27T11:34:08Z,a7bad1e435f377ed65021091e7b03a33606bddae529cad1d44ca2aabd424ca36,zap,nostr zaps,zap,npub1gdl92pgwnxjts7sa4q00kplegugav5a2an5s5pju7hkupmkqce4q0wfzsx,,,,,true,21,21,1.0,zap receipt,Take my sats 🫡,0,0,21,0,0,0
2026-04-27T03:33:38Z,74786ff9b50b2586804fa1916e899e2d3a55cae4f4247a42fd4f5e464aaf43fd,fountain_boost,Fountain,boost,,,pmNA13rcCFrIvdNlUjfA,008,Local Bitcoiners • Making Meetups Fun & Sustainable: Bitcoin Bay | Ep. 008,false,2121,700,0.33,sat math 0.33,"I cannot boost with Podverse, booo. Had to go to Fountains website. Think its a ghey Fountin setup deal. Not an experts. Liz & Wes are good peeps. They make the space a better place. Much luv, Barn",700,700,0,679,42,
2026-04-26T20:33:00Z,537a4639f4f7675cea47d023cc7d1d1ef5b1a049d7cbb31be099427c0405dc73,fountain_boost,Fountain,boost,npub1y3s99smcstupmj0txq3j26s7ue5qynuyjng5xle6jw5jy8jt85tq6kajjt,,pmNA13rcCFrIvdNlUjfA,008,Local Bitcoiners • Making Meetups Fun & Sustainable: Bitcoin Bay | Ep. 008,false,333,110,0.33,sat math 0.33,"Liz (npub1h8ktyt8zvqc8dcpk7yh9gq6fs0csqcujlkqdwwspwgtef9ral6xqzugdky), is so articulate and thoughtful! The feminine presence brought a lot to this episode 😄. Don't forget to wear blue light blockers 🕶️ at the conference! 🫸. The bootcamp idea is very good Wesley, meetups could run it quarterly.",109,110,0,107,7,
2026-04-26T12:55:48Z,cc579256656dfd0ea94facaab54c822c495002b036fa3abd51445bf6cfce2366,fountain_boost,Fountain,boost,npub1jxh2kga4ve8d4ftahcqtqswvk5z5f7ya0k2kx3dm679hmw4ysesqvt62rj,,pmNA13rcCFrIvdNlUjfA,008,Local Bitcoiners • Making Meetups Fun & Sustainable: Bitcoin Bay | Ep. 008,false,100,33,0.33,sat math 0.33,NM I should have just kept listening haha\n\nhttps://fountain.fm/episode/pmNA13rcCFrIvdNlUjfA\n\nnostr:nevent1qvzqqqpxqupzpwrxeemtukuzv62esqjgxg4cmaxrs9sgl7j6tdrufuaturv0wea9qqs008ntr5spwv26u4eqpjr332z72fuyextfnvh5cvn52zjy5s65vqgqqljxm,33,33,0,32,2,
2026-04-26T12:55:26Z,aea28049331dea118a2edc38c5e559f43de34a18e18d08b329eccab2f8c2d828,fountain_boost,Fountain,boost,npub1jxh2kga4ve8d4ftahcqtqswvk5z5f7ya0k2kx3dm679hmw4ysesqvt62rj,,pmNA13rcCFrIvdNlUjfA,008,Local Bitcoiners • Making Meetups Fun & Sustainable: Bitcoin Bay | Ep. 008,false,100,33,0.33,sat math 0.33,NM I should have just kept listening haha\n\nhttps://fountain.fm/episode/pmNA13rcCFrIvdNlUjfA\n\nnostr:nevent1qvzqqqpxqupzpwrxeemtukuzv62esqjgxg4cmaxrs9sgl7j6tdrufuaturv0wea9qqs008ntr5spwv26u4eqpjr332z72fuyextfnvh5cvn52zjy5s65vqgqqljxm,33,33,0,32,2,
2026-04-26T00:50:23.769Z,,fountain_stream,Fountain,stream,npub1gdl92pgwnxjts7sa4q00kplegugav5a2an5s5pju7hkupmkqce4q0wfzsx,,D1Z2oJExWQIqEmrg95TL,007,"Local Bitcoiners • How Meetups can Benefit from V4V, Nostr and Valuechains | Ep. 007",false,1428,,,fountain supporters firestore,,471,471,457,0,29,
2026-04-25T14:25:29Z,fe4edb7d5b7a0642eb508ce022b8262e8742e012a93425cbf9a496bb7176bef8,zap,nostr zaps,zap,npub1a0fd3th0skvdcgq2lgjaffpadeuujj7yte9dxvg8relyqgyvthesd59wqc,,,,,true,21,21,1.0,zap receipt,,0,0,21,0,0,0
2026-04-25T13:56:52Z,03ba2c9feb4aaa44312f8d675318171b8eda1c8b28131e68e1d815dfcf357f6b,fountain_boost,Fountain,boost,npub1jxh2kga4ve8d4ftahcqtqswvk5z5f7ya0k2kx3dm679hmw4ysesqvt62rj,,pmNA13rcCFrIvdNlUjfA,008,Local Bitcoiners • Making Meetups Fun & Sustainable: Bitcoin Bay | Ep. 008,false,112,37,0.33,sat math 0.33,What if Meetups doubled as community fundraisers? Structured as a non-profit partnering with local businesses to host events benefiting that community. As a way to marry Bitcoin and community ?\n\nhttps://fountain.fm/episode/pmNA13rcCFrIvdNlUjfA\n\nnostr:nevent1qvzqqqpxqupzpwrxeemtukuzv62esqjgxg4cmaxrs9sgl7j6tdrufuaturv0wea9qqs99yk2d0j2qphvvecmgtj2m3hv5s0veacj842kw4jv5h885t7a3ygvrawgl,37,37,0,36,2,
2026-04-24T17:57:24.341Z,,fountain_stream,Fountain,stream,,behybr@fountain.fm,D1Z2oJExWQIqEmrg95TL,007,"Local Bitcoiners • How Meetups can Benefit from V4V, Nostr and Valuechains | Ep. 007",false,35,,,fountain supporters firestore,,11,12,11,0,1,
2026-04-24T17:51:15.661Z,,fountain_stream,Fountain,stream,,behybr@fountain.fm,PfxSpLSelb60eIHqjiSC,002,"Local Bitcoiners • Meetups are the Ultimate Web of Trust: Jersey City, NJ | Ep. 002",false,41,,,fountain supporters firestore,,12,14,7,7,1,
2026-04-24T06:40:36Z,8f2322d7d8836940aaaa24a2a67cb256078fbba510928d6e4ff519100b4692ca,fountain_boost,Fountain,boost,npub1z3h8afkwknffxyspvjde77sj6euy66rtyul7qlkl7f2ygktxdqasnn760f,,pmNA13rcCFrIvdNlUjfA,008,Local Bitcoiners • Making Meetups Fun & Sustainable: Bitcoin Bay | Ep. 008,false,5000,1650,0.33,sat math 0.33,https://fountain.fm/episode/pmNA13rcCFrIvdNlUjfA\n\nnostr:nevent1qvzqqqpxqupzpwrxeemtukuzv62esqjgxg4cmaxrs9sgl7j6tdrufuaturv0wea9qqs8neeaezjpqpvvptsecvknywm922amt6cqdsmfa4g9dw8wwftlc5gcs27jm,1650,1650,0,1600,100,
2026-04-24T00:43:46Z,3108ab5021fa1b000657a6a5f118346b8a0021a9d347f8e05f72bcaedaf82622,zap,nostr zaps,zap,npub1h8ktyt8zvqc8dcpk7yh9gq6fs0csqcujlkqdwwspwgtef9ral6xqzugdky,,,,,true,21,7,0.333333,zap receipt,🧡,0,0,7,0,0,0
2026-04-23T23:22:12Z,60ed5da684d3037d032971f4182b875a7b1cd70b5a31b2b3ed7cb99106d85047,zap,nostr zaps,zap,npub13v5w9ylsdahkfggkaa6ya2qardpfsgt8r45n5j27c6j8en8g3nrqsacqpv,,,,,true,5,2,0.333333,zap receipt,🧡,0,0,2,0,0,0
2026-04-23T21:51:14.375Z,,fountain_stream,Fountain,stream,npub1er2vkexlh7kd56j929crc4stw83hqzvl0xpewsrv3ceyda9ld3xszwjwex,,PyYiZvwjQw13umitWd3D,001,"001. Starting and Growing Meetups | Western MA and South Bend, IN",false,3751,,,fountain supporters firestore,,1238,1238,1200,0,75,
2026-04-23T21:14:33Z,2c080dad8d607e8a531790b2a4d4848f8fdb9c99bdc5a387b8a26bb39372366f,fountain_boost,Fountain,boost,,btcwrestle,pmNA13rcCFrIvdNlUjfA,008,Local Bitcoiners • Making Meetups Fun & Sustainable: Bitcoin Bay | Ep. 008,false,15000,4950,0.33,sat math 0.33,"To all the folks out there boosting about thinking about starting a meetup, I would highly encourage you to take the leap and start one! Seems intimidating at first but ""if you build it, they will come"". You may be surprised that there are other Bitcoiners in your area. (It is easier to get attendance in more populated areas)\n\n-btcwrestle",4950,4950,0,4800,300,
2026-04-23T19:58:07Z,d38a8bfc95d842db24246a723790a9a47705a08fce9d8e0fc248e6e948119c7f,zap,nostr zaps,zap,npub1jxh2kga4ve8d4ftahcqtqswvk5z5f7ya0k2kx3dm679hmw4ysesqvt62rj,,,,,true,1,0,0.2,zap receipt,🫡,0,0,0,0,0,0
2026-04-23T08:46:20Z,156a874400ec065b8743acf2f9cee022f21bef2eb72c86b306fedf211773a376,fountain_boost,Fountain,boost,npub15604np6ccsk7ugph4nrg7kyq7kpme9lmcn4l0q2xk4yd5d6puu2s00dr0u,,RA7xsAHQKExrM4RcExQQ,004,"Local Bitcoiners • Cypherpunks Write Code: AI, Meetups & the Meshtadel | Ep. 004",false,1236,408,0.33,sat math 0.33,Thank you gentlemen\n\nhttps://fountain.fm/episode/RA7xsAHQKExrM4RcExQQ\n\nnostr:nevent1qvzqqqpxqupzpwrxeemtukuzv62esqjgxg4cmaxrs9sgl7j6tdrufuaturv0wea9qqs04jgv4jerat3qfs2ycl6czqvhpdtcecdkqler2kpzmv47ttl0gtcgpzev2,407,408,396,0,25,
2026-04-23T04:24:12Z,7811264c91a24ac2acb02e4667bba5eda91604c67deb847fc57c70b3d5140ea0,zap,nostr zaps,zap,npub1f5pre6wl6ad87vr4hr5wppqq30sh58m4p33mthnjreh03qadcajs7gwt3z,,,,,true,4,1,0.2,zap receipt,,0,0,1,0,0,0
2026-04-23T04:23:53Z,c8d528086a53b072ec548e15cbf2c9d62ad5dffc73299aa6c92400276dbc1a2f,zap,nostr zaps,zap,npub1f5pre6wl6ad87vr4hr5wppqq30sh58m4p33mthnjreh03qadcajs7gwt3z,,,,,true,4,1,0.2,zap receipt,,0,0,1,0,0,0
2026-04-23T04:22:23Z,cc6009c0ad530def25d545d12319476e9df5387e5dccbb704d91824329bf3d04,zap,nostr zaps,zap,npub1f5pre6wl6ad87vr4hr5wppqq30sh58m4p33mthnjreh03qadcajs7gwt3z,,,,,true,7,7,1.0,zap receipt,,0,0,7,0,0,0
2026-04-23T04:21:45Z,b8d7cadedc9d0cb04f354ed57e89c9377b1f768a595c4b24a42a20696a629127,zap,nostr zaps,zap,npub1f5pre6wl6ad87vr4hr5wppqq30sh58m4p33mthnjreh03qadcajs7gwt3z,,,,,true,2,2,1.0,zap receipt,,0,0,2,0,0,0
2026-04-23T04:02:19Z,22c6c9debe2cc2e64463b55eabd1e7dfa56ef0af242bc09db0f95261f4e103ec,fountain_boost,Fountain,boost,npub1a0fd3th0skvdcgq2lgjaffpadeuujj7yte9dxvg8relyqgyvthesd59wqc,,pmNA13rcCFrIvdNlUjfA,008,Local Bitcoiners • Making Meetups Fun & Sustainable: Bitcoin Bay | Ep. 008,false,500,165,0.33,sat math 0.33,So great to hear these success stories and brilliant meetup/circular economy ideas\n\nhttps://fountain.fm/episode/pmNA13rcCFrIvdNlUjfA\n\nnostr:nevent1qvzqqqpxqupzpwrxeemtukuzv62esqjgxg4cmaxrs9sgl7j6tdrufuaturv0wea9qqsf7355dfr9jg7ne59szwq2zwv49mnl95n7mv9wjhywcdt5xag68tgcsedt6,165,165,0,160,10,
2026-04-22T23:03:18Z,9bcf01bbc694ce4d49afac5d93cd420da5a5879c1cd7dd22894fce30bb27b62a,zap,nostr zaps,zap,npub1f5pre6wl6ad87vr4hr5wppqq30sh58m4p33mthnjreh03qadcajs7gwt3z,,,,,true,21,10,0.5,zap receipt,,0,0,10,0,0,0
2026-04-22T22:48:26Z,34baac29e520d06a796c3d425731869db075e1d913a947edd4ea2428e2446e2f,fountain_boost,Fountain,boost,npub1563z6kxmvuy7s8zhzan8m0hzmkavyfzg2aw6h7f0fvcvdms398csaxc9n6,,pmNA13rcCFrIvdNlUjfA,008,Local Bitcoiners • Making Meetups Fun & Sustainable: Bitcoin Bay | Ep. 008,false,3455,1140,0.33,sat math 0.33,Great Rip!\n\nhttps://fountain.fm/episode/pmNA13rcCFrIvdNlUjfA\n\nnostr:nevent1qvzqqqpxqupzpwrxeemtukuzv62esqjgxg4cmaxrs9sgl7j6tdrufuaturv0wea9qqsfzhj4ggkty9cv6rdq7yaj7w8k0lzf4wnd76xrmu6z3gymmv42fzq49vwkq,1140,1140,0,1106,69,
2026-04-22T21:09:04.481Z,,fountain_stream,Fountain,stream,npub1pgp72xqqlg75xwnct7ktu9a99fsxvsyje9rwy6a4dyhxsq4usx6svcv3tz,,pmNA13rcCFrIvdNlUjfA,008,Making Meetups Fun & Sustainable: Bitcoin Bay | Ep. 008,false,2204,,,fountain supporters firestore,,728,727,0,705,44,
2026-04-22T17:42:16.379Z,,fountain_stream,Fountain,stream,npub1srqgvupkre8hggp5new59qdnpgr9lhnz23yf78p9tdrqraq04pwq9hpxxh,,pmNA13rcCFrIvdNlUjfA,008,Making Meetups Fun & Sustainable: Bitcoin Bay | Ep. 008,false,678,,,fountain supporters firestore,,223,224,0,217,14,
2026-04-22T17:11:49Z,e7ff99d0c3223be720a2515ca633209ed0c45cbc1d184cc7e63110009e638876,keysend,PodcastGuru,boost,,Sir Spencer,,,,true,6969,1092,1.0,keysend boostagram,How many links can we put into the Value Chain?\n\ncheers Rev Hodl & Reed from your Buds at BowlAfterBowl.com ✌️👽💨,2300,2300,2230,0,139,
2026-04-22T17:00:46Z,80dbd3a74529e0b586b8402cea793ff66e263a3af0871acdd83b497184cf0dfd,fountain_boost,Fountain,boost,npub1zqdpzty2mshxncqqxy2078qax6mlehsxmpx5095wtxw4tpepkr0s2ce6fj,,D1Z2oJExWQIqEmrg95TL,007,"Local Bitcoiners • How Meetups can Benefit from V4V, Nostr and Valuechains | Ep. 007",false,1000,330,0.33,sat math 0.33,"Just found your show. I am really enjoying it. @oshi and I are trying to sort out how to display a lightning wallet that will contain sats from an ""um"" jar. Any ideas?\n\nhttps://fountain.fm/episode/D1Z2oJExWQIqEmrg95TL\n\nnostr:nevent1qvzqqqpxqupzpwrxeemtukuzv62esqjgxg4cmaxrs9sgl7j6tdrufuaturv0wea9qqs8kqt6pu5saakvt4nvactyumwrgrlt7msw5qms2yxlp8gj556twqqmwdmh9",330,330,320,0,20,
2026-04-22T16:38:19Z,2ab0136accc9ce778035d097b62e34e5ea27c57f31bc4c839708ac638daba5e0,zap,nostr zaps,zap,npub1f5pre6wl6ad87vr4hr5wppqq30sh58m4p33mthnjreh03qadcajs7gwt3z,,,,,true,21,21,1.0,zap receipt,,0,0,21,0,0,0
2026-04-22T15:57:59Z,e719171df77de7cfa0ad4680b0c3cfbf513c638a266b6266fe20137dd0c8d645,fountain_boost,Fountain,boost,npub1a6hvdlk99q83hsw8cgzdjww8m7xnxx9yg77mfmm60n45fed6kdgsaprzvp,,D1Z2oJExWQIqEmrg95TL,007,"Local Bitcoiners • How Meetups can Benefit from V4V, Nostr and Valuechains | Ep. 007",false,3000,990,0.33,sat math 0.33,Would love to find a teammate for starting a Green Bay Wisconsin area meet up… I have the venue secured that accepts bitcoin.  Contact All Shook Up Tavern or reach out to Rev Hodl to connect us.\n\nhttps://fountain.fm/episode/D1Z2oJExWQIqEmrg95TL\n\nnostr:nevent1qvzqqqpxqupzpwrxeemtukuzv62esqjgxg4cmaxrs9sgl7j6tdrufuaturv0wea9qqsywzxcga3uqr0lf4774nmclzr09n60p7hkep3udey8lwkvy2s4w3ch6tzfp,990,990,960,0,60,
2026-04-22T15:41:56Z,e8fd35bf1f0278f9e4f3d4a8df9a7600a73271a5d8e65872b5f84c48b68196e7,zap,nostr zaps,zap,npub1h8ktyt8zvqc8dcpk7yh9gq6fs0csqcujlkqdwwspwgtef9ral6xqzugdky,,,,,true,420,420,1.0,zap receipt,Let's go 🚀,0,0,420,0,0,0
2026-04-22T15:36:23Z,6797545dcd97d37afa0e50fa12eb4dec4865f4c67e8edef4c9e21a327f43d159,zap,nostr zaps,zap,npub1e8wj749dylsew4pkm9ufz97hvrtk63wfy0cfq2c9gv4973q25hds8e6dq0,,,,,true,21,21,1.0,zap receipt,🍊,0,0,21,0,0,0
2026-04-22T15:01:15Z,2d165403342257f3ad0c1e36cebe43d1a8254100dff33646bf6ea053bdee4a9d,zap,nostr zaps,zap,npub1ljswqt5rr5hpd3ee86n4qp9uvqafk233wlsvndxu7sxg8q889fxse79q6n,,,,,true,42,42,1.0,zap receipt,Onward 🫡,0,0,42,0,0,0
2026-04-21T19:13:32Z,353e8cd0027d39c9344679d4197977152ca2a138d3f6f30a8e68104021f4470b,zap,nostr zaps,zap,npub1f5pre6wl6ad87vr4hr5wppqq30sh58m4p33mthnjreh03qadcajs7gwt3z,,,,,true,10,5,0.5,zap receipt,,0,0,5,0,0,0
2026-04-21T18:40:38Z,ca8b320d02d120488505001d21e28939fa0474bc6d72bb7ea99d7dc8b8318968,fountain_boost,Fountain,boost,npub1f5pre6wl6ad87vr4hr5wppqq30sh58m4p33mthnjreh03qadcajs7gwt3z,,D1Z2oJExWQIqEmrg95TL,007,"Local Bitcoiners • How Meetups can Benefit from V4V, Nostr and Valuechains | Ep. 007",false,100,33,0.33,sat math 0.33,nostr:npub1y3s99smcstupmj0txq3j26s7ue5qynuyjng5xle6jw5jy8jt85tq6kajjt nevent1qqsg20zfr92za2gcvgd3unecuevfcznm4wke007eucelvz4xrfnfuaqpz4mhxue69uhhyetvv9ujuerpd46hxtnfduhsygpyvpfvx7yzlqwun6esyvjk58hxdqpylpy569ph7w5n4y3pujeazcpsgqqqqqqs0pf7qw\n\nhttps://fountain.fm/episode/D1Z2oJExWQIqEmrg95TL\n\nnostr:nevent1qvzqqqpxqupzpwrxeemtukuzv62esqjgxg4cmaxrs9sgl7j6tdrufuaturv0wea9qqs2k62dhjapx9mdx8nf662tsex4x2qw9dz9n0nxa5ygk32cu6aux7cht77kr,33,33,32,0,2,
2026-04-21T18:39:00Z,81db9c6b301307f9915064fe0d7ff2aeb6c9fa566349b847bae1e69cfa9c725c,zap,nostr zaps,zap,npub1f5pre6wl6ad87vr4hr5wppqq30sh58m4p33mthnjreh03qadcajs7gwt3z,,,,,true,10,5,0.5,zap receipt,,0,0,5,0,0,0
2026-04-21T18:16:38Z,e53a46b41b5227bfe95553948dae5e8c6844f36071b362078b542787bfc9c003,fountain_boost,Fountain,boost,npub1cvcgs83gw6pcrhvtmlf8gdqaegx93qkznwry96jteqhh2cexgkfq45rtya,,D1Z2oJExWQIqEmrg95TL,007,"Local Bitcoiners • How Meetups can Benefit from V4V, Nostr and Valuechains | Ep. 007",false,100,33,0.33,sat math 0.33,"⚡ New boost on Local Bitcoiners!\n💰 100 sats 📱 via Fountain\n👤 nostr:npub1f5pre6wl6ad87vr4hr5wppqq30sh58m4p33mthnjreh03qadcajs7gwt3z\n💬 ""nostr:nevent1qqsg20zfr92za2gcvgd3unecuevfcznm4wke007eucelvz4xrfnfuaqpz4mhxue69uhhyetvv9ujuerpd46hxtnfduhsygpyvpfvx7yzlqwun6esyvjk58hxdqpylpy569ph7w5n4y3pujeazcpsgqqqqqqs0pf7qw""\n🎙️ Local Bitcoiners • How Meetups can Benefit from V4V, Nostr and Valuechains | Ep. 007\n\n🔗 https://fountain.fm/episode/D1Z2oJExWQIqEmrg95TL\n\n#LocalBitcoiners",33,33,32,0,2,
2026-04-21T17:37:53Z,434925d71b22fec3f74737e0427d74c645b083c743edcb329db219b0b1b89aed,fountain_boost,Fountain,boost,npub1cvcgs83gw6pcrhvtmlf8gdqaegx93qkznwry96jteqhh2cexgkfq45rtya,,D1Z2oJExWQIqEmrg95TL,007,"Local Bitcoiners • How Meetups can Benefit from V4V, Nostr and Valuechains | Ep. 007",false,100,33,0.33,sat math 0.33,"⚡ New boost on Local Bitcoiners!\n💰 100 sats 📱 via Fountain\n💬 ""nostr:npub1y3s99smcstupmj0txq3j26s7ue5qynuyjng5xle6jw5jy8jt85tq6kajjt nostr:nevent1qqsg20zfr92za2gcvgd""\n🎙️ Local Bitcoiners • How Meetups can Benefit from V4V, Nostr and Valuechains | Ep. 007\n\n🔗 https://fountain.fm/episode/D1Z2oJExWQIqEmrg95TL\n\n#LocalBitcoiners",33,33,32,0,2,
2026-04-21T17:26:42Z,e5112ac30cf8116ea921d1294ed8b0b7a65cf8b0b3d94204a41bc366ec37e01e,fountain_boost,Fountain,boost,npub1cvcgs83gw6pcrhvtmlf8gdqaegx93qkznwry96jteqhh2cexgkfq45rtya,,D1Z2oJExWQIqEmrg95TL,007,"Local Bitcoiners • How Meetups can Benefit from V4V, Nostr and Valuechains | Ep. 007",false,100,33,0.33,sat math 0.33,"⚡ New boost on Local Bitcoiners!\n💰 100 sats 📱 via Fountain\n💬 ""nostr:npub1y3s99smcstupmj0txq3j26s7ue5qynuyjng5xle6jw5jy8jt85tq6kajjt when you boost, you can paste in""\n🎙️ Local Bitcoiners • How Meetups can Benefit from V4V, Nostr and Valuechains | Ep. 007\n\n🔗 https://fountain.fm/episode/D1Z2oJExWQIqEmrg95TL\n\n#LocalBitcoiners",33,33,32,0,2,
2026-04-21T16:55:39Z,c3cbcb88afc0d136841f32d81fb257ad0eeadf4ac08992e9cecb57309d5120b8,fountain_boost,Fountain,boost,npub1y3s99smcstupmj0txq3j26s7ue5qynuyjng5xle6jw5jy8jt85tq6kajjt,,D1Z2oJExWQIqEmrg95TL,007,"Local Bitcoiners • How Meetups can Benefit from V4V, Nostr and Valuechains | Ep. 007",false,200,66,0.33,sat math 0.33,"This was a high yield episode for me! A goal of my project, nostr value pack, is to make large public zaps. Gamify it 🎮 test the infrastructure 🕸️ zap leaderboard 📊\n\nhttps://fountain.fm/episode/D1Z2oJExWQIqEmrg95TL\n\nnostr:nevent1qvzqqqpxqupzpwrxeemtukuzv62esqjgxg4cmaxrs9sgl7j6tdrufuaturv0wea9qqszyvrt3ewt0jc0ugwunpa8g6e26ycwypfapqnquw9nj44uehjvjtgw2c48j",66,66,64,0,4,
2026-04-21T15:27:51Z,e3c8a8f1adc810f2e0f52bda94e6b517051d33ea3ab11957ec43d286a96882e6,fountain_boost,Fountain,boost,npub10gudflxfrvk6dzm3gwr8vwllnatsw2anlkuzjl6mw77a4hgj9aaqjagxvq,,ALmlcUO8Jz2GtvYSbqBZ,005,"Local Bitcoiners • The Meetup Is the Farmer's Market: Kansas City, MO | Ep. 005",false,500,165,0.33,sat math 0.33,"Listening but old. We don’t like fountain because emails, so doxxing, other options?\n\nhttps://fountain.fm/episode/ALmlcUO8Jz2GtvYSbqBZ\n\nnostr:nevent1qvzqqqpxqupzpwrxeemtukuzv62esqjgxg4cmaxrs9sgl7j6tdrufuaturv0wea9qqs0ygku6w0leqw0ujk75z2lkhgg63gk3ckh8h6fhtmealq0u5hdqqczswffw",165,165,0,160,10,
2026-04-21T14:02:59Z,64524f7cdd89612d63adb09fb25a1017187cf036fef1f30bbd54af464fe03920,zap,nostr zaps,zap,npub1f5pre6wl6ad87vr4hr5wppqq30sh58m4p33mthnjreh03qadcajs7gwt3z,,,,,true,12,1,0.1,zap receipt,,0,0,1,0,0,0
2026-04-20T20:45:51Z,755e3c36425b16cb6d0440a424dc1cf5f110d479537203e4734f173e132a7b13,fountain_boost,Fountain,boost,npub1xgyjasdztryl9sg6nfdm2wcj0j3qjs03sq7a0an32pg0lr5l6yaqxhgu7s,,D1Z2oJExWQIqEmrg95TL,007,"Local Bitcoiners • How Meetups can Benefit from V4V, Nostr and Valuechains | Ep. 007",false,2100,693,0.33,sat math 0.33,"@npub1ynn5qnnc95qaqjejrtyazfdgutlxvme3djywe6s9wg76k68s37sqsl2qfd Sunday May 17th at 6pm at The Heavy Culture Cooperative in Easthampton, MA\n\nhttps://fountain.fm/episode/D1Z2oJExWQIqEmrg95TL\n\nnostr:nevent1qvzqqqpxqupzpwrxeemtukuzv62esqjgxg4cmaxrs9sgl7j6tdrufuaturv0wea9qqsdgkn542t3jhxktr6l3eyvyfj7hcxj4ra5y6qds8jcf6x0n0km6uqclcegc",693,693,672,0,42,
2026-04-20T18:50:37Z,1a000c64f7da1ad2ab768f88160d653aa5add1d8ee42c341c9067fd5f0be09af,fountain_boost,Fountain,boost,npub1f5pre6wl6ad87vr4hr5wppqq30sh58m4p33mthnjreh03qadcajs7gwt3z,,D1Z2oJExWQIqEmrg95TL,007,"Local Bitcoiners • How Meetups can Benefit from V4V, Nostr and Valuechains | Ep. 007",false,220,108,0.49,sat math 0.49,South Bend Indiana Bitcoin Meetup is first Thursday of the month at Lang Lab 630pm.\nnaddr1qvzqqqrukvpzqngz8n5al4660uc8tw8guzzqpzlp0g0h2rrrkh08y8nwlzp6m3m9qqyxzv3sxsmkzvp57z8fkz\n\nhttps://fountain.fm/episode/D1Z2oJExWQIqEmrg95TL\n\nnostr:nevent1qvzqqqpxqupzpwrxeemtukuzv62esqjgxg4cmaxrs9sgl7j6tdrufuaturv0wea9qqs203k554k0fyxfntzp4nvylru84d30r34whrgyta3dfzckkdguh2gy7txrt,108,108,0,0,4,
2026-04-20T17:25:33Z,350c9cac57ac7b939b70a78b99aac374702c05b1d0f6329335ad48c2215a0213,zap,nostr zaps,zap,npub1f5pre6wl6ad87vr4hr5wppqq30sh58m4p33mthnjreh03qadcajs7gwt3z,,,,,true,21,21,1.0,zap receipt,,0,0,21,0,0,0
2026-04-20T15:30:51Z,75fba7c02e5d37cf177547730e1f8e07d8c59e018c8f8fda8e25aa682f369442,zap,nostr zaps,zap,npub1f5pre6wl6ad87vr4hr5wppqq30sh58m4p33mthnjreh03qadcajs7gwt3z,,,,,true,21,5,0.25,zap receipt,,0,0,5,0,0,0
2026-04-19T18:02:43Z,72d663cb73c93d32b5c0113928829d68d6b350019c6954c156a3a9fb22c921df,fountain_boost,Fountain,boost,npub1f5pre6wl6ad87vr4hr5wppqq30sh58m4p33mthnjreh03qadcajs7gwt3z,,9bujoMt5jRPVOwtIZmop,006,Local Bitcoiners • Grassroots Recap: Philly Suburbs & Bitcoin Park Nashville | Ep. 006,false,220,108,0.49,sat math 0.49,"The grassroots event at nostr:npub1theparkprcs70dcs437ke9zzwsr6u60f8flu7rg28m30438aep9sd94dha  is high signal, high impact and high vibes. Thanks @npub105d309x75gk4zmdvd9lzch3m89veky4hc6cw57cndvfj33aqs38qmyuhce and nostr:npub12eml5kmtrjmdt0h8shgg32gye5yqsf2jha6a70jrqt82q9d960sspky99g for joining nostr:npub1xgyjasdztryl9sg6nfdm2wcj0j3qjs03sq7a0an32pg0lr5l6yaqxhgu7s and I.\n\nhttps://fountain.fm/episode/9bujoMt5jRPVOwtIZmop\n\nnostr:nevent1qvzqqqpxqupzpwrxeemtukuzv62esqjgxg4cmaxrs9sgl7j6tdrufuaturv0wea9qqsr0jkxvlahsarkvarvsjh9f9ql3fmfdc4wljx3pvyp3jmru6vzrqccny3en",108,108,0,0,4,
2026-04-19T12:39:38Z,1650efa7430d4f8b458f421a1c04a27f1f6fc9009d75c5a9da9408895223d243,zap,nostr zaps,zap,npub1xgyjasdztryl9sg6nfdm2wcj0j3qjs03sq7a0an32pg0lr5l6yaqxhgu7s,,,,,true,21,10,0.5,zap receipt,💯,0,0,10,0,0,0
2026-04-18T17:15:37Z,a77c72e4038d1d0dea2d0a6390acaa9d861753cea4514addfd2b77dd997d4ab2,zap,nostr zaps,zap,npub1f5pre6wl6ad87vr4hr5wppqq30sh58m4p33mthnjreh03qadcajs7gwt3z,,,,,true,21,21,1.0,zap receipt,,0,0,21,0,0,0
2026-04-18T07:48:46Z,d2dcfcafd5395d9cd6b557f43b3a925b118eb41c8177777bbeb39df3228c4125,fountain_boost,Fountain,boost,npub1z3h8afkwknffxyspvjde77sj6euy66rtyul7qlkl7f2ygktxdqasnn760f,,D1Z2oJExWQIqEmrg95TL,007,"Local Bitcoiners • How Meetups can Benefit from V4V, Nostr and Valuechains | Ep. 007",false,5000,2450,0.49,sat math 0.49,Disregard my post about the talk on 4/21. MiBTC isn't doing the Tuesday talks anymore.\n\nhttps://fountain.fm/episode/D1Z2oJExWQIqEmrg95TL\n\nnostr:nevent1qvzqqqpxqupzpwrxeemtukuzv62esqjgxg4cmaxrs9sgl7j6tdrufuaturv0wea9qqs8dvc9u6kwwfg6zj70rpjj5cpcrcc6ys3zyu5deand25cz98n0utqy8v2ea,2450,2450,0,0,100,
2026-04-17T23:45:54Z,eacc1cecdb5be75727463bfe4b8eee1f322c9d7439a6339f443bb08987559e95,zap,nostr zaps,zap,npub1f5pre6wl6ad87vr4hr5wppqq30sh58m4p33mthnjreh03qadcajs7gwt3z,,,,,true,10,5,0.5,zap receipt,,0,0,5,0,0,0
2026-04-17T23:45:30Z,fa06a7a125576e378550928d708c7815822a597562a9ec708250da445e41c992,zap,nostr zaps,zap,npub1f5pre6wl6ad87vr4hr5wppqq30sh58m4p33mthnjreh03qadcajs7gwt3z,,,,,true,21,21,1.0,zap receipt,,0,0,21,0,0,0
2026-04-17T23:14:45Z,3e607ea47922d9d34c9a9eed681205803642c68b37e58238986c60d1118a6613,zap,nostr zaps,zap,npub1juxh95vxasvfr959hkug7rwzje60sw3k7cegrerhktnd97s7yvms0yd0je,,,,,true,1000,1000,1.0,zap receipt,been listening since episode one. Haven't boosted in awhile so cheers!,0,0,1000,0,0,0
2026-04-17T14:08:27Z,8b7a6b9426d7767f9486c5243c5e9bd6fd40a1fc90ed9a4c5b51f07d6d0cc2b0,fountain_boost,Fountain,boost,npub1uu05m8nl7hcns53g7tpzqalnncnpzx9vf70435s46ykfjtlrwmmqk47qum,,D1Z2oJExWQIqEmrg95TL,007,"Local Bitcoiners • How Meetups can Benefit from V4V, Nostr and Valuechains | Ep. 007",false,100,49,0.49,sat math 0.49,*no comment with boost*,49,49,0,0,2,
2026-04-17T10:33:11Z,ed82a744e507f3c69d0d57a3a2d38d9438f0f698917afaab2d6cc1d6f26ee1d1,fountain_boost,Fountain,boost,npub10gudflxfrvk6dzm3gwr8vwllnatsw2anlkuzjl6mw77a4hgj9aaqjagxvq,,D1Z2oJExWQIqEmrg95TL,007,"Local Bitcoiners • How Meetups can Benefit from V4V, Nostr and Valuechains | Ep. 007",false,500,245,0.49,sat math 0.49,"Great episode!  Up here in Kitchener, Ontario, Canada we have an active farmers market culture with a strong cash is king culture. I’m wondering if anyone listening here is from my area and would like to help to orange pill these folks?  Also the idea of insisting on denominating in Sats; I lived in Mexico for two months once and by the end of that short time I had started to think in Pesos. It doesn’t take long. Cheers\n\nhttps://fountain.fm/episode/D1Z2oJExWQIqEmrg95TL\n\nnostr:nevent1qvzqqqpxqupzpwrxeemtukuzv62esqjgxg4cmaxrs9sgl7j6tdrufuaturv0wea9qqsf8wpj9czr79lava33nkd7jk739h0csawv774q34sfw562tf8hr0qqxk2jm",245,245,0,0,10,
2026-04-17T03:00:40Z,097cec7682068a9864d18d0840d0e31f73878c68d00560ae740c771c88cfe560,zap,nostr zaps,zap,npub1f5pre6wl6ad87vr4hr5wppqq30sh58m4p33mthnjreh03qadcajs7gwt3z,,,,,true,21,21,1.0,zap receipt,,0,0,21,0,0,0
2026-04-16T21:58:05Z,1bc3ff50629bb9502b11ee276664a8e83e427410806a2c8fc144ea5b151c3f07,fountain_boost,Fountain,boost,npub15glanrx7rprvc8w2uyl3rr0wqcpy82ry94g4fhkhwlg5gy8t9j4s57pasy,,D1Z2oJExWQIqEmrg95TL,007,"Local Bitcoiners • How Meetups can Benefit from V4V, Nostr and Valuechains | Ep. 007",false,6006,2943,0.49,sat math 0.49,Keep up the good work gents! Really enjoy y'all's discussions and it's holding me over until I can get back to Lake Satoshi and listen to Rev speak his mind about all the things he has bouncing around in there! And hopefully someone will start boosting from South Alabama or Florida panhandle area with a meetup.\n\nhttps://fountain.fm/episode/D1Z2oJExWQIqEmrg95TL\n\nnostr:nevent1qvzqqqpxqupzpwrxeemtukuzv62esqjgxg4cmaxrs9sgl7j6tdrufuaturv0wea9qqstymezynh8jhwkkdkt2hytc3wg022kruukuf9nd7z3h2egd08qstqquac58,2943,2943,0,0,120,
2026-04-16T17:58:31Z,5c8af9d529f72cd4c3d127d344db61e0c0b65bf6e90e79f1a4614ef8810387a7,fountain_boost,Fountain,boost,npub1mc909r6rtu2kfmzfy9u5vzy60jlhgqgzty0jqlz0qhkdraxcypcqduvk2m,,D1Z2oJExWQIqEmrg95TL,007,"Local Bitcoiners • How Meetups can Benefit from V4V, Nostr and Valuechains | Ep. 007",false,3000,1470,0.49,sat math 0.49,Also running a meetup out of a music venue would be a dream 🥹\n\nhttps://fountain.fm/episode/D1Z2oJExWQIqEmrg95TL\n\nnostr:nevent1qvzqqqpxqupzpwrxeemtukuzv62esqjgxg4cmaxrs9sgl7j6tdrufuaturv0wea9qqs8dkaz4rj0vephztqxq9494qpsk5rcrp9khyw24v9r4yyx42ef78sa5h2cy,1470,1470,0,0,60,
2026-04-16T17:56:15Z,0548a3d9b5bc20a113e82ca6fbf41e34787f764d84fd6fa46434db392e9ca9ce,fountain_boost,Fountain,boost,npub1mc909r6rtu2kfmzfy9u5vzy60jlhgqgzty0jqlz0qhkdraxcypcqduvk2m,,D1Z2oJExWQIqEmrg95TL,007,"Local Bitcoiners • How Meetups can Benefit from V4V, Nostr and Valuechains | Ep. 007",false,3000,1470,0.49,sat math 0.49,"I'm preparing to talk about nostr at a meetup, and I've been thinking about how people care more about stuff when it's easy to see how it's useful for them specifically. \n\nEverybody knows that feeling of ""oh we don't use that website/app/platform anymore"". I hadn't yet made the connection about planning meetups and events with nostr, and I like that example\n\nhttps://fountain.fm/episode/D1Z2oJExWQIqEmrg95TL\n\nnostr:nevent1qvzqqqpxqupzpwrxeemtukuzv62esqjgxg4cmaxrs9sgl7j6tdrufuaturv0wea9qqswhfny9w08c6zqrd048y52xjqcsc2adyh43ye29p9aanu7n587puc7qq6jp",1470,1470,0,0,60,
2026-04-16T16:47:39Z,ec9311e39ed61b3c17f1d7f74020d05fe21ed73d08afd43a253eefa3aa20827e,zap,nostr zaps,zap,npub1f5pre6wl6ad87vr4hr5wppqq30sh58m4p33mthnjreh03qadcajs7gwt3z,,,,,true,21,21,1.0,zap receipt,,0,0,21,0,0,0
2026-04-16T00:58:02Z,a1cd5ff3122d2df39d8a9088da3d9ae5ccdedb8d1168920f42898fd5b74687d1,zap,nostr zaps,zap,npub1f5pre6wl6ad87vr4hr5wppqq30sh58m4p33mthnjreh03qadcajs7gwt3z,,,,,true,21,21,1.0,zap receipt,Test,0,0,21,0,0,0
2026-04-16T00:29:27Z,a4ba7eebf14b77a6f469db4e6c424799897d69936332ddb33c969eb751c6502a,zap,nostr zaps,zap,npub1xgyjasdztryl9sg6nfdm2wcj0j3qjs03sq7a0an32pg0lr5l6yaqxhgu7s,,,,,true,42,42,1.0,zap receipt,Onward 🫡,0,0,42,0,0,0
2026-04-16T00:27:26Z,c5c774d81de8e21a819df1c791d89947368f5c6b5e1f0ece4942cbcb10306680,zap,nostr zaps,zap,npub16e3vzr7dk2uepjcnl85nfare3kdapxge08gr42s99n9kg7xs8xhs90y9v6,,,,,true,21,21,1.0,zap receipt,,0,0,21,0,0,0
2026-04-15T23:50:15Z,d8d65c62e97a203318e3e24bc56a83a7bd16e92800367d5f8daa1f7dd80df41f,fountain_boost,Fountain,boost,npub1xgyjasdztryl9sg6nfdm2wcj0j3qjs03sq7a0an32pg0lr5l6yaqxhgu7s,,D1Z2oJExWQIqEmrg95TL,007,"Local Bitcoiners • How Meetups can Benefit from V4V, Nostr and Valuechains | Ep. 007",false,2100,1029,0.49,sat math 0.49,#valuechain FTW 🙌\n\nhttps://fountain.fm/episode/D1Z2oJExWQIqEmrg95TL\n\nnostr:nevent1qvzqqqpxqupzpwrxeemtukuzv62esqjgxg4cmaxrs9sgl7j6tdrufuaturv0wea9qqsptspuv0cjw20eheq8j7wzaqvfluhvewz5g8wd3hupsnmz5nczcpg6h8j3u,1029,1029,0,0,42,
2026-04-15T20:39:01Z,d6633237389f53664dd3d8a6d1424252b57af9498a8cc6cfd3356904e68c7c48,fountain_boost,Fountain,boost,npub10gudflxfrvk6dzm3gwr8vwllnatsw2anlkuzjl6mw77a4hgj9aaqjagxvq,,D1Z2oJExWQIqEmrg95TL,007,"Local Bitcoiners • How Meetups can Benefit from V4V, Nostr and Valuechains | Ep. 007",false,1000,490,0.49,sat math 0.49,"Born in 1972, when I was kid living in Northern Ontario our local am station ran a « virtual » garage sale over the am radio waves every Sunday morning. It was awesome!\n\nhttps://fountain.fm/episode/D1Z2oJExWQIqEmrg95TL\n\nnostr:nevent1qvzqqqpxqupzpwrxeemtukuzv62esqjgxg4cmaxrs9sgl7j6tdrufuaturv0wea9qqszkatlukraazt258hpc4pzm703k6rdau7reukgsgfgydsecr4qeecp3zkpm",490,490,0,0,20,
2026-04-15T20:33:26Z,e2b3264c9aeaded1e5c5462efc1d40b8b4c94cf21eda1a6bc0167c95f2bb4580,fountain_boost,Fountain,boost,,,D1Z2oJExWQIqEmrg95TL,007,"Local Bitcoiners • How Meetups can Benefit from V4V, Nostr and Valuechains | Ep. 007",false,10000,4900,0.49,sat math 0.49,"Check out our new website for the Columbia SC Bitcoin Meetup: Columbiabitcoin.com \n\nOur meetups are the 4th Saturday of the month at Savage Craft Ale Works in West Columbia, SC.",4900,4900,0,0,200,
2026-04-13T15:00:57Z,4e9af807f111a1a8273e0025363c0b53a9d0364c30a2034c5a9f22873a1cdfb2,zap,nostr zaps,zap,npub1f5pre6wl6ad87vr4hr5wppqq30sh58m4p33mthnjreh03qadcajs7gwt3z,,,,,true,21,21,1.0,zap receipt,,0,0,21,0,0,0
2026-04-12T13:05:06Z,7385cd165aba4b4460e8960120efb8e86e9691e4a746aaf81374edbb732d9d5c,fountain_boost,Fountain,boost,npub1marc26z8nh3xkj5rcx7ufkatvx6ueqhp5vfw9v5teq26z254renshtf3g0,,9bujoMt5jRPVOwtIZmop,006,Local Bitcoiners • Grassroots Recap: Philly Suburbs & Bitcoin Park Nashville | Ep. 006,false,5000,2450,0.49,sat math 0.49,"Bitcoin Meetup at Good Day Brewing in Perris, California on April 24th, 2026. Buy a beer, burger, or soda with bitcoin over the lightning network. Meet plebs. Join the mission.\n\nhttps://951plebs.com\n\nhttps://fountain.fm/episode/9bujoMt5jRPVOwtIZmop\n\nnostr:nevent1qvzqqqpxqupzpwrxeemtukuzv62esqjgxg4cmaxrs9sgl7j6tdrufuaturv0wea9qqswefar2rj6gkczhc7qrheqxxq6tfqyph6pe4swg858t87skwqpl8q0wlamv",2450,2450,0,0,100,
2026-04-11T03:00:23Z,fec631a9107155d6d4d67c684c3d896176b5557ae722768aebe1958e314afbf8,fountain_boost,Fountain,boost,npub15rp8pt5u4r8m5yavdceuzsr8zcah0jtwwpfu2nmp22ss3yjawn3qhtdruw,,9bujoMt5jRPVOwtIZmop,006,Local Bitcoiners • Grassroots Recap: Philly Suburbs & Bitcoin Park Nashville | Ep. 006,false,100,49,0.49,sat math 0.49,"FWIW, I first saw Bitcoin Park because I was in Nashville looking for parks to go to.  So I wouldn't be surprised if that's how some other non-bitcoiners learned about it. As mentioned at the beginning, names can make a big difference.\n\nhttps://fountain.fm/episode/9bujoMt5jRPVOwtIZmop\n\nnostr:nevent1qvzqqqpxqupzpwrxeemtukuzv62esqjgxg4cmaxrs9sgl7j6tdrufuaturv0wea9qqsdeu5kn8dwuhud0jhpmxyjwgup4qk6lagn4dvl30td684hljy6qycg2m2uy",49,49,0,0,2,
2026-04-09T14:06:36Z,efb4314b154b8f6c37898a9edeb27151d2350893864bf932c30ae764f63d54c1,fountain_boost,Fountain,boost,npub1jxh2kga4ve8d4ftahcqtqswvk5z5f7ya0k2kx3dm679hmw4ysesqvt62rj,,9bujoMt5jRPVOwtIZmop,006,Local Bitcoiners • Grassroots Recap: Philly Suburbs & Bitcoin Park Nashville | Ep. 006,false,100,49,0.49,sat math 0.49,Shitcoin exorcism 🔥💩\n\nhttps://fountain.fm/episode/9bujoMt5jRPVOwtIZmop\n\nnostr:nevent1qvzqqqpxqupzpwrxeemtukuzv62esqjgxg4cmaxrs9sgl7j6tdrufuaturv0wea9qqsryqcqtwsd8kr93s24zlwn3dxn0kjry9rw8cq77j607lhth8ukj7cfum9sw,49,49,0,0,2,
2026-04-09T11:08:19Z,a294891a801efa50617d86d68a8af11c0d73fe5a213ff5ab02383171af7a0e32,fountain_boost,Fountain,boost,npub1z3h8afkwknffxyspvjde77sj6euy66rtyul7qlkl7f2ygktxdqasnn760f,,9bujoMt5jRPVOwtIZmop,006,Local Bitcoiners • Grassroots Recap: Philly Suburbs & Bitcoin Park Nashville | Ep. 006,false,10000,4900,0.49,sat math 0.49,After 2023-2025 I have no idea how anyone can still be shitcoining. Imagine thinking there's still any value there.\n\nhttps://fountain.fm/episode/9bujoMt5jRPVOwtIZmop\n\nnostr:nevent1qvzqqqpxqupzpwrxeemtukuzv62esqjgxg4cmaxrs9sgl7j6tdrufuaturv0wea9qqsg998d6alzjq97n428650ka840pyje5nm4e83qk98weykpthlmn8c4wxyxf,4900,4900,0,0,200,
2026-04-09T03:38:32Z,80b6ad9296cdda06aaa8365662e6dac3484eee97538589b8e8e664d0a516f98a,zap,nostr zaps,zap,npub138lktp328xjqvs45zysswzjxu4gxj58uypmlt486nxhek3dry8vsf3zeru,,,,,true,210,210,1.0,zap receipt,See u in Satlantis.io 🏝️,0,0,210,0,0,0
2026-04-08T21:02:29Z,5da1cb17becb7dde82ecfefa7ffebc3d43a0f1d44d239919f7acf964cfb5b56d,fountain_boost,Fountain,boost,npub1a6hvdlk99q83hsw8cgzdjww8m7xnxx9yg77mfmm60n45fed6kdgsaprzvp,,ALmlcUO8Jz2GtvYSbqBZ,005,"Local Bitcoiners • The Meetup Is the Farmer's Market: Kansas City, MO | Ep. 005",false,7000,3430,0.49,sat math 0.49,Absolutely inspiring rip… just love the enthusiasm behind local food production and community building!\n\nhttps://fountain.fm/episode/ALmlcUO8Jz2GtvYSbqBZ\n\nnostr:nevent1qvzqqqpxqupzpwrxeemtukuzv62esqjgxg4cmaxrs9sgl7j6tdrufuaturv0wea9qqszj5xuaq7s2fh42q7t645c4rcvypz9wr87tauzq2d62cnhcg2gljgh2k7ux,3430,3430,0,0,140,
2026-04-08T20:30:23Z,7e8b2481b369df06589e796080008dbf3c9bffebe3ae5c151786067c939ad2e9,fountain_boost,Fountain,boost,npub1uu05m8nl7hcns53g7tpzqalnncnpzx9vf70435s46ykfjtlrwmmqk47qum,,ALmlcUO8Jz2GtvYSbqBZ,005,"Local Bitcoiners • The Meetup Is the Farmer's Market: Kansas City, MO | Ep. 005",false,100,49,0.49,sat math 0.49,*no comment with boost*,49,49,0,0,2,
2026-04-08T19:08:03Z,f47bf43abf4d22dd26155b680a0e6ab0f3c7cfe8c8f821c4485923a705596da9,fountain_boost,Fountain,boost,npub15604np6ccsk7ugph4nrg7kyq7kpme9lmcn4l0q2xk4yd5d6puu2s00dr0u,,9bujoMt5jRPVOwtIZmop,006,Local Bitcoiners • Grassroots Recap: Philly Suburbs & Bitcoin Park Nashville | Ep. 006,false,1237,606,0.49,sat math 0.49,Thank you gentlemen\n\nhttps://fountain.fm/episode/9bujoMt5jRPVOwtIZmop\n\nnostr:nevent1qvzqqqpxqupzpwrxeemtukuzv62esqjgxg4cmaxrs9sgl7j6tdrufuaturv0wea9qqsvpv0exw4pztkygxqzgmwq5kt20d58zdanqj86ygz762cjaflrj0s6vm6qn,606,606,0,0,25,
2026-04-08T18:13:04Z,c54bacce90a1e8d98d38d9e80aedda81b8fd470772fd587aad4858ad7622dab9,zap,nostr zaps,zap,npub1f5pre6wl6ad87vr4hr5wppqq30sh58m4p33mthnjreh03qadcajs7gwt3z,,,,,true,21,21,1.0,zap receipt,,0,0,21,0,0,0
2026-04-07T17:45:44Z,635a4d9d802eaa5ead5abffcadaf252d40ec6772a9bbfb2bbe3eacc0cf027775,fountain_boost,Fountain,boost,npub1ljswqt5rr5hpd3ee86n4qp9uvqafk233wlsvndxu7sxg8q889fxse79q6n,,ALmlcUO8Jz2GtvYSbqBZ,005,"Local Bitcoiners • The Meetup Is the Farmer's Market: Kansas City, MO | Ep. 005",false,12020,5890,0.49,sat math 0.49,"Join us for the largest Bitcoin-only conference on the West Coast! Bitcoin is for Everyone, May 22-23 (🍕 day weekend!) in Portland, OR. bitcoinisforeveryone.com Use discount code NOSTRINSIDER for 21-percent off!",5890,5890,0,0,240,
2026-04-07T17:35:38Z,5c37e3cc387039a05ea521b89f5dee8a8b812efe43707dc9ba55b286a8e942ec,fountain_boost,Fountain,boost,npub1ljswqt5rr5hpd3ee86n4qp9uvqafk233wlsvndxu7sxg8q889fxse79q6n,,ALmlcUO8Jz2GtvYSbqBZ,005,"Local Bitcoiners • The Meetup Is the Farmer's Market: Kansas City, MO | Ep. 005",false,11010,5395,0.49,sat math 0.49,"The Portland Bitcoin Group has Meetups 6 times a month, come check us out!",5395,5395,0,0,220,
2026-04-07T14:22:25Z,08545e6ceb50bc3b283af134906e2382a090ee6df839807a5c71c31841db6ef5,fountain_boost,Fountain,boost,npub1f5pre6wl6ad87vr4hr5wppqq30sh58m4p33mthnjreh03qadcajs7gwt3z,,ALmlcUO8Jz2GtvYSbqBZ,005,"Local Bitcoiners • The Meetup Is the Farmer's Market: Kansas City, MO | Ep. 005",false,720,353,0.49,sat math 0.49,"nostr:npub16ux4qzg4qjue95vr3q327fzata4n594c9kgh4jmeyn80v8k54nhqg6lra7 is living the local Bitcoiner dream! The more I talk with him the more I learn. He's got such diverse set of knowledge, skills, relationships and products and he's tying it all together with local Bitcoin culture. Zap!\n\nhttps://fountain.fm/episode/ALmlcUO8Jz2GtvYSbqBZ\n\nnostr:nevent1qvzqqqpxqupzpwrxeemtukuzv62esqjgxg4cmaxrs9sgl7j6tdrufuaturv0wea9qqswqplws8n69c4v6dyehtkk4hqgglf4dx5ynzjyzv6g0prcxz9dg3cksdz7d",353,353,0,0,14,
2026-04-07T02:18:24Z,69461372589d4830dd2aa397e1b41877b259f8d81b097d003b0a3d54fbce5d89,fountain_boost,Fountain,boost,npub1tan2cwtf8s7zxvck79qllzaa7smy03y9ftd50gk6jnag2htnslssyfhjmr,,ALmlcUO8Jz2GtvYSbqBZ,005,"Local Bitcoiners • The Meetup Is the Farmer's Market: Kansas City, MO | Ep. 005",false,2000,980,0.49,sat math 0.49,Boost Bot Megathread!! How cool is that?! Live your podcast! I’m learning so much!\n\nhttps://fountain.fm/episode/ALmlcUO8Jz2GtvYSbqBZ\n\nnostr:nevent1qvzqqqpxqupzpwrxeemtukuzv62esqjgxg4cmaxrs9sgl7j6tdrufuaturv0wea9qqs2k4nuyfftz5ymlpcfrr0eakewzf3e5d9xj0j3q59v3v7f8d7q4pqa4ezu7,980,980,0,0,40,
2026-04-06T22:33:56Z,4ab87701aecf428ce5d24d76f19b4aed8c54d10109293a9cbaf81e2a2af3e6fa,zap,nostr zaps,zap,npub13v5w9ylsdahkfggkaa6ya2qardpfsgt8r45n5j27c6j8en8g3nrqsacqpv,,,,,true,420,420,1.0,zap receipt,Let's go 🚀,0,0,420,0,0,0
2026-04-06T19:50:36Z,a9a9dcb9fae26e51d3491cb00044bb5bb6ebd8e4f6275b3c26d0dca8dc2e2e7d,fountain_boost,Fountain,boost,npub138lktp328xjqvs45zysswzjxu4gxj58uypmlt486nxhek3dry8vsf3zeru,,ALmlcUO8Jz2GtvYSbqBZ,005,"Local Bitcoiners • The Meetup Is the Farmer's Market: Kansas City, MO | Ep. 005",false,1000,490,0.49,sat math 0.49,"Check out my Bitcoin Events Map. I'm keeping track of not only the Bitcoin conferences (there are other directories doing the same), but also the Bitcoin meetups.\n\n\n\nI am aggregating everything I find on Meetup, Luma, Telegram, Signal, Satlantis, own websites...\n\n\n\nAnyone can submit their event if it's not there and I'll validate them to avoid SPAM.\n\n\n\nIf you are curious to see what's going on in the world, check it out at BTCEventsMap.com",490,490,0,0,20,
2026-04-06T17:21:59.992Z,,fountain_stream,Fountain,stream,npub1x57njsdpz92cudukgmx9s5r0asfjas7g2w5tdvear25hm6uy970qjddxuw,,ALmlcUO8Jz2GtvYSbqBZ,005,"Local Bitcoiners • The Meetup Is the Farmer's Market: Kansas City, MO | Ep. 005",false,5712,,,fountain supporters firestore,,2799,2799,0,0,114,
2026-04-06T14:44:48Z,92be5a6f8febeb3d3a080c8d30fea39db98dfb431b6a1bb5807a170865d66a00,fountain_boost,Fountain,boost,npub1x57njsdpz92cudukgmx9s5r0asfjas7g2w5tdvear25hm6uy970qjddxuw,,ALmlcUO8Jz2GtvYSbqBZ,005,"Local Bitcoiners • The Meetup Is the Farmer's Market: Kansas City, MO | Ep. 005",false,10020,4910,0.49,sat math 0.49,LFG!  Get out and go to your local meetup. Find a meetup when you travel. Can’t wait to see you fellas at Lake Satoshi in a few months\n\nhttps://fountain.fm/episode/ALmlcUO8Jz2GtvYSbqBZ\n\nnostr:nevent1qvzqqqpxqupzpwrxeemtukuzv62esqjgxg4cmaxrs9sgl7j6tdrufuaturv0wea9qqstysyn77zluehnyccpfzp92uxnpv996ufnn2a4pfkm2zexscxadfskdug73,4910,4910,0,0,200,
2026-04-06T14:23:57Z,263b7d1b1ac3f0ea6b8d9dc23ecb6ead5684f50038753980742c995331b6ac4b,zap,nostr zaps,zap,npub1pzej3dt6ql5xzzxh4lg9eg2yttr25zsft4s4fje0gdrmm64mmwvswqshxc,,,,,true,21,21,1.0,zap receipt,🤙🏼,0,0,21,0,0,0
2026-04-06T14:22:15Z,8b9a4af19376f83172d1fe47cf0f74f30c037ae09bdb089046ba76887a6079c0,fountain_boost,Fountain,boost,npub1zcl7nn05sj6whseudcp84pc5mne7qs3vjvpml0ed46a6ztwyyx9qgpyt2h,,ALmlcUO8Jz2GtvYSbqBZ,005,"Local Bitcoiners • The Meetup Is the Farmer's Market: Kansas City, MO | Ep. 005",false,1033,506,0.49,sat math 0.49,finally getting around to listening to your show. good stuff. \n#smij #zapd #grownostr\n\nhttps://fountain.fm/episode/ALmlcUO8Jz2GtvYSbqBZ\n\nnostr:nevent1qvzqqqpxqupzpwrxeemtukuzv62esqjgxg4cmaxrs9sgl7j6tdrufuaturv0wea9qqsye600ntlkwp7zqfvnjxr4aft0t4jcsm84fm49y8craql2m5hyqmcntcfyr,506,506,0,0,21,
2026-04-06T14:14:58Z,bccabcf2db8e2d1a8492903566caedab72c6dcc0115f7ffec6d96d52bfe3e7dd,fountain_boost,Fountain,boost,npub138lktp328xjqvs45zysswzjxu4gxj58uypmlt486nxhek3dry8vsf3zeru,,ALmlcUO8Jz2GtvYSbqBZ,005,"Local Bitcoiners • The Meetup Is the Farmer's Market: Kansas City, MO | Ep. 005",false,210,103,0.49,sat math 0.49,Thanks for the show!,103,103,0,0,4,
2026-04-06T14:12:12Z,8564514842f5e849be62afa9aaf7ab93d01aff9d7b48b53d31813a4d884f0b2e,fountain_boost,Fountain,boost,npub1vpx9596duxdsmx4kwksycm2u4qy0gr6mzg289m52q96gdy97s9zsnkjspj,,ALmlcUO8Jz2GtvYSbqBZ,005,"Local Bitcoiners • The Meetup Is the Farmer's Market: Kansas City, MO | Ep. 005",false,4269,2092,0.49,sat math 0.49,"Auggie is an inspiration for pioneers building on the Intellectual Silk Road. \n\nThe Southwest Michigan meetup occurs the third Thursday of each month at Dwellers Coworking in Benton Harbor, MI. Join Rev Hodl, me, and a bunch of other quality humans in our quest to build our little corner of the Meshtadel through inspiring conversations, trade of goods and services, and collective cooperation.\n\nhttps://fountain.fm/episode/ALmlcUO8Jz2GtvYSbqBZ\n\nnostr:nevent1qvzqqqpxqupzpwrxeemtukuzv62esqjgxg4cmaxrs9sgl7j6tdrufuaturv0wea9qqs2h4y5tpr7vc72xd6g3v0gz0y3n0k8lpppjygmlf5aa4utzrldg8gncfv35",2092,2092,0,0,85,
2026-04-06T14:10:22Z,6ecac49efba9620302f0670b11b140818310dc4bc8af579b1c6e530d32fa049f,fountain_boost,Fountain,boost,npub15ymzglvv4alrp06q85eqqmawegxf688v0gtqwhjpgtp0a4k2mesqshkwwx,,ALmlcUO8Jz2GtvYSbqBZ,005,"Local Bitcoiners • The Meetup Is the Farmer's Market: Kansas City, MO | Ep. 005",false,322,158,0.49,sat math 0.49,Pre boost. Can't wait to listen 🙏\nBullish on KC! \n#40HPW🎧\n\nhttps://fountain.fm/episode/ALmlcUO8Jz2GtvYSbqBZ\n\nnostr:nevent1qvzqqqpxqupzpwrxeemtukuzv62esqjgxg4cmaxrs9sgl7j6tdrufuaturv0wea9qqsvr7p8n94c3haqwk5shuqhz50d38st386xq58fwxf0f4c43xnkdngfzr4ef,158,158,0,0,6,
2026-04-03T05:37:54Z,a643f0b63b12f936ab654faa3ced9efe3ba4d53b20080270c93834fa52609b0c,fountain_boost,Fountain,boost,npub1q7why7lw8kq9ufr43ps75ngz3vhx5duqt7xmgklcq3dljqqfjegq2km2vr,,PfxSpLSelb60eIHqjiSC,002,"Local Bitcoiners • Meetups are the Ultimate Web of Trust: Jersey City, NJ | Ep. 002",false,1110,544,0.49,sat math 0.49,Great stuff. Don't stop this awesome train.,544,544,0,0,22,
2026-03-31T15:20:39.463Z,,fountain_stream,Fountain,stream,npub1cmwm5hhrm3jp4fd3hz9lakz7eejxz5aan4vcsekyzgk7lwwppfesksfaad,,ALmlcUO8Jz2GtvYSbqBZ,005,"Local Bitcoiners • The Meetup Is the Farmer's Market: Kansas City, MO | Ep. 005",false,242,,,fountain supporters firestore,,118,119,0,0,5,
2026-03-31T00:16:05Z,e29483045d796dd4e8f84ef38be6bb70a852e26e526a7fdc67db093ef985096f,zap,nostr zaps,zap,npub1jmy8weweqzckna0amz7pn0uhhkxx693l7st23829ewmu43yvjsesfp6xcq,,,,,true,19,19,1.0,zap receipt,,0,0,19,0,0,0
2026-03-30T22:20:40Z,8556460774019c279594d187959c7e06e784f93413eab16f4af148d6d6678d1d,zap,nostr zaps,zap,npub1t3gxvxcf9nrcdd2ukhtfzjd39x7uers96u3ce3jnm605vhkkn7gsfp9elk,,,,,true,21,21,1.0,zap receipt,👍,0,0,21,0,0,0
2026-03-30T22:08:01Z,9c71725da0b7003f317dc529849c6ab75b8b6b5b1c46373eac73d23508fb2500,zap,nostr zaps,zap,npub1f5pre6wl6ad87vr4hr5wppqq30sh58m4p33mthnjreh03qadcajs7gwt3z,,,,,true,21,21,1.0,zap receipt,,0,0,21,0,0,0
2026-03-30T00:26:08Z,0de45faf22775d62aebfc685175cb7dd3edce125a109b2b9acd63c033d399d75,fountain_boost,Fountain,boost,npub1h2hy9wpjtq9czvl6eghnudxutz03dtrvj758tje4dyhzupuyajesacyjp0,,PyYiZvwjQw13umitWd3D,001,"Local Bitcoiners • 001. Starting and Growing Meetups | Western MA and South Bend, IN",false,999,979,0.98,sat math 0.98 (manual override),Great idea for a pod! Inspiring\n\nhttps://fountain.fm/episode/PyYiZvwjQw13umitWd3D\n\nnostr:nevent1qvzqqqpxqupzpwrxeemtukuzv62esqjgxg4cmaxrs9sgl7j6tdrufuaturv0wea9qqswhs5rps0k8a6nf7gjhpnq8hr6zszqs3m9pc4m8jhudqwtde03hnc033nya,489,490,0,0,20,
2026-03-29T13:25:30Z,69c11dc398d71e0c1c22d19f38b1f0bf53187037b53e8620d7860245cb7ef4ed,fountain_boost,Fountain,boost,npub1dgpt04w4c88wc0g262xaw8zvlm4mvwtmjhl0tn2sxtyjywsn6q4qt8ka3a,,NFBJRwFDW34wNHkujo3e,003,"Local Bitcoiners • Meetups & Podcasts are the Signal: Ottawa, CA | Ep. 003",false,100,49,0.49,sat math 0.49,Pure signal.\n\nThis needs to be in your first 10hrs\n\n#40hpw\n\nhttps://fountain.fm/episode/NFBJRwFDW34wNHkujo3e\n\nnostr:nevent1qvzqqqpxqupzpwrxeemtukuzv62esqjgxg4cmaxrs9sgl7j6tdrufuaturv0wea9qqs8wf09fvlkf6j2en75hy9cew6jxahnkv4m96njqllr9efjw6knevg3msfr4,49,49,0,0,2,
2026-03-27T16:14:13Z,e0b492269d802623b0139a5f92cf31a082cfc31d416b76a0974a08a62c12d03b,fountain_boost,Fountain,boost,npub15604np6ccsk7ugph4nrg7kyq7kpme9lmcn4l0q2xk4yd5d6puu2s00dr0u,,ALmlcUO8Jz2GtvYSbqBZ,005,"Local Bitcoiners • The Meetup Is the Farmer's Market: Kansas City, MO | Ep. 005",false,237,232,0.98,sat math 0.98,Thank you gentlemen.\n\nhttps://fountain.fm/episode/ALmlcUO8Jz2GtvYSbqBZ\n\nnostr:nevent1qvzqqqpxqupzpwrxeemtukuzv62esqjgxg4cmaxrs9sgl7j6tdrufuaturv0wea9qqspfztxl4ue7r4tdvp0exzgpwy0ldkh6e2utfjnnlcw28fgm8dlawgzyqfmw,116,116,0,0,5,
2026-03-27T00:09:10Z,01aa4a72c4e6bf2746f2511cec707e802b6dd1b887261117f0fb24e8688e4e23,zap,nostr zaps,zap,npub18t2qv60gaf0h6glj78rey5lecrj35jjp2467cklvqjk5d28agxks66a04t,,,,,true,21,21,1.0,zap receipt,Great post 👍,0,0,21,0,0,0
2026-03-26T23:07:50Z,c275ad21b3a45d19821cc0db7327eef30b0aceeb322bccaf2bfc02238fa57b79,fountain_boost,Fountain,boost,npub1tan2cwtf8s7zxvck79qllzaa7smy03y9ftd50gk6jnag2htnslssyfhjmr,,ALmlcUO8Jz2GtvYSbqBZ,005,"Local Bitcoiners • The Meetup Is the Farmer's Market: Kansas City, MO | Ep. 005",false,1000,980,0.98,sat math 0.98,Great Episode!! Loving the Bitcoin Meet up Farmers Markets!\n\nhttps://fountain.fm/episode/ALmlcUO8Jz2GtvYSbqBZ\n\nnostr:nevent1qvzqqqpxqupzpwrxeemtukuzv62esqjgxg4cmaxrs9sgl7j6tdrufuaturv0wea9qqsf2xx6u636d6gm0wzrgwygde3x0grl4kzwhc0e568kgskmzx26mlqjp4yrr,490,490,0,0,20,
2026-03-26T11:46:33Z,9ee1ddbb57da9b57d296ec07b025fc78312ade48cb231031bb88ffb9932bbfbc,fountain_boost,Fountain,boost,npub1phvflpwfkevj50jlvaw5lerl7avynpwt5tl9kpmt07kwmnsw04vqe9n97v,,ALmlcUO8Jz2GtvYSbqBZ,005,"Local Bitcoiners • The Meetup Is the Farmer's Market: Kansas City, MO | Ep. 005",false,1000,980,0.98,sat math 0.98,"Another great episode.\n\nTo all Canadian Bitcoin meetup organizers, Toine from 256Heat is trying to get in contact with the all the meetups from Windsor to Ottawa. He's hoping to do a tour, selling his newest home miner.  Send me a DM for more information, or get in contact with Toine.\n\nhttps://fountain.fm/episode/ALmlcUO8Jz2GtvYSbqBZ\n\nnostr:nevent1qvzqqqpxqupzpwrxeemtukuzv62esqjgxg4cmaxrs9sgl7j6tdrufuaturv0wea9qqsxa00hravpn32lx4yan0nfhc3qjyfenapu7clrt30zw5nyygphejq3xn605",490,490,0,0,20,
2026-03-26T09:20:46Z,9e2ad3fe063d11f872783cad852d1ca97efdeaff192af6d0bb4b3724fe3f4281,fountain_boost,Fountain,boost,npub1z3h8afkwknffxyspvjde77sj6euy66rtyul7qlkl7f2ygktxdqasnn760f,,ALmlcUO8Jz2GtvYSbqBZ,005,"Local Bitcoiners • The Meetup Is the Farmer's Market: Kansas City, MO | Ep. 005",false,5000,4900,0.98,sat math 0.98,Tuesday April 21st 5:30 PM Lansing Builder's Exchange I'll be talking about why fiat money ruins the environment and how Bitcoin fixes this.\n\nhttps://fountain.fm/episode/ALmlcUO8Jz2GtvYSbqBZ\n\nnostr:nevent1qvzqqqpxqupzpwrxeemtukuzv62esqjgxg4cmaxrs9sgl7j6tdrufuaturv0wea9qqsvq0u28nq76fdn99cqjwg5hpalch7usjvytswq0sxpjn0hdndzq2gqf8rna,2450,2450,0,0,100,
2026-03-24T05:09:39.442Z,,fountain_stream,Fountain,stream,npub1pgp72xqqlg75xwnct7ktu9a99fsxvsyje9rwy6a4dyhxsq4usx6svcv3tz,,PfxSpLSelb60eIHqjiSC,002,"Local Bitcoiners • Meetups are the Ultimate Web of Trust: Jersey City, NJ | Ep. 002",false,891,,,fountain supporters firestore,,436,437,0,0,18,
2026-03-24T04:30:15Z,a924ebd42240263aec80ba9023b64ff9c59e2aedb1279bf34a13b5b780197e29,zap,nostr zaps,zap,npub1pzej3dt6ql5xzzxh4lg9eg2yttr25zsft4s4fje0gdrmm64mmwvswqshxc,,,,,true,21,21,1.0,zap receipt,🤙🏼,0,0,21,0,0,0
2026-03-24T04:03:54Z,fef5819eca355c8733f90bf086e644f0d541b85451245ebed748d0b9250c260f,zap,nostr zaps,zap,npub1ljswqt5rr5hpd3ee86n4qp9uvqafk233wlsvndxu7sxg8q889fxse79q6n,,,,,true,42,42,1.0,zap receipt,"The biggest Bitcoin conference in the Pacific Northwest, Bitcoin Is For Everyone, is set for May 22nd and 23rd at Revolution Hall in Portland, Oregon. Tickets sales are live at Bitcoinisforeveryone.com Use promo code: NOSTRINSIDER for 21 percent off! ",0,0,42,0,0,0
2026-03-24T04:00:15Z,f4febf529dbfef9fb277a65f7548c771e59af5667853defc9b41bfa6ef15cf95,fountain_boost,Fountain,boost,npub1ljswqt5rr5hpd3ee86n4qp9uvqafk233wlsvndxu7sxg8q889fxse79q6n,,RA7xsAHQKExrM4RcExQQ,004,"Local Bitcoiners • Cypherpunks Write Code: AI, Meetups & the Meshtadel | Ep. 004",false,6902,6764,0.98,sat math 0.98,"Hey Rev and the Local Bitcoiners crew! ⚡️ Bitcoin is for Everyone 2026, Portland's biggest Bitcoin event, is scheduled for May 22–23. Bitcoin Pizza Day workshops on Friday, main conference at Revolution Hall on Saturday. All skill levels, no hype. Listeners get 21 percent off with code NOSTRINSIDER 🧡 Tickets + meetup info: https://bitcoinisforeveryone.com\n\nSee you in Portland! 🌲🏔🌹",3382,3382,0,0,138,
2026-03-24T03:19:34.316Z,,fountain_stream,Fountain,stream,npub1pgp72xqqlg75xwnct7ktu9a99fsxvsyje9rwy6a4dyhxsq4usx6svcv3tz,,PyYiZvwjQw13umitWd3D,001,"001. Starting and Growing Meetups | Western MA and South Bend, IN",false,737,,,fountain supporters firestore,,361,361,0,0,15,
2026-03-24T02:20:58Z,83892963155b5e96bf8020e1c09ab897cbc9dabf7b7597d4376a2148acb2ba94,fountain_boost,Fountain,boost,,,RA7xsAHQKExrM4RcExQQ,004,"Local Bitcoiners • Cypherpunks Write Code: AI, Meetups & the Meshtadel | Ep. 004",false,1000,980,0.98,sat math 0.98,Please shout-out my movie screening 4/24 6:30pm West Newton Cinema in MA\n\nhttps://app.evento.so/e/evt_G1wj8p2E1aeHhJVJ\n\n\n\nThanks!\n\n- Phil,490,490,0,0,20,
2026-03-24T01:03:42Z,687b261e5895f58602b87c6a859caee13d71c6056ea7fd4e9a8dd410be613f61,zap,nostr zaps,zap,npub1f5pre6wl6ad87vr4hr5wppqq30sh58m4p33mthnjreh03qadcajs7gwt3z,,,,,true,21,21,1.0,zap receipt,,0,0,21,0,0,0
2026-03-21T14:50:32Z,c85306a9ffb8b2668f4871d2a1c6d6f98225aa50902dc3a8c0d86a107907fb9c,fountain_boost,Fountain,boost,npub1xgyjasdztryl9sg6nfdm2wcj0j3qjs03sq7a0an32pg0lr5l6yaqxhgu7s,,RA7xsAHQKExrM4RcExQQ,004,"Local Bitcoiners • Cypherpunks Write Code: AI, Meetups & the Meshtadel | Ep. 004",false,2100,2058,0.98,sat math 0.98,New Local Bitcoiners custom boost bot aggregates boosts under a single note so everyone can see our boosts in one place 🔥 \n\nBoost your local meetup and Rev will read it off on the next episode!\n\nhttps://fountain.fm/episode/RA7xsAHQKExrM4RcExQQ\n\nnostr:nevent1qvzqqqpxqupzpwrxeemtukuzv62esqjgxg4cmaxrs9sgl7j6tdrufuaturv0wea9qqsttvzl86aa79fec43ywk5r390mgtjhxlhsrnylskm0mda6t4ejk2sd6ahds,1029,1029,0,0,42,
2026-03-21T13:54:03Z,4207b3d6a385ddc145ef773434efe66b240f9bcb447c603ce4318ee99ec16af4,keysend,PodcastGuru,boost,,Sir Spencer,RA7xsAHQKExrM4RcExQQ,004,"Cypherpunks Write Code: AI, Meetups & the Meshtadel | Ep. 004",false,420,391,1.0,keysend boostagram,Testing for Reed from Podcast Guru 🫡,206,206,0,0,8,
2026-03-21T11:50:34Z,eee64cc26be0c87041be09b321bfcdd643d09a5ff4baa0ba910a74236aaa9c6f,fountain_boost,Fountain,boost,npub1xgyjasdztryl9sg6nfdm2wcj0j3qjs03sq7a0an32pg0lr5l6yaqxhgu7s,,RA7xsAHQKExrM4RcExQQ,004,"Local Bitcoiners • Cypherpunks Write Code: AI, Meetups & the Meshtadel | Ep. 004",false,2100,2058,0.98,sat math 0.98,Unbiased opinion - this was a great rip!\n\nhttps://fountain.fm/episode/RA7xsAHQKExrM4RcExQQ\n\nnostr:nevent1qvzqqqpxqupzpwrxeemtukuzv62esqjgxg4cmaxrs9sgl7j6tdrufuaturv0wea9qqst6da67hsxgnc38rwvfudmfch0g6tsjcny6l3p0er7w82r9svrpkqhy22nr,1029,1029,0,0,42,
2026-03-19T10:20:32Z,cd96c219390cbb0f8f79fb1f88672b1363b2d46d0821f6c9c3f3af40cf8ae5ab,fountain_boost,Fountain,boost,,,RA7xsAHQKExrM4RcExQQ,004,"Local Bitcoiners • Cypherpunks Write Code: AI, Meetups & the Meshtadel | Ep. 004",false,500,490,0.98,sat math 0.98,Great pod. I'm hoping I can run a meetup in my area soon.,245,245,0,0,10,
2026-03-18T21:00:27Z,c656f9491f7a8088dd3bb6eff287e87ceb36774e7fe07a96ebe48f03a1ec3ae8,fountain_boost,Fountain,boost,npub1h6dm833nvxz8ykmp3me6uf46agyjwgc535jfn6ew5gzl8rmmtxdq4ysge0,,RA7xsAHQKExrM4RcExQQ,004,"Local Bitcoiners • Cypherpunks Write Code: AI, Meetups & the Meshtadel | Ep. 004",false,1000,980,0.98,sat math 0.98,Another amazing inspiration. Keep building. Many thanks.\n\nhttps://fountain.fm/episode/RA7xsAHQKExrM4RcExQQ\n\nnostr:nevent1qvzqqqpxqupzpwrxeemtukuzv62esqjgxg4cmaxrs9sgl7j6tdrufuaturv0wea9qqstduhkhueutajlczqmpkrkdt0c2j2dg3hmdwakrnnuxjqaehtvg6c999xf3,490,490,0,0,20,
2026-03-18T19:53:01Z,87e16dcdc05506303874606c4f39138d21ea270df221a77dfe807d93e9fbfdff,fountain_boost,Fountain,boost,npub15wzuy60l6p2kg8pr2juvw4jw0ctaexyyar8qzamcvwx4kk6pdcvq07skp8,,RA7xsAHQKExrM4RcExQQ,004,"Local Bitcoiners • Cypherpunks Write Code: AI, Meetups & the Meshtadel | Ep. 004",false,133,130,0.98,sat math 0.98,"🎯 help you bring ideas into reality \nThat's one thing I've struggled with, I've got lots of good ideas but I need assistance and assistants 🤭 to help me move forward to completion\n\nhttps://fountain.fm/episode/RA7xsAHQKExrM4RcExQQ\n\nnostr:nevent1qvzqqqpxqupzpwrxeemtukuzv62esqjgxg4cmaxrs9sgl7j6tdrufuaturv0wea9qqsqm5dcjd87rxqwdyvct2elnjqrznvtn75e42rrs5gkap8ev24w75qc2cjfn",65,65,0,0,3,
2026-03-18T19:45:47Z,5758da266c9bdc71e2448d6caad1aa72cc5544150750601bb9b5b000c9d84585,fountain_boost,Fountain,boost,npub15wzuy60l6p2kg8pr2juvw4jw0ctaexyyar8qzamcvwx4kk6pdcvq07skp8,,RA7xsAHQKExrM4RcExQQ,004,"Local Bitcoiners • Cypherpunks Write Code: AI, Meetups & the Meshtadel | Ep. 004",false,133,130,0.98,sat math 0.98,"What I would like to see more Nostr apps doing is hiding the fact that they are Nostr apps. Just obscure it away so normal people think it's a normal app, and not a power app. And let the features and usability make them a fan without them realizing it\n\nhttps://fountain.fm/episode/RA7xsAHQKExrM4RcExQQ\n\nnostr:nevent1qvzqqqpxqupzpwrxeemtukuzv62esqjgxg4cmaxrs9sgl7j6tdrufuaturv0wea9qqs844x8g2zxdch2n7jec33uddh6ujc60h2pmde355w7lyq8c8ck9lsu0wn9d",65,65,0,0,3,
2026-03-18T19:42:49Z,aca52b932cedc2a8d6dbbda653caee863e5f539852ea0e323e970c1a9758d213,fountain_boost,Fountain,boost,npub15wzuy60l6p2kg8pr2juvw4jw0ctaexyyar8qzamcvwx4kk6pdcvq07skp8,,RA7xsAHQKExrM4RcExQQ,004,"Local Bitcoiners • Cypherpunks Write Code: AI, Meetups & the Meshtadel | Ep. 004",false,133,130,0.98,sat math 0.98,Custom scripts for everybody! 🥳🥳\n\nhttps://fountain.fm/episode/RA7xsAHQKExrM4RcExQQ\n\nnostr:nevent1qvzqqqpxqupzpwrxeemtukuzv62esqjgxg4cmaxrs9sgl7j6tdrufuaturv0wea9qqsyql503fyp40n3stlyytmtygthkcyq9j8ncast57fu5250x43nx5cccca4g,65,65,0,0,3,
2026-03-18T19:40:54Z,49c573186ba510d73fcf2ba4bf27df2e963e530ec17287ed5e1bd5631ed2443a,fountain_boost,Fountain,boost,npub15wzuy60l6p2kg8pr2juvw4jw0ctaexyyar8qzamcvwx4kk6pdcvq07skp8,,RA7xsAHQKExrM4RcExQQ,004,"Local Bitcoiners • Cypherpunks Write Code: AI, Meetups & the Meshtadel | Ep. 004",false,133,130,0.98,sat math 0.98,"Ya there's definitely nothing wrong with waiting. 6 to 12 months from now it will be much more capable, and in order of magnitude easier to set up\n\nhttps://fountain.fm/episode/RA7xsAHQKExrM4RcExQQ\n\nnostr:nevent1qvzqqqpxqupzpwrxeemtukuzv62esqjgxg4cmaxrs9sgl7j6tdrufuaturv0wea9qqst9x7lyxhk4su77vv66kmukmmmzju9l0y9hvt2th0qx0ku7cm5azq0k6ssh",65,65,0,0,3,
2026-03-18T18:55:35Z,1f7e863b1020c51745e88dc8198430cf791772a84bcb5ad55855f90b3a47ca29,fountain_boost,Fountain,boost,npub15wzuy60l6p2kg8pr2juvw4jw0ctaexyyar8qzamcvwx4kk6pdcvq07skp8,,RA7xsAHQKExrM4RcExQQ,004,"Local Bitcoiners • Cypherpunks Write Code: AI, Meetups & the Meshtadel | Ep. 004",false,133,130,0.98,sat math 0.98,"I've been setting up mine to automatically log conversations. I've been feeding it all of my notes and business ideas. Everything gets automatically cataloged into obsidian. That obsidian vault is included in the QMD database for vector memory search. My agents have excellent short and long-term memory with minimal token usage. \n\nTo set it up right, you really need to spend quite a while setting it up - or buy the files from somewhere. I've been setting up going on 3 weeks. \n\nIt has already made me more productive. Soon my calendar will be synchronized. Client leads with automatically be filtered and surfaced front and center to me. \n\nThe more you use something like this, the more you will start to understand how you can compound little abilities on top of each other. One cron job can trigger a cascade of events and work. \n\nI have used simplistic bots for many years. I used to have one that would pay my child support for me. That ran with no issues for about 5 years before they updated the site and broke my bot.\n\nI used to use another one for automatically populating descriptions and titles for an online store. At that time, I was replacing an employee with a simple bot. These things have been providing real value for people, for longer than people assume. Again it all comes down to how you use it and what you're doing with it. \n\n6 to 12 months from now the landscape will be much different. Right now it's very hard to set up correctly and easy to burn money if you don't know what you're doing. But soon a lot of these things will be ironed out and much more normal people will be able to get higher value from it. \n\nOn top of that, every time the models get better or cheaper, that means you can also upgrade your system to be smarter or cheaper.\n\nhttps://fountain.fm/episode/RA7xsAHQKExrM4RcExQQ\n\nnostr:nevent1qvzqqqpxqupzpwrxeemtukuzv62esqjgxg4cmaxrs9sgl7j6tdrufuaturv0wea9qqsfm58369f3d2ux4n0tkfackuszkzps8ss6pwesddugful2m6fqu6gcc3apk",65,65,0,0,3,
2026-03-18T18:44:08Z,44a3f00d40fa9bbe881389e0a14b698c4a9e2dca233485b75e4ac9b04f6a30ff,fountain_boost,Fountain,boost,npub15wzuy60l6p2kg8pr2juvw4jw0ctaexyyar8qzamcvwx4kk6pdcvq07skp8,,RA7xsAHQKExrM4RcExQQ,004,"Local Bitcoiners • Cypherpunks Write Code: AI, Meetups & the Meshtadel | Ep. 004",false,133,130,0.98,sat math 0.98,"I don't know who's spending $1,000 but you doing it wrong. I spent $15 in the past 3 weeks with more usage than I've ever had. It all depends on the model. \n\nBut If they are also using it to do scraping and analyzing, it's not exactly simple work. And if you compare that to a human being doing the same work - that $1,000 is probably much cheaper than a human spending the time manually scraping and analyzing. \n\nI think I saw a graph recently saying that Claude opus outputs - in one prompt - between 5 and 15 hours of human work. Obviously that's not on every prompt, but that's pretty substantial even if it's expensive at a 30 cent API call, then maybe it's an extremely good deal. \n\nIt's all very relative to what you're using it for and what your accomplishing in the end. Some of us have been playing with AI models for years already so we already know how to prompt better and we get better results. You've got to keep playing with different models - talk to them in different ways - and be explicit, try to remove ambiguity. \n\nAnd if you're having problems writing prompts - ask one AI to write a prompt for you to give to the other.. and that will often increase your chance of a one shot successful prompt\n\nhttps://fountain.fm/episode/RA7xsAHQKExrM4RcExQQ\n\nnostr:nevent1qvzqqqpxqupzpwrxeemtukuzv62esqjgxg4cmaxrs9sgl7j6tdrufuaturv0wea9qqs8qpwy7wceul0fp28f26j0rf5h8vla257fut06qdy4d50q0p50qycu942mz",65,65,0,0,3,
2026-03-18T18:17:59Z,c91e2c6b4de696f2a07db8c95cace71002cf470e0a06ba658b6536ab89c00504,fountain_boost,Fountain,boost,npub15wzuy60l6p2kg8pr2juvw4jw0ctaexyyar8qzamcvwx4kk6pdcvq07skp8,,RA7xsAHQKExrM4RcExQQ,004,"Local Bitcoiners • Cypherpunks Write Code: AI, Meetups & the Meshtadel | Ep. 004",false,3333,3266,0.98,sat math 0.98,🍻\n\nhttps://fountain.fm/episode/RA7xsAHQKExrM4RcExQQ\n\nnostr:nevent1qvzqqqpxqupzpwrxeemtukuzv62esqjgxg4cmaxrs9sgl7j6tdrufuaturv0wea9qqsx3sw6sjsadcum067ju0nvr4tke9flarjy68wkc69893nas6dat9cxrfc0q,1633,1633,0,0,67,
2026-03-18T15:18:31Z,a4a2878c9c887c5ae0d1ad7d6124f1631f2ebae1f2d60999fa767da558ea96cb,zap,nostr zaps,zap,npub1tfj5kcu5hwp7esdet7zg667yfekjzysduhvrypq8qnvcywevpt6qkc2lh4,,,,,true,21,21,1.0,zap receipt,bitcoin is for everyone,0,0,21,0,0,0
2026-03-18T15:09:58Z,c27a7b6b0c22dc7ea7dffda7f1872340cc138248945450206f8a932b3f05cabe,zap,nostr zaps,zap,npub1xswmtflr4yclfyy4mq4y4nynnnu2vu5nk8jp0875khq9gnz0cthsc0p4xw,,,,,true,19,10,0.5,zap receipt,,0,0,10,0,0,0
2026-03-16T15:43:00Z,91f5d4d679ac89fd3b903f747fc1fd546f13109045ce5579e954a1f0d5cbcd16,fountain_boost,Fountain,boost,npub1marc26z8nh3xkj5rcx7ufkatvx6ueqhp5vfw9v5teq26z254renshtf3g0,,RA7xsAHQKExrM4RcExQQ,004,"Local Bitcoiners • Cypherpunks Write Code: AI, Meetups & the Meshtadel | Ep. 004",false,1000,980,0.98,sat math 0.98,"I used Shakespeare to vibe code my new meetup website. It has NIIP-52 calendar events, links, and a NIP-23 blog. I am considering adding a NIP-15 merch store/support page, but haven't figured out all the details yet.   I'll share it next week under a new npub.\n\nI love the Bitcoin meetup guide on GitHub. It's giving me a lot of Great ideas.\n\nhttps://fountain.fm/episode/RA7xsAHQKExrM4RcExQQ\n\nnostr:nevent1qvzqqqpxqupzpwrxeemtukuzv62esqjgxg4cmaxrs9sgl7j6tdrufuaturv0wea9qqsy6ynu2se85llw0txnneuha6rv277mzva2h4qlh3fdhq049yyhxncz962z5",490,490,0,0,20,
2026-03-14T10:16:35Z,326ea54b1325404a5b34acfc7ccfeaf618381756e16171f589dedbcf70a605f5,fountain_boost,Fountain,boost,npub1z3h8afkwknffxyspvjde77sj6euy66rtyul7qlkl7f2ygktxdqasnn760f,,RA7xsAHQKExrM4RcExQQ,004,"Local Bitcoiners • Cypherpunks Write Code: AI, Meetups & the Meshtadel | Ep. 004",false,5000,4900,0.98,sat math 0.98,"Days are getting longer, we're almost to the spring solstice. Watch sunrises, reconnect with nature through grounding. Great pod guys.\n\nhttps://fountain.fm/episode/RA7xsAHQKExrM4RcExQQ\n\nnostr:nevent1qvzqqqpxqupzpwrxeemtukuzv62esqjgxg4cmaxrs9sgl7j6tdrufuaturv0wea9qqsxgfe7sj0y8rxr3yrvaxh399xdfzgwwgc5v2jlpp896nn4s4tkv8c3l0zum",2450,2450,0,0,100,
2026-03-13T19:56:00Z,1a2d2f3bc3e87836a8826f216df0aca04bd711707a582a60849e83838f10bb44,fountain_boost,Fountain,boost,npub1z9hy7a0n8zxnhgrcew2nnkr4sx6sum07exve99pqq30leujye3usgd858n,,RA7xsAHQKExrM4RcExQQ,004,"Local Bitcoiners • Cypherpunks Write Code: AI, Meetups & the Meshtadel | Ep. 004",false,1337,1310,0.98,sat math 0.98,"Flee Canadian tyranny, settle on a Pennsylvania mountain top, start a local bitcoin meetup\n\nhttps://fountain.fm/episode/RA7xsAHQKExrM4RcExQQ\n\nnostr:nevent1qvzqqqpxqupzpwrxeemtukuzv62esqjgxg4cmaxrs9sgl7j6tdrufuaturv0wea9qqsx0clq39txrf2mrkdn97pmqcdlmf5upujf35jq22w3pprftxyk6ts4jvjx2",655,655,0,0,27,
2026-03-12T18:43:43Z,dd23259f03a82489b77f9fcfe2c63f8b6cc330d157a18c4ce003066ab7159f0f,zap,nostr zaps,zap,npub1f5pre6wl6ad87vr4hr5wppqq30sh58m4p33mthnjreh03qadcajs7gwt3z,,,,,true,21,21,1.0,zap receipt,,0,0,21,0,0,0
2026-03-12T18:30:50Z,fceee4ccd04ccb0209cf8aa0fb657d62b5ff8ab83c9ebb07083cce684df08b0b,fountain_boost,Fountain,boost,npub15604np6ccsk7ugph4nrg7kyq7kpme9lmcn4l0q2xk4yd5d6puu2s00dr0u,,RA7xsAHQKExrM4RcExQQ,004,"Local Bitcoiners • Cypherpunks Write Code: AI, Meetups & the Meshtadel | Ep. 004",false,237,232,0.98,sat math 0.98,Thank you gentlemen\n\nhttps://fountain.fm/episode/RA7xsAHQKExrM4RcExQQ\n\nnostr:nevent1qvzqqqpxqupzpwrxeemtukuzv62esqjgxg4cmaxrs9sgl7j6tdrufuaturv0wea9qqsrmxnmwuqrx94mg800cf9ggmc5g7h69xg4607n3kz6mwgvwggz9rsemmqqa,116,116,0,0,5,
2026-03-11T12:22:53Z,6b95c22ab5954f0b4a50eb70bdd740ed3985482cbf57078c848f460cbb032f92,zap,nostr zaps,zap,npub1f5pre6wl6ad87vr4hr5wppqq30sh58m4p33mthnjreh03qadcajs7gwt3z,,,,,true,21,21,1.0,zap receipt,,0,0,21,0,0,0
2026-03-10T04:27:07Z,5bcc62b1814385a76b093abfc5b60e944912ae34b16236b2088cef43a20b8bb8,zap,nostr zaps,zap,npub1f5pre6wl6ad87vr4hr5wppqq30sh58m4p33mthnjreh03qadcajs7gwt3z,,,,,true,21,21,1.0,zap receipt,,0,0,21,0,0,0
2026-03-10T04:25:54Z,0ae36f6499f131ed479df727fd47a429bf15356b9014f18f5918974da13064d4,zap,nostr zaps,zap,npub1f5pre6wl6ad87vr4hr5wppqq30sh58m4p33mthnjreh03qadcajs7gwt3z,,,,,true,21,21,1.0,zap receipt,,0,0,21,0,0,0
2026-03-06T18:14:01Z,c820ee5f366e5ddd124a7f7089c424a62a8305d9ffe11123cb66864c8eecced8,zap,nostr zaps,zap,npub1f5pre6wl6ad87vr4hr5wppqq30sh58m4p33mthnjreh03qadcajs7gwt3z,,,,,true,21,21,1.0,zap receipt,,0,0,21,0,0,0
2026-03-05T15:05:52Z,49798e19ef731a5daaf7622bcd23c8f198b05591dd5177ea9ecd2c00cc6e1bdc,fountain_boost,Fountain,boost,npub1jr525zmjjg5y99y2kx3r4cwzfcq98ke4kqeh5zpkveyt3gnnfk6sjvxjzt,,PfxSpLSelb60eIHqjiSC,002,"Local Bitcoiners • Meetups are the Ultimate Web of Trust: Jersey City, NJ | Ep. 002",false,121,119,0.98,sat math 0.98,🫡🍳🥩🍄💪\n\nhttps://fountain.fm/episode/PfxSpLSelb60eIHqjiSC\n\nnostr:nevent1qvzqqqpxqupzpwrxeemtukuzv62esqjgxg4cmaxrs9sgl7j6tdrufuaturv0wea9qqst4zx7u5fmqp9e6mzzzymjcjuy69cuhdz6485mpv0h4kuuat3qlrs6tlgmu,60,59,0,0,2,
2026-03-04T06:07:13.704Z,,fountain_stream,Fountain,stream,npub1srqgvupkre8hggp5new59qdnpgr9lhnz23yf78p9tdrqraq04pwq9hpxxh,,NFBJRwFDW34wNHkujo3e,003,"Local Bitcoiners • Meetups & Podcasts are the Signal: Ottawa, CA | Ep. 003",false,53,,,fountain supporters firestore,,26,26,0,0,1,
2026-03-03T21:41:43Z,7e5438966e1cd5fbadc3e50fa2bdf579562a7b12a6ece66186460fd83373c7a0,zap,nostr zaps,zap,npub1f5pre6wl6ad87vr4hr5wppqq30sh58m4p33mthnjreh03qadcajs7gwt3z,,,,,true,21,21,1.0,zap receipt,,0,0,21,0,0,0
2026-03-03T18:22:55Z,bd418b3cb23eeef745e0ccdf159c30fc9aebb619c30862849c6b93bc462484a8,fountain_boost,Fountain,boost,npub15wzuy60l6p2kg8pr2juvw4jw0ctaexyyar8qzamcvwx4kk6pdcvq07skp8,,NFBJRwFDW34wNHkujo3e,003,"Local Bitcoiners • Meetups & Podcasts are the Signal: Ottawa, CA | Ep. 003",false,3333,3266,0.98,sat math 0.98,Banger 🧨🧨 Pure signal\n\nhttps://fountain.fm/episode/NFBJRwFDW34wNHkujo3e\n\nnostr:nevent1qvzqqqpxqupzpwrxeemtukuzv62esqjgxg4cmaxrs9sgl7j6tdrufuaturv0wea9qqsyr26dszxk4ck2dxm07y2zmn0sprntcsvndte6z9qhwfnhtlq62zcwuf8ew,1633,1633,0,0,67,
2026-03-03T17:32:26Z,63c204494caddf6d3f2e68560a8e6d5061e518be486354ab031427a814214c09,fountain_boost,Fountain,boost,npub15wzuy60l6p2kg8pr2juvw4jw0ctaexyyar8qzamcvwx4kk6pdcvq07skp8,,NFBJRwFDW34wNHkujo3e,003,"Local Bitcoiners • Meetups & Podcasts are the Signal: Ottawa, CA | Ep. 003",false,3333,3266,0.98,sat math 0.98,🫡🍻\n\nhttps://fountain.fm/episode/NFBJRwFDW34wNHkujo3e\n\nnostr:nevent1qvzqqqpxqupzpwrxeemtukuzv62esqjgxg4cmaxrs9sgl7j6tdrufuaturv0wea9qqsw0cj4m6jpn48e6ddze9fypewukl7hv7dez5wxwxgrngu7xwl6u8s6ksky4,1633,1633,0,0,67,
2026-03-02T19:13:23Z,33358bccaf3cd95e68ff6ab11800a02be15624af852fb247f1a36e14dc65b0f3,zap,nostr zaps,zap,npub1f5pre6wl6ad87vr4hr5wppqq30sh58m4p33mthnjreh03qadcajs7gwt3z,,,,,true,19,19,1.0,zap receipt,,0,0,19,0,0,0
2026-03-02T18:30:41Z,606dfe7c6b7b0c8dff025596c108fe33b3304ed2e7f498765f262750e727aa35,zap,nostr zaps,zap,npub1f5pre6wl6ad87vr4hr5wppqq30sh58m4p33mthnjreh03qadcajs7gwt3z,,,,,true,21,21,1.0,zap receipt,,0,0,21,0,0,0
2026-02-28T14:23:57Z,7717b0c4b1e27a6c4e8065a8a9b3c99ea7566bc2e2492832bd14520ab9e7a2f0,fountain_boost,Fountain,boost,npub1pn38rzamuksfa2v0rv43uvlk4jgk4js3dwp2gr5v02ygwflntcnsylcvfz,,NFBJRwFDW34wNHkujo3e,003,"Local Bitcoiners • Meetups & Podcasts are the Signal: Ottawa, CA | Ep. 003",false,5000,4900,0.98,sat math 0.98,Keeping the pod high signal! Thanks for the shout out gents\n\nhttps://fountain.fm/episode/NFBJRwFDW34wNHkujo3e\n\nnostr:nevent1qvzqqqpxqupzpwrxeemtukuzv62esqjgxg4cmaxrs9sgl7j6tdrufuaturv0wea9qqs99rvvh0dt9x6zy3kns324scsj8nk7ttyf4a9m8faqz5tkkg5yu8cknlu28,2450,2450,0,0,100,
2026-02-27T23:56:19Z,306198cc627070df289c659c90ef31b6bee94f8a87822fd2173644dc5011768d,fountain_boost,Fountain,boost,npub15ymzglvv4alrp06q85eqqmawegxf688v0gtqwhjpgtp0a4k2mesqshkwwx,,NFBJRwFDW34wNHkujo3e,003,"Local Bitcoiners • Meetups & Podcasts are the Signal: Ottawa, CA | Ep. 003",false,939,920,0.98,sat math 0.98,"Bitcoin is backed by Bitcoiners in the first turning. Blood, sweat and spring.  Get to work.\n#40HPW🎧\n\nhttps://fountain.fm/episode/NFBJRwFDW34wNHkujo3e\n\nnostr:nevent1qvzqqqpxqupzpwrxeemtukuzv62esqjgxg4cmaxrs9sgl7j6tdrufuaturv0wea9qqs93aacqnmclcmdgkz4w9tayy9gx332jztznznmu3a22xqrxhwqg4s9kngh9",460,460,0,0,19,
2026-02-27T23:55:48Z,bd32ce36feb7e841e666cbc6ecd24ca4ee47ff34298d5f9936cc569965cce68b,fountain_boost,Fountain,boost,npub1h6dm833nvxz8ykmp3me6uf46agyjwgc535jfn6ew5gzl8rmmtxdq4ysge0,,NFBJRwFDW34wNHkujo3e,003,"Local Bitcoiners • Meetups & Podcasts are the Signal: Ottawa, CA | Ep. 003",false,100,98,0.98,sat math 0.98,Three legends!\n\nhttps://fountain.fm/episode/NFBJRwFDW34wNHkujo3e\n\nnostr:nevent1qvzqqqpxqupzpwrxeemtukuzv62esqjgxg4cmaxrs9sgl7j6tdrufuaturv0wea9qqs06vd6f2emyvcztz9ml654vrpnkzc5tnjaqjfvrfq54yqugv4wyps2qlcdf,49,49,0,0,2,
2026-02-27T20:27:57Z,f2e5c9c07892dc13d2e3cdf4321dc588508bbc14c3e21b218cd261f06ad3b06e,fountain_boost,Fountain,boost,npub15604np6ccsk7ugph4nrg7kyq7kpme9lmcn4l0q2xk4yd5d6puu2s00dr0u,,NFBJRwFDW34wNHkujo3e,003,"Local Bitcoiners • Meetups & Podcasts are the Signal: Ottawa, CA | Ep. 003",false,237,232,0.98,sat math 0.98,Thank you gentlemen\n\nhttps://fountain.fm/episode/NFBJRwFDW34wNHkujo3e\n\nnostr:nevent1qvzqqqpxqupzpwrxeemtukuzv62esqjgxg4cmaxrs9sgl7j6tdrufuaturv0wea9qqsr9f3a0hswcx6w6wkegjzypx0ey35kyl7qpa0g3mtp4m57n55vhkqmf8hsg,116,116,0,0,5,
2026-02-27T14:19:23Z,87c5d92f38e5e3f74e432fc5f85b27164804f9352efe16c5ad3c1d1af59921ef,fountain_boost,Fountain,boost,npub1vpx9596duxdsmx4kwksycm2u4qy0gr6mzg289m52q96gdy97s9zsnkjspj,,NFBJRwFDW34wNHkujo3e,003,"Local Bitcoiners • Meetups & Podcasts are the Signal: Ottawa, CA | Ep. 003",false,5420,5312,0.98,sat math 0.98,"If I hadn’t attended the Southwest Michigan Meetup, I may not have met Rev.Hodl. Today Rev helped me solve a mining issue not even AI could figure out. Turns out humans are still the purest form of signal, and meetups are a great place to find them.\n\nhttps://fountain.fm/episode/NFBJRwFDW34wNHkujo3e\n\nnostr:nevent1qvzqqqpxqupzpwrxeemtukuzv62esqjgxg4cmaxrs9sgl7j6tdrufuaturv0wea9qqsv9nvvanrfjlmuwx3mpgfzx9q7dh87fj7vkm8gqtssd8nk8y2edvcv0x9ft",2656,2656,0,0,108,
2026-02-27T13:12:31Z,21c2920f14a753985e7bc9711e6ee05c8b5e79dbb49010a9fbe17f0f3b299174,fountain_boost,Fountain,boost,npub1z9hy7a0n8zxnhgrcew2nnkr4sx6sum07exve99pqq30leujye3usgd858n,,NFBJRwFDW34wNHkujo3e,003,"Local Bitcoiners • Meetups & Podcasts are the Signal: Ottawa, CA | Ep. 003",false,4444,4355,0.98,sat math 0.98,Powerful Boomer! 💪\n\nhttps://fountain.fm/episode/NFBJRwFDW34wNHkujo3e\n\nnostr:nevent1qvzqqqpxqupzpwrxeemtukuzv62esqjgxg4cmaxrs9sgl7j6tdrufuaturv0wea9qqsr39s3ndv9prng4rhqz5ep2hr799ceu624wswgm6tp9dnz42slkvc3cctwj,2177,2178,0,0,89,
2026-02-27T02:39:24Z,27cdd7c60f3dc9a9558e8aa89d461fc3ea43feeddd5082d2fc675108115fefed,fountain_boost,Fountain,boost,npub1z3h8afkwknffxyspvjde77sj6euy66rtyul7qlkl7f2ygktxdqasnn760f,,Q48WBr6nT3mrbwMZ8ydY,,Local Bitcoiners,true,5000,4900,0.98,sat math 0.98,Local Bitcoiners > Rabbit Hole Recap\n\nhttps://fountain.fm/show/Q48WBr6nT3mrbwMZ8ydY\n\nnostr:nevent1qvzqqqpxqupzpwrxeemtukuzv62esqjgxg4cmaxrs9sgl7j6tdrufuaturv0wea9qqst53wm0sz39vempmr5grp992w3demnulxcegu0ee0mu5vvyrn4dxcs863lz,2450,2450,0,0,100,
2026-02-26T23:16:33Z,36e465159c858841289659bf0b1cea84785da5976a6391b297a6d890beb5159b,fountain_boost,Fountain,boost,npub1phvflpwfkevj50jlvaw5lerl7avynpwt5tl9kpmt07kwmnsw04vqe9n97v,,NFBJRwFDW34wNHkujo3e,003,"Local Bitcoiners • Meetups & Podcasts are the Signal: Ottawa, CA | Ep. 003",false,1000,980,0.98,sat math 0.98,It was honor to talk to you guys about our crew up here in Ottawa.  Meetups truely are the social layer to Bitcoin.\n\nVires in Numeris\n\nhttps://fountain.fm/episode/NFBJRwFDW34wNHkujo3e\n\nnostr:nevent1qvzqqqpxqupzpwrxeemtukuzv62esqjgxg4cmaxrs9sgl7j6tdrufuaturv0wea9qqsdyv2kcu8jsqpstad6df0cavssk5xlxv3d44f5txv03sxl4k9yfpsxuaach,490,490,0,0,20,
2026-02-26T21:45:27Z,c3bbf8a03e6be31299acf460d68b3e30ea2aaff498b8e5689baa3967ad355b56,zap,nostr zaps,zap,npub13v5w9ylsdahkfggkaa6ya2qardpfsgt8r45n5j27c6j8en8g3nrqsacqpv,,,,,true,5,5,1.0,zap receipt,🧡,0,0,5,0,0,0
2026-02-26T21:44:20Z,295dddb787636734469b73b8c69d70ce12628df8c08b24130fd87c0f58f73cda,zap,nostr zaps,zap,npub12ddgadsx8662zp5fp8f9qyn8rh2uxlgllqzkzwztwhyjtl2dglhq9rr2ut,,,,,true,1,1,1.0,zap receipt,👍,0,0,1,0,0,0
2026-02-26T19:10:05Z,ba93394602eba8eba2b8209b3f5e01af276017e23843d2a6ac3f46caf5afadfe,fountain_boost,Fountain,boost,npub1qjhr8se64q78dvvpftv6lazgfukgg22wj0kjtjfr6x2gwfeg6j2ssju7c0,,PfxSpLSelb60eIHqjiSC,002,"Local Bitcoiners • Meetups are the Ultimate Web of Trust: Jersey City, NJ | Ep. 002",false,500,490,0.98,sat math 0.98,Funny to find this when I'm thinking of starting a meetup.\n\nhttps://fountain.fm/episode/PfxSpLSelb60eIHqjiSC\n\nnostr:nevent1qvzqqqpxqupzpwrxeemtukuzv62esqjgxg4cmaxrs9sgl7j6tdrufuaturv0wea9qqswmzecdhv7xgstdm9c24jgm7cughzjyxkrjwcd2kn9rk0g7v589pgpx6y4f,245,245,0,0,10,
2026-02-25T05:52:05Z,0ec392b7c89fec00ad5852e22aa7abd6aba4c225336cd0eef7d68fb902bd746b,zap,nostr zaps,zap,npub1q4hnxfzu5nxylg7p6mj40hvw4ec53z0ncdpre0t0huyl8s8zqrfquvz7zr,,,,,true,21,21,1.0,zap receipt,Onward 🫡,0,0,21,0,0,0
2026-02-24T23:28:23Z,a4572fec0de923a03fa507d9988bdb3415669420af942cd9958a310bf38b84a4,zap,nostr zaps,zap,npub1tp6w7td3sjnphrrsd9hacam4pqhudc5ylj6v5g2akcu4cl2pl49smp5hhr,,,,,true,21,21,1.0,zap receipt,Onward 🫡,0,0,21,0,0,0
2026-02-24T19:02:08Z,f3f02e2e5b45a443583f7ca0a7c799fb81153b0111b7450b2933a2b0c045f671,zap,nostr zaps,zap,npub1akgnjacnpkd3ha30m3j2nsuru9p6g9k0sv2d7s72yjqqh8vmp3gqayczv4,,,,,true,21,21,1.0,zap receipt,🤙🏻,0,0,21,0,0,0
2026-02-24T18:20:59Z,1960f87d11d099507712d04d528b29d9d8a0ce05e30e2f092c9ab7419133d647,zap,nostr zaps,zap,npub1xgyjasdztryl9sg6nfdm2wcj0j3qjs03sq7a0an32pg0lr5l6yaqxhgu7s,,,,,true,21,21,1.0,zap receipt,,0,0,21,0,0,0
2026-02-24T01:24:57Z,6f010c56d60fc9ed339d775990b70250d0c17bff0e0f96797967d950469609d6,fountain_boost,Fountain,boost,,,PfxSpLSelb60eIHqjiSC,002,"Local Bitcoiners • Meetups are the Ultimate Web of Trust: Jersey City, NJ | Ep. 002",false,10000,9800,0.98,sat math 0.98,Join us at the North Chicago Bitcoin meetup in Long Grove. 1st Saturday of each month at Joanie's Pizza! 11:30am-2pm.  Let's go! 🚀,4900,4900,0,0,200,
2026-02-22T16:12:20Z,a8bac1b3a4f6e951ba509f13d0272f64e86f8262358082cc67f48e4e29b1c913,fountain_boost,Fountain,boost,npub10jzgn0sfgm83pnha2hsjlgq03hj0u6pmwqhjh70wuar7mmermaesgxar98,,PyYiZvwjQw13umitWd3D,001,"Local Bitcoiners • 001. Starting and Growing Meetups | Western MA and South Bend, IN",false,1069,1048,0.98,sat math 0.98,"Thanks for the info, keep it up. There's also Satlantus out there to try and advertise and find events on.",524,524,0,0,21,
2026-02-22T16:12:05Z,a4af6e55d7f8a870957277bcb37db810cceb686cebdccf13f2994ed95295c7fc,fountain_boost,Fountain,boost,npub10jzgn0sfgm83pnha2hsjlgq03hj0u6pmwqhjh70wuar7mmermaesgxar98,,PyYiZvwjQw13umitWd3D,001,"Local Bitcoiners • 001. Starting and Growing Meetups | Western MA and South Bend, IN",false,1069,1048,0.98,sat math 0.98,"Thanks for the info, keep it up. There's also Satlantus out there to try and advertise and find events on.",524,524,0,0,21,
2026-02-22T16:10:37Z,a026d18f1bcedf54e0ad8e2604ea40a67aaf52a485f4ece5c91eed5fded379dd,fountain_boost,Fountain,boost,npub10jzgn0sfgm83pnha2hsjlgq03hj0u6pmwqhjh70wuar7mmermaesgxar98,,PyYiZvwjQw13umitWd3D,001,"Local Bitcoiners • 001. Starting and Growing Meetups | Western MA and South Bend, IN",false,1069,1048,0.98,sat math 0.98,"Thanks for the info, keep it up. There's also Satlantus out there to try and advertise and find events on.",524,524,0,0,21,
2026-02-22T13:40:57Z,95ae20e905ee0d4b482053d66ba32d8ef69f880c3cc9a9fe81551d7b80bbf649,fountain_boost,Fountain,boost,npub1z9hy7a0n8zxnhgrcew2nnkr4sx6sum07exve99pqq30leujye3usgd858n,,PfxSpLSelb60eIHqjiSC,002,"Local Bitcoiners • Meetups are the Ultimate Web of Trust: Jersey City, NJ | Ep. 002",false,4444,4355,0.98,sat math 0.98,Central Pennsylvania Bitcoiners meets the 3rd Thursday of the month in Enola for our BitPlebs events where we discuss bitcoin news and developments from the past month. Events are posted on Meetup and Club Orange 🫡\n\nhttps://fountain.fm/episode/PfxSpLSelb60eIHqjiSC\n\nnostr:nevent1qvzqqqpxqupzpwrxeemtukuzv62esqjgxg4cmaxrs9sgl7j6tdrufuaturv0wea9qqszekpcedkxxltzmqa2jfeyus3gwgghx38pgdl0zazhgxzj86ll3tgq4xe98,2177,2178,0,0,89,
2026-02-21T14:23:51Z,0adebdbeb36bfb679986394455d4772c6c53dd3acf2612ee21d39b90ebc44357,fountain_boost,Fountain,boost,npub15ymzglvv4alrp06q85eqqmawegxf688v0gtqwhjpgtp0a4k2mesqshkwwx,,PfxSpLSelb60eIHqjiSC,002,"Local Bitcoiners • Meetups are the Ultimate Web of Trust: Jersey City, NJ | Ep. 002",false,3393,3325,0.98,sat math 0.98,"I love hearing these.  If you run or appreciate your meetup, this series is a must listen.  Take notes and talk to your peers about this incredibly valuable info.  Keep building, keep improving.\n\nhttps://fountain.fm/episode/PfxSpLSelb60eIHqjiSC\n\nnostr:nevent1qvzqqqpxqupzpwrxeemtukuzv62esqjgxg4cmaxrs9sgl7j6tdrufuaturv0wea9qqsp2rj0lmrltfe3jlyurfrmu72tg5yrqf4uqyz3sjx3hlvy8l0sc6g9fnf30",1662,1663,0,0,68,
2026-02-17T17:43:11Z,e8711712f1c4353829883ad605600330a6f09818a6c0984ef77f82170f6627f2,fountain_boost,Fountain,boost,npub15wzuy60l6p2kg8pr2juvw4jw0ctaexyyar8qzamcvwx4kk6pdcvq07skp8,,PfxSpLSelb60eIHqjiSC,002,"Local Bitcoiners • Meetups are the Ultimate Web of Trust: Jersey City, NJ | Ep. 002",false,1777,1741,0.98,sat math 0.98,"Love this series, keep up the great work!🚀🧨\n\nhttps://fountain.fm/episode/PfxSpLSelb60eIHqjiSC\n\nnostr:nevent1qvzqqqpxqupzpwrxeemtukuzv62esqjgxg4cmaxrs9sgl7j6tdrufuaturv0wea9qqsd6r9z3c9srvazcjkj8lu3fsxtem5yuzvgmvpnzr8lr3tgn2arwug4cvscf",870,871,0,0,36,
2026-02-17T13:09:26Z,4844a26b78f2889d9f7374119cf9b53e9caf92cb4f6bc28b818aba5b7986e90b,fountain_boost,Fountain,boost,npub1csgvgt28x9m47v0w03hmzucdpr85xrjq76wwumekayuhh7792hds5phm27,,PfxSpLSelb60eIHqjiSC,002,"Local Bitcoiners • Meetups are the Ultimate Web of Trust: Jersey City, NJ | Ep. 002",false,2100,2058,0.98,sat math 0.98,Niagara 🇨🇦 Bitcoin Meetup - third Wednesday of each month. @NiagaraBTC on Twitter\n\nhttps://fountain.fm/episode/PfxSpLSelb60eIHqjiSC\n\nnostr:nevent1qvzqqqpxqupzpwrxeemtukuzv62esqjgxg4cmaxrs9sgl7j6tdrufuaturv0wea9qqsr2vzxmtdu58m8x3vy64577fyy43yrkya6ulqtd6x9skewdvr7ussppkacl,1029,1029,0,0,42,
2026-02-17T12:25:18Z,cb3fe9de9b626a87a9c3cc5589d002e500188109bc1220ede0fadf768f000ebc,fountain_boost,Fountain,boost,npub1pn38rzamuksfa2v0rv43uvlk4jgk4js3dwp2gr5v02ygwflntcnsylcvfz,,PfxSpLSelb60eIHqjiSC,002,"Local Bitcoiners • Meetups are the Ultimate Web of Trust: Jersey City, NJ | Ep. 002",false,5000,4900,0.98,sat math 0.98,"Hey guys...digging your pod! Just started new meetup in Harrisburg PA area, Bitcoin in the Burg. Coffee meetups every 4th Sunday of the month, and putting on Bitcoin vs Crypto educational session on Sat, March 14th. Details on Nostr and OPA. Keep spreading the signal ⚡️\n\nhttps://fountain.fm/episode/PfxSpLSelb60eIHqjiSC\n\nnostr:nevent1qvzqqqpxqupzpwrxeemtukuzv62esqjgxg4cmaxrs9sgl7j6tdrufuaturv0wea9qqsz95c8reydjf26n6462y832jgqmz2krhuwlp5d7wtmx66ex382e8stjhd9m",2450,2450,0,0,100,
2026-02-16T23:56:01Z,c0e11b5bcf3dd327f6b2bb20013f9df3d027929bda7e29dca7e6de339f4447dd,fountain_boost,Fountain,boost,npub1z3h8afkwknffxyspvjde77sj6euy66rtyul7qlkl7f2ygktxdqasnn760f,,PfxSpLSelb60eIHqjiSC,002,"Local Bitcoiners • Meetups are the Ultimate Web of Trust: Jersey City, NJ | Ep. 002",false,5000,4900,0.98,sat math 0.98,https://fountain.fm/episode/PfxSpLSelb60eIHqjiSC\n\nnostr:nevent1qvzqqqpxqupzpwrxeemtukuzv62esqjgxg4cmaxrs9sgl7j6tdrufuaturv0wea9qqsgf8s9d2vmkqanvh87jvckqfmt7wwwnrgsllsgrvd0rwnzjatfr7qypnmz7,2450,2450,0,0,100,
2026-02-16T23:35:42Z,a4ee5fd6e2b0926c2f6b12f408da16c221b4f84f6405fde15c4ed40fe2a6dc22,fountain_boost,Fountain,boost,npub15wzuy60l6p2kg8pr2juvw4jw0ctaexyyar8qzamcvwx4kk6pdcvq07skp8,,PfxSpLSelb60eIHqjiSC,002,"Local Bitcoiners • Meetups are the Ultimate Web of Trust: Jersey City, NJ | Ep. 002",false,1777,1741,0.98,sat math 0.98,https://fountain.fm/episode/PfxSpLSelb60eIHqjiSC\n\nnostr:nevent1qvzqqqpxqupzpwrxeemtukuzv62esqjgxg4cmaxrs9sgl7j6tdrufuaturv0wea9qqs0dn9az4l9zjhs8htac2jdg7hkg9lq2xuxhyhr23qhs5449hglr4c7w2npq,870,871,0,0,36,
2026-02-16T23:10:17Z,b200f6e7ccc21f01456b5311a4b2b31647c6c9fe30aa676fb164e189d18c6c37,fountain_boost,Fountain,boost,,,PfxSpLSelb60eIHqjiSC,002,"Local Bitcoiners • Meetups are the Ultimate Web of Trust: Jersey City, NJ | Ep. 002",false,10000,9800,0.98,sat math 0.98,"Love that you guys are amplifying these meetups. Keep up the good work! Attend your local meetup and if you don't have one in your area, start one!",4900,4900,0,0,200,
2026-02-16T13:58:54Z,969ff6e4857ac877c983f71fc1f269fe8a82a40c6116f4a4527e3a484807d0db,fountain_boost,Fountain,boost,npub1phvflpwfkevj50jlvaw5lerl7avynpwt5tl9kpmt07kwmnsw04vqe9n97v,,PfxSpLSelb60eIHqjiSC,002,"Local Bitcoiners • Meetups are the Ultimate Web of Trust: Jersey City, NJ | Ep. 002",false,1000,980,0.98,sat math 0.98,"Another great rip, gents.  This fills a very important gap in the Bitcoin podcast space.  Already a contender for 2026 Bitcoin Podcast of the year.\n\nhttps://fountain.fm/episode/PfxSpLSelb60eIHqjiSC\n\nnostr:nevent1qvzqqqpxqupzpwrxeemtukuzv62esqjgxg4cmaxrs9sgl7j6tdrufuaturv0wea9qqs8tcg697wene3mqmyukjuhpcfk6ycdqkjl5t8htufw4hdlst6s5vg8cgwqf",490,490,0,0,20,
2026-02-15T17:45:32Z,6cf6cb13a92add38113d14162816c195f43516a1dd5c66221d7c37e0d79faf30,fountain_boost,Fountain,boost,npub1juxh95vxasvfr959hkug7rwzje60sw3k7cegrerhktnd97s7yvms0yd0je,,PyYiZvwjQw13umitWd3D,001,"Local Bitcoiners • 001. Starting and Growing Meetups | Western MA and South Bend, IN",false,1000,980,0.98,sat math 0.98,We need more of this! Keep up the good work!\n\nhttps://fountain.fm/episode/PyYiZvwjQw13umitWd3D\n\nnostr:nevent1qvzqqqpxqupzpwrxeemtukuzv62esqjgxg4cmaxrs9sgl7j6tdrufuaturv0wea9qqswjwrjd6qhf0ex93g8kv3ex5md65n8k6d24rzg9exxs9gsjpf3n9ctpj83t,490,490,0,0,20,
2026-02-10T18:17:00Z,689af2fa675d7a82a2f4138007d8cb01006b1e89b1591317d61ad9b47b9f6fe4,fountain_boost,Fountain,boost,npub13h3hhzv20uqjsyrmj95mstdvsqae3th5a2vr7ctjal2rvpw34xvsdwa57n,,Q48WBr6nT3mrbwMZ8ydY,,Local Bitcoiners,true,210,206,0.98,sat math 0.98,Indianapolis Bitcoin Meetup\n3rd Wednesday of the month\nNew venue!!!!\n\nThis month’s meetup will be at Keystone Sports Review on 71st and Keystone. 2/18 7-9pm per usual.\n\nThey have an upstairs area that we will have to ourselves and our own bar.\n\nhttps://fountain.fm/show/Q48WBr6nT3mrbwMZ8ydY\n\nnostr:nevent1qvzqqqpxqupzpwrxeemtukuzv62esqjgxg4cmaxrs9sgl7j6tdrufuaturv0wea9qqs8a3ym88tl3408pwvwrejk7q27s9dcpltxcyj5kqdcy6e9umyv9fq8mqt33,103,103,0,0,4,
2026-02-10T18:03:01Z,47fbac23fa2e2ad79d634aece34b42da139dca63b672f5a651d3cb9792387f73,fountain_boost,Fountain,boost,npub13h3hhzv20uqjsyrmj95mstdvsqae3th5a2vr7ctjal2rvpw34xvsdwa57n,,Q48WBr6nT3mrbwMZ8ydY,,Local Bitcoiners,true,210,206,0.98,sat math 0.98,"Marion Bitcoin Meetup \nFirst Wednesday each month 6-8pm\nOBI’s BBQ in Marion, Indiana\n\nGreat show!\n\nhttps://fountain.fm/show/Q48WBr6nT3mrbwMZ8ydY\n\nnostr:nevent1qvzqqqpxqupzpwrxeemtukuzv62esqjgxg4cmaxrs9sgl7j6tdrufuaturv0wea9qqsfsx2xvnphdngnj7kux2ah9py9pjlds2xy4mdsv2uyngax89aeezq4c5m38",103,103,0,0,4,
2026-02-10T16:55:17Z,f3480b856b326a121bd58fdb6ff2ae312cbd5a2e611000d4760ecd204c141287,fountain_boost,Fountain,boost,,,PyYiZvwjQw13umitWd3D,001,"Local Bitcoiners • 001. Starting and Growing Meetups | Western MA and South Bend, IN",false,10000,9800,0.98,sat math 0.98,"Come check out the Midwest Bitcoin Summit this September 23-24! The largest Bitcoin meetup for Bitcoin meetups from all across the Midwest! \n\nThe Midwest Bitcoin Summit will host four stages, business hall, VIP lounge, and expo hall! Bitcoin only. Pure signal!\n\nGet tickets now at www.midwestbtc.com!",4900,4900,0,0,200,
2026-02-10T16:50:33Z,ad8de080c055c4588b542533857709792d657e255026a8f18ca61258461a1c61,fountain_boost,Fountain,boost,,,PyYiZvwjQw13umitWd3D,001,"Local Bitcoiners • 001. Starting and Growing Meetups | Western MA and South Bend, IN",false,1000,980,0.98,sat math 0.98,*no comment with boost*,490,490,0,0,20,
2026-02-10T12:00:31Z,ccc98afd48179bc7418e941cb7d866663a5a02f3d8f2baf7e2fd33437cbff66c,fountain_boost,Fountain,boost,npub1z3h8afkwknffxyspvjde77sj6euy66rtyul7qlkl7f2ygktxdqasnn760f,,PyYiZvwjQw13umitWd3D,001,"Local Bitcoiners • 001. Starting and Growing Meetups | Western MA and South Bend, IN",false,5000,4900,0.98,sat math 0.98,Looking forward to more of these. 🙏🏻\n\nhttps://fountain.fm/episode/PyYiZvwjQw13umitWd3D\n\nnostr:nevent1qvzqqqpxqupzpwrxeemtukuzv62esqjgxg4cmaxrs9sgl7j6tdrufuaturv0wea9qqsf9nknx8nh32wg0xv2vgmc9k90rr674rk3vzjhne0nk86xcnklwvsvd48xl,2450,2450,0,0,100,
2026-02-09T19:36:56Z,e19d712435867854b6a996edebdf3ce76b74067ae4f3a16eebee0b56739bc780,fountain_boost,Fountain,boost,npub1marc26z8nh3xkj5rcx7ufkatvx6ueqhp5vfw9v5teq26z254renshtf3g0,,PyYiZvwjQw13umitWd3D,001,"Local Bitcoiners • 001. Starting and Growing Meetups | Western MA and South Bend, IN",false,210,206,0.98,sat math 0.98,You guys inspired me to start my meetup again at a business that actually accepts Bitcoin.  Have you tried https://plektos.app/\n?,103,103,0,0,4,
2026-02-09T17:09:24Z,6393cb5a2dfbb0fe2d8da5de52db39cef9a9f4287bb76b0ba61350d3abb1e15c,fountain_boost,Fountain,boost,,,PyYiZvwjQw13umitWd3D,001,"Local Bitcoiners • 001. Starting and Growing Meetups | Western MA and South Bend, IN",false,10000,9800,0.98,sat math 0.98,"Come checkout Columbia, SC Bitcoin Meetup on Saturday February 21st at Savage Craft Ale Works in West Columbia, SC. We meet from 3-5 PM and usually on the rooftop (weather and space dependent). We meet once a month, typically the third Saturday. We are no longer on meetup dot com because I got sick of paying for the monthly subscription, our Luma event link is https://luma.com/msp6v879",4900,4900,0,0,200,
2026-02-09T16:04:11Z,5dce303ef7f093525d41a05558aa1c41c8b6db52b0c85c0f2f24467ee9044932,fountain_boost,Fountain,boost,npub15wzuy60l6p2kg8pr2juvw4jw0ctaexyyar8qzamcvwx4kk6pdcvq07skp8,,PyYiZvwjQw13umitWd3D,001,"Local Bitcoiners • 001. Starting and Growing Meetups | Western MA and South Bend, IN",false,7777,7621,0.98,sat math 0.98,❤️‍🔥🍻🫡\n\nhttps://fountain.fm/episode/PyYiZvwjQw13umitWd3D\n\nnostr:nevent1qvzqqqpxqupzpwrxeemtukuzv62esqjgxg4cmaxrs9sgl7j6tdrufuaturv0wea9qqsfedfrhnaztmpvxtnq8fq007dk4kw5xzx969hw7y5guy8jkllsmfqarl5xn,3810,3811,0,0,156,
2026-02-09T14:43:56Z,741a852216bc11836ff6d3c6f0b833350e5f1859547565544187d606df6be06a,fountain_boost,Fountain,boost,,,PyYiZvwjQw13umitWd3D,001,"Local Bitcoiners • 001. Starting and Growing Meetups | Western MA and South Bend, IN",false,1000,980,0.98,sat math 0.98,"My name is Tom. I started and organize the North Chicago Bitcoin meetup in Long Grove. We meet on the first Saturday of each month at Joanies Pizza, 11:30 am-2 pm. Our first meetup was in November '23 and has grown a lot. I also collaborate with other meetup organizers and the Illinois Bitcoin Council and onboard local businesses to accept bitcoin payments via square.",490,490,0,0,20,
2026-02-09T13:41:45Z,9afc2918883d0b147906abff80d0d58b0e0ae6ba6a5f21907342f4772432e3ad,fountain_boost,Fountain,boost,npub1vpx9596duxdsmx4kwksycm2u4qy0gr6mzg289m52q96gdy97s9zsnkjspj,,PyYiZvwjQw13umitWd3D,001,"Local Bitcoiners • 001. Starting and Growing Meetups | Western MA and South Bend, IN",false,10420,10212,0.98,sat math 0.98,"I’m thankful for the Southwest Michigan meetup, where likeminded humans gather in downtown Benton Harbor on the third Thursday of each month for fellowship and meaningful conversation spanning many domains. I leave inspired to continue building the world I want to see.  Join us if you’re in the area.\n\nhttps://fountain.fm/episode/PyYiZvwjQw13umitWd3D\n\nnostr:nevent1qvzqqqpxqupzpwrxeemtukuzv62esqjgxg4cmaxrs9sgl7j6tdrufuaturv0wea9qqsv4jcjh0kd0f0gy6zuls0daenx954efrrada7mm97wu5m0dh4jkcc7sakcf",5106,5106,0,0,208,
2026-02-08T21:03:26Z,d325e89f36a837b3717c48fdc20c689bb7370049067b552716d8a1eb5b36245b,fountain_boost,Fountain,boost,npub14ktnsqc2hpxqflawce9t4htvc6pvkdgp6xf6tlcujjuswuy324vqfhukks,,PyYiZvwjQw13umitWd3D,001,"Local Bitcoiners • 001. Starting and Growing Meetups | Western MA and South Bend, IN",false,100,98,0.98,sat math 0.98,"New podcast with nostr:npub1f5pre6wl6ad87vr4hr5wppqq30sh58m4p33mthnjreh03qadcajs7gwt3z and nostr:npub1xgyjasdztryl9sg6nfdm2wcj0j3qjs03sq7a0an32pg0lr5l6yaqxhgu7s about local #bitcoin meetups - starting up, what to expect. This is something I've been thinking about attending. I'm in North Wales 🏴󠁧󠁢󠁷󠁬󠁳󠁿 if the power of #asknostr finds anyone on #nostr interested in creating a bitcoin/nostr meetup? 🐑🐏👀\n\nhttps://fountain.fm/episode/PyYiZvwjQw13umitWd3D\n\nnostr:nevent1qvzqqqpxqupzpwrxeemtukuzv62esqjgxg4cmaxrs9sgl7j6tdrufuaturv0wea9qqspkj6pq5x2q68cwyguesm6kx7z4tr5y42cwvjkmk4lkthtnx5aljqckmm7h",49,49,0,0,2,
2026-02-08T18:47:04.393Z,,fountain_stream,Fountain,stream,npub1wurnmeal9cjegaqewyh3pv0l0c7rf3n7sa6tanafe6hz2qgdemdsfyh7qn,,PyYiZvwjQw13umitWd3D,001,"001. Starting and Growing Meetups | Western MA and South Bend, IN",false,220,,,fountain supporters firestore,,108,108,0,0,4,
2026-02-08T13:42:30Z,88f4c599c999b596c6ab632cfe234f25f18d343de11c00a11fa1a2163f878383,fountain_boost,Fountain,boost,npub1va3773umzrydk4vd0q2xsnjg8qrsym7up9j9agnzcxd8u398wulq6kpxey,,PyYiZvwjQw13umitWd3D,001,"Local Bitcoiners • 001. Starting and Growing Meetups | Western MA and South Bend, IN",false,221,217,0.98,sat math 0.98,"Bitcoin Beach Bournemouth (every third Thursday of the month)\n\nNext meeting....⚡🧡THURSDAY 19th February🧡⚡\n\n💊Clinic from 6.30pm (for 1-2-1 help)\n💬Social from 7:30pm\n\n📍The Cog Room @ Modern Times Restaurant - Chaplins Bar\n529 Christchurch Rd, Bournemouth BH1 4AG\n\nBring your sats to spend ⚡ as the venue accepts lightning payments 😎\n\nhttps://fountain.fm/episode/PyYiZvwjQw13umitWd3D\n\nnostr:nevent1qvzqqqpxqupzpwrxeemtukuzv62esqjgxg4cmaxrs9sgl7j6tdrufuaturv0wea9qqswqkxsy6lytt29q6nhp66r8g2ypd7mt6v25d426kdzu5jrx3dj73c7pmv4g",109,108,0,0,4,
2026-02-07T23:11:46Z,0ab309c04a304e2f5259e6cfd690fc6337f4c46e82fcb5c03382e577ea5e9042,fountain_boost,Fountain,boost,,,PyYiZvwjQw13umitWd3D,001,"Local Bitcoiners • 001. Starting and Growing Meetups | Western MA and South Bend, IN",false,1000,980,0.98,sat math 0.98,*no comment with boost*,490,490,0,0,20,
2026-02-06T13:05:59Z,506bad726b0e03b6e4e7ffa2d617cff4262471560303fa8abccf80b3343441a5,fountain_boost,Fountain,boost,npub1h6dm833nvxz8ykmp3me6uf46agyjwgc535jfn6ew5gzl8rmmtxdq4ysge0,,PyYiZvwjQw13umitWd3D,001,"Local Bitcoiners • 001. Starting and Growing Meetups | Western MA and South Bend, IN",false,100,98,0.98,sat math 0.98,Congrats on the first episode. Great signal. Great suggestions. 🫡\n\nhttps://fountain.fm/episode/PyYiZvwjQw13umitWd3D\n\nnostr:nevent1qvzqqqpxqupzpwrxeemtukuzv62esqjgxg4cmaxrs9sgl7j6tdrufuaturv0wea9qqs0h2fwf78vncxq7ww2x0rymzq4wxc4nf7gvfmx42pk69n02rmllsg657xd6,49,49,0,0,2,
2026-02-04T20:55:16Z,33d835de26607edec81ed4fd2d43f1eb16aaf8d106ed64b688afbfb7954e94ed,fountain_boost,Fountain,boost,npub15ymzglvv4alrp06q85eqqmawegxf688v0gtqwhjpgtp0a4k2mesqshkwwx,,PyYiZvwjQw13umitWd3D,001,"Local Bitcoiners • 001. Starting and Growing Meetups | Western MA and South Bend, IN",false,323,317,0.98,sat math 0.98,Most important new pod out there.  Pay attention pioneers.\n#4HPW🎧\n\nhttps://fountain.fm/episode/PyYiZvwjQw13umitWd3D\n\nnostr:nevent1qvzqqqpxqupzpwrxeemtukuzv62esqjgxg4cmaxrs9sgl7j6tdrufuaturv0wea9qqszr4ugnuuklt40y8ctuflr680h7xcul3c39rzqwc6gq3hee3sw2sg7m4ajp,159,158,0,0,6,
2026-02-04T13:18:32Z,9170c153ea58876c8994093b5b13fd40015b63cbb577609d449d757a21e3d429,zap,nostr zaps,zap,npub1df7k9q5d3gthtrhg65m4sec3ll090dfr0fej9ksuluc8dghajudsd74hgh,,,,,true,21,21,1.0,zap receipt,⚡,0,0,21,0,0,0
2026-02-04T12:54:45Z,722ef65e1ed0cb9809e461fce46b56109d93c966f8cb82e7fe2e164709bb7f5c,fountain_boost,Fountain,boost,npub1jr525zmjjg5y99y2kx3r4cwzfcq98ke4kqeh5zpkveyt3gnnfk6sjvxjzt,,PyYiZvwjQw13umitWd3D,001,"Local Bitcoiners • 001. Starting and Growing Meetups | Western MA and South Bend, IN",false,121,119,0.98,sat math 0.98,🫡🍳🥩🍄💪\n\nhttps://fountain.fm/episode/PyYiZvwjQw13umitWd3D\n\nnostr:nevent1qvzqqqpxqupzpwrxeemtukuzv62esqjgxg4cmaxrs9sgl7j6tdrufuaturv0wea9qqsft3qxn567va7c5mhkvcp8npc2uauh7qa3wrl2d4ee942z6say7fswxd8fj,60,59,0,0,2,
2026-02-04T12:47:42Z,4b6e4df774550db00f1bfdaa3bc8b94a6bdaac9f59506ec450153e782b301d8c,fountain_boost,Fountain,boost,npub1hqaz3dlyuhfqhktqchawke39l92jj9nt30dsgh2zvd9z7dv3j3gqpkt56s,,PyYiZvwjQw13umitWd3D,001,"Local Bitcoiners • 001. Starting and Growing Meetups | Western MA and South Bend, IN",false,2424,2376,0.98,sat math 0.98,"Congrats on the first episode, gents. Welcome to the other side of the mic\n\nhttps://fountain.fm/episode/PyYiZvwjQw13umitWd3D\n\nnostr:nevent1qvzqqqpxqupzpwrxeemtukuzv62esqjgxg4cmaxrs9sgl7j6tdrufuaturv0wea9qqs0wnzplu0wxr5pn4uapcyq37pkngqq958nw3pkq33h3eejwm9kaggn2lz2g",1188,1188,0,0,48,
2026-02-04T12:27:15Z,810feddb6138286cb7f6057a4256b986c93e8e1b89583a4db1d176693bccdf55,fountain_boost,Fountain,boost,npub16dvms6kppqgnv9k0murxnp8zyap2y6yem5y2f74sm8dgxfdvtj4syj2dq2,,Q48WBr6nT3mrbwMZ8ydY,,Local Bitcoiners,true,1000,980,0.98,sat math 0.98,The bear market podcast we need,490,490,0,0,20,
2026-02-04T12:18:42Z,b8f7de85cf7f1144e5f64e718c7e72dbe5307106d0de9fca09e0c0a0db7b03e6,fountain_boost,Fountain,boost,npub15a30crwfalkcqrsqu8nyllyykzwcapx7ahujfps8pj6hkm6s4u2s0uzq93,,Q48WBr6nT3mrbwMZ8ydY,,Local Bitcoiners,true,210,206,0.98,sat math 0.98,Welcome to Fountain!\n\nhttps://fountain.fm/show/Q48WBr6nT3mrbwMZ8ydY\n\nnostr:nevent1qvzqqqpxqupzpwrxeemtukuzv62esqjgxg4cmaxrs9sgl7j6tdrufuaturv0wea9qqsdpsc4qycwlaggrddh8zw6rezkj00xclsx4lrf3jmxap9p9huljyq3shhfr,103,103,0,0,4,
2026-02-03T19:41:28Z,8418f90d96849436031a9cd3d3fa4187499b669565bbfddbbdfe6777d91df79a,fountain_boost,Fountain,boost,npub1vvcxpktswmuaqr5a27u3926m036mu43wgev4rsktcntduygdn4estgp5fy,,Q48WBr6nT3mrbwMZ8ydY,,Local Bitcoiners,true,100,98,0.98,sat math 0.98,Bullish on Local Bitcoiners\n\nhttps://fountain.fm/show/Q48WBr6nT3mrbwMZ8ydY\n\nnostr:nevent1qvzqqqpxqupzpwrxeemtukuzv62esqjgxg4cmaxrs9sgl7j6tdrufuaturv0wea9qqsf58dafn2qm9a2kz2m47usp4t6px0nacjcj52aud00fly4aqnuxwg4yqqlk,49,49,0,0,2,
2026-02-02T15:33:02Z,699b7ceeb00e1bbf1247d3678b69408bf82b0cf8f33b8d62d4d04e641c44fe47,zap,nostr zaps,zap,npub1f5pre6wl6ad87vr4hr5wppqq30sh58m4p33mthnjreh03qadcajs7gwt3z,,,,,true,21,21,1.0,zap receipt,,0,0,21,0,0,0
